date,temple,endowments,living,scope,geography
2026-08-07,Accra Ghana Temple,156,2,country,Ghana
2026-08-07,Adelaide Australia Temple,73,1,country,Australia
2026-08-07,Albuquerque New Mexico Temple,145,0,state,New Mexico
2026-08-07,Anchorage Alaska Temple,77,0,state,Alaska
2026-08-07,Antofagasta Chile Temple,60,2,country,Chile
2026-08-07,Apia Samoa Temple,191,3,country,Samoa
2026-08-07,Arequipa Peru Temple,118,3,country,Peru
2026-08-07,Asunción Paraguay Temple,58,0,country,Paraguay
2026-08-07,Atlanta Georgia Temple,132,0,state,Georgia
2026-08-07,Auckland New Zealand Temple,244,0,country,New Zealand
2026-08-07,Bacolod Philippines Temple,154,8,country,Philippines
2026-08-07,Bahía Blanca Argentina Temple,87,0,country,Argentina
2026-08-07,Bangkok Thailand Temple,51,0,country,Thailand
2026-08-07,Barranquilla Colombia Temple,35,0,country,Colombia
2026-08-07,Baton Rouge Louisiana Temple,63,0,state,Louisiana
2026-08-07,Belém Brazil Temple,10,0,country,Brazil
2026-08-07,Bentonville Arkansas Temple,179,1,state,Arkansas
2026-08-07,Bern Switzerland Temple,139,0,country,Switzerland
2026-08-07,Billings Montana Temple,120,1,state,Montana
2026-08-07,Birmingham Alabama Temple,71,1,state,Alabama
2026-08-07,Bogotá Colombia Temple,151,2,country,Colombia
2026-08-07,Boise Idaho Temple,361,2,state,Idaho
2026-08-07,Boston Massachusetts Temple,75,0,state,Massachusetts
2026-08-07,Bountiful Utah Temple,593,8,state,Utah
2026-08-07,Brigham City Utah Temple,376,3,state,Utah
2026-08-07,Brisbane Australia Temple,251,1,country,Australia
2026-08-07,Buenos Aires Argentina Temple,48,2,country,Argentina
2026-08-07,Burley Idaho Temple,374,0,state,Idaho
2026-08-07,Calgary Alberta Temple,164,1,country,Canada
2026-08-07,Campinas Brazil Temple,75,5,country,Brazil
2026-08-07,Cardston Alberta Temple,383,3,country,Canada
2026-08-07,Cedar City Utah Temple,290,3,state,Utah
2026-08-07,Chicago Illinois Temple,147,1,state,Illinois
2026-08-07,Ciudad Juárez Mexico Temple,113,0,country,Mexico
2026-08-07,Cobán Guatemala Temple,47,0,country,Guatemala
2026-08-07,Cochabamba Bolivia Temple,256,8,country,Bolivia
2026-08-07,Colonia Juárez Chihuahua Mexico Temple,10,0,country,Mexico
2026-08-07,Columbia River Washington Temple,197,1,state,Washington
2026-08-07,Columbia South Carolina Temple,117,1,state,South Carolina
2026-08-07,Columbus Ohio Temple,120,3,state,Ohio
2026-08-07,Concepción Chile Temple,89,0,country,Chile
2026-08-07,Copenhagen Denmark Temple,35,1,country,Denmark
2026-08-07,Córdoba Argentina Temple,17,0,country,Argentina
2026-08-07,Dallas Texas Temple,379,4,state,Texas
2026-08-07,Denver Colorado Temple,317,2,state,Colorado
2026-08-07,Deseret Peak Utah Temple,313,4,state,Utah
2026-08-07,Detroit Michigan Temple,108,0,state,Michigan
2026-08-07,Draper Utah Temple,516,10,state,Utah
2026-08-07,Edmonton Alberta Temple,155,1,country,Canada
2026-08-07,Elko Nevada Temple,59,0,state,Nevada
2026-08-07,Farmington New Mexico Temple,185,0,state,New Mexico
2026-08-07,Feather River California Temple,76,0,state,California
2026-08-07,Fort Collins Colorado Temple,133,1,state,Colorado
2026-08-07,Fort Lauderdale Florida Temple,98,1,state,Florida
2026-08-07,Fortaleza Brazil Temple,67,0,country,Brazil
2026-08-07,Frankfurt Germany Temple,145,0,country,Germany
2026-08-07,Freiberg Germany Temple,101,0,country,Germany
2026-08-07,Fresno California Temple,218,4,state,California
2026-08-07,Fukuoka Japan Temple,22,0,country,Japan
2026-08-07,Gilbert Arizona Temple,1026,12,state,Arizona
2026-08-07,Grand Junction Colorado Temple,66,2,state,Colorado
2026-08-07,Guadalajara Mexico Temple,47,1,country,Mexico
2026-08-07,Guayaquil Ecuador Temple,145,3,country,Ecuador
2026-08-07,Halifax Nova Scotia Temple,8,0,country,Canada
2026-08-07,Hamilton New Zealand Temple,124,1,country,New Zealand
2026-08-07,Harare Zimbabwe Temple,74,5,country,Zimbabwe
2026-08-07,Hartford Connecticut Temple,74,0,state,Connecticut
2026-08-07,Helena Montana Temple,87,0,state,Montana
2026-08-07,Helsinki Finland Temple,46,0,country,Finland
2026-08-07,Hermosillo Sonora Mexico Temple,19,0,country,Mexico
2026-08-07,Hong Kong China Temple,88,0,country,Hong Kong
2026-08-07,Houston Texas Temple,342,4,state,Texas
2026-08-07,Idaho Falls Idaho Temple,873,12,state,Idaho
2026-08-07,Indianapolis Indiana Temple,108,0,state,Indiana
2026-08-07,Johannesburg South Africa Temple,121,3,country,South Africa
2026-08-07,Jordan River Utah Temple,1137,8,state,Utah
2026-08-07,Kansas City Missouri Temple,338,3,state,Missouri
2026-08-07,Kinshasa Democratic Republic of the Congo Temple,18,0,country,Democratic Republic of the Congo
2026-08-07,Kyiv Ukraine Temple,0,0,country,Ukraine
2026-08-07,Laie Hawaii Temple,276,7,state,Hawaii
2026-08-07,Las Vegas Nevada Temple,282,1,state,Nevada
2026-08-07,Layton Utah Temple,691,10,state,Utah
2026-08-07,Lima Peru Los Olivos Temple,183,7,country,Peru
2026-08-07,Lima Peru Temple,200,6,country,Peru
2026-08-07,Lindon Utah Temple,805,4,state,Utah
2026-08-07,Lisbon Portugal Temple,76,0,country,Portugal
2026-08-07,Logan Utah Temple,749,6,state,Utah
2026-08-07,London England Temple,114,0,country,United Kingdom
2026-08-07,Los Angeles California Temple,239,3,state,California
2026-08-07,Louisville Kentucky Temple,120,1,state,Kentucky
2026-08-07,Lubbock Texas Temple,62,0,state,Texas
2026-08-07,Madrid Spain Temple,192,4,country,Spain
2026-08-07,Manti Utah Temple,371,5,state,Utah
2026-08-07,McAllen Texas Temple,15,1,state,Texas
2026-08-07,Melbourne Australia Temple,118,1,country,Australia
2026-08-07,Memphis Tennessee Temple,35,1,state,Tennessee
2026-08-07,Mendoza Argentina Temple,82,0,country,Argentina
2026-08-07,Meridian Idaho Temple,446,4,state,Idaho
2026-08-07,Mexico City Mexico Temple,520,5,country,Mexico
2026-08-07,Monterrey Mexico Temple,126,2,country,Mexico
2026-08-07,Montevideo Uruguay Temple,61,0,country,Uruguay
2026-08-07,Montreal Quebec Temple,112,1,country,Canada
2026-08-07,Moses Lake Washington Temple,102,1,state,Washington
2026-08-07,Mount Timpanogos Utah Temple,1078,9,state,Utah
2026-08-07,Mérida Mexico Temple,22,1,country,Mexico
2026-08-07,Nairobi Kenya Temple,10,0,country,Kenya
2026-08-07,Nashville Tennessee Temple,104,0,state,Tennessee
2026-08-07,Nauvoo Illinois Temple,177,0,state,Illinois
2026-08-07,Newport Beach California Temple,317,5,state,California
2026-08-07,Oakland California Temple,149,3,state,California
2026-08-07,Ogden Utah Temple,625,8,state,Utah
2026-08-07,Oklahoma City Oklahoma Temple,91,1,state,Oklahoma
2026-08-07,Oquirrh Mountain Utah Temple,494,5,state,Utah
2026-08-07,Orem Utah Temple,826,8,state,Utah
2026-08-07,Palmyra New York Temple,68,3,state,New York
2026-08-07,Panama City Panama Temple,6,3,country,Panama
2026-08-07,Papeete Tahiti Temple,329,2,country,French Polynesia
2026-08-07,Paris France Temple,104,0,country,France
2026-08-07,Payson Utah Temple,1102,9,state,Utah
2026-08-07,Perth Australia Temple,84,0,country,Australia
2026-08-07,Philadelphia Pennsylvania Temple,69,0,state,Pennsylvania
2026-08-07,Phoenix Arizona Temple,462,3,state,Arizona
2026-08-07,Pittsburgh Pennsylvania Temple,88,0,state,Pennsylvania
2026-08-07,Pocatello Idaho Temple,475,5,state,Idaho
2026-08-07,Port-au-Prince Haiti Temple,2,0,country,Haiti
2026-08-07,Praia Cape Verde Temple,5,1,country,Cape Verde
2026-08-07,Preston England Temple,236,1,country,United Kingdom
2026-08-07,Provo City Center Temple,965,8,state,Utah
2026-08-07,Puebla Mexico Temple,159,2,country,Mexico
2026-08-07,Quetzaltenango Guatemala Temple,48,1,country,Guatemala
2026-08-07,Quito Ecuador Temple,99,6,country,Ecuador
2026-08-07,Raleigh North Carolina Temple,221,5,state,North Carolina
2026-08-07,Recife Brazil Temple,29,0,country,Brazil
2026-08-07,Red Cliffs Utah Temple,627,5,state,Utah
2026-08-07,Redlands California Temple,251,1,state,California
2026-08-07,Regina Saskatchewan Temple,19,0,country,Canada
2026-08-07,Reno Nevada Temple,135,1,state,Nevada
2026-08-07,Rexburg Idaho Temple,690,7,state,Idaho
2026-08-07,Richmond Virginia Temple,148,0,state,Virginia
2026-08-07,Rio de Janeiro Brazil Temple,50,3,country,Brazil
2026-08-07,Rome Italy Temple,49,0,country,Italy
2026-08-07,Sacramento California Temple,237,3,state,California
2026-08-07,Salta Argentina Temple,11,0,country,Argentina
2026-08-07,Salvador Brazil Temple,108,0,country,Brazil
2026-08-07,San Antonio Texas Temple,194,1,state,Texas
2026-08-07,San José Costa Rica Temple,17,0,country,Costa Rica
2026-08-07,San Pedro Sula Honduras Temple,6,0,country,Honduras
2026-08-07,San Salvador El Salvador Temple,35,0,country,El Salvador
2026-08-07,Santiago Chile Temple,315,7,country,Chile
2026-08-07,Santo Domingo Dominican Republic Temple,3,1,country,Dominican Republic
2026-08-07,Sapporo Japan Temple,99,0,country,Japan
2026-08-07,Saratoga Springs Utah Temple,657,9,state,Utah
2026-08-07,Seattle Washington Temple,154,1,state,Washington
2026-08-07,Seoul Korea Temple,47,0,country,South Korea
2026-08-07,Snowflake Arizona Temple,267,2,state,Arizona
2026-08-07,Spokane Washington Temple,220,1,state,Washington
2026-08-07,St. George Utah Temple,537,3,state,Utah
2026-08-07,St. Paul Minnesota Temple,88,2,state,Minnesota
2026-08-07,Star Valley Wyoming Temple,198,0,state,Wyoming
2026-08-07,Suva Fiji Temple,24,0,country,Fiji
2026-08-07,Sydney Australia Temple,74,0,country,Australia
2026-08-07,Syracuse Utah Temple,397,4,state,Utah
2026-08-07,São Paulo Brazil Temple,528,6,country,Brazil
2026-08-07,Taipei Taiwan Temple,68,0,country,Taiwan
2026-08-07,Tallahassee Florida Temple,120,1,state,Florida
2026-08-07,Tampico Mexico Temple,38,3,country,Mexico
2026-08-07,Taylorsville Utah Temple,1013,7,state,Utah
2026-08-07,Tegucigalpa Honduras Temple,30,1,country,Honduras
2026-08-07,The Gila Valley Arizona Temple,176,3,state,Arizona
2026-08-07,The Hague Netherlands Temple,36,0,country,Netherlands
2026-08-07,Tokyo Japan Temple,189,1,country,Japan
2026-08-07,Trujillo Peru Temple,120,7,country,Peru
2026-08-07,Tucson Arizona Temple,246,1,state,Arizona
2026-08-07,Tuxtla Gutiérrez Mexico Temple,0,0,country,Mexico
2026-08-07,Vancouver British Columbia Temple,82,0,country,Canada
2026-08-07,Veracruz Mexico Temple,10,0,country,Mexico
2026-08-07,Vernal Utah Temple,256,0,state,Utah
2026-08-07,Washington D.C. Temple,361,9,state,Maryland
2026-08-07,Willamette Valley Oregon Temple,187,4,state,Oregon
2026-08-07,Winnipeg Manitoba Temple,19,0,country,Canada
2026-08-07,Winter Quarters Nebraska Temple,126,1,state,Nebraska
2026-08-08,Aba Nigeria Temple,18,5,country,Nigeria
2026-08-08,Abidjan Ivory Coast Temple,69,0,country,Ivory Coast
2026-08-08,Accra Ghana Temple,102,8,country,Ghana
2026-08-08,Adelaide Australia Temple,16,0,country,Australia
2026-08-08,Alabang Philippines Temple,214,14,country,Philippines
2026-08-08,Albuquerque New Mexico Temple,171,2,state,New Mexico
2026-08-08,Anchorage Alaska Temple,119,6,state,Alaska
2026-08-08,Antofagasta Chile Temple,119,4,country,Chile
2026-08-08,Apia Samoa Temple,192,2,country,Samoa
2026-08-08,Arequipa Peru Temple,357,11,country,Peru
2026-08-08,Asunción Paraguay Temple,105,8,country,Paraguay
2026-08-08,Atlanta Georgia Temple,241,5,state,Georgia
2026-08-08,Auckland New Zealand Temple,455,6,country,New Zealand
2026-08-08,Bacolod Philippines Temple,160,11,country,Philippines
2026-08-08,Bahía Blanca Argentina Temple,60,0,country,Argentina
2026-08-08,Bangkok Thailand Temple,29,0,country,Thailand
2026-08-08,Barranquilla Colombia Temple,40,0,country,Colombia
2026-08-08,Baton Rouge Louisiana Temple,80,1,state,Louisiana
2026-08-08,Belém Brazil Temple,15,0,country,Brazil
2026-08-08,Bentonville Arkansas Temple,278,8,state,Arkansas
2026-08-08,Bern Switzerland Temple,63,1,country,Switzerland
2026-08-08,Billings Montana Temple,157,5,state,Montana
2026-08-08,Birmingham Alabama Temple,113,2,state,Alabama
2026-08-08,Bogotá Colombia Temple,113,2,country,Colombia
2026-08-08,Boise Idaho Temple,352,4,state,Idaho
2026-08-08,Boston Massachusetts Temple,142,4,state,Massachusetts
2026-08-08,Bountiful Utah Temple,867,23,state,Utah
2026-08-08,Brigham City Utah Temple,397,6,state,Utah
2026-08-08,Brisbane Australia Temple,250,2,country,Australia
2026-08-08,Buenos Aires Argentina Temple,227,4,country,Argentina
2026-08-08,Burley Idaho Temple,294,5,state,Idaho
2026-08-08,Calgary Alberta Temple,195,4,country,Canada
2026-08-08,Campinas Brazil Temple,210,6,country,Brazil
2026-08-08,Caracas Venezuela Temple,64,6,country,Venezuela
2026-08-08,Cardston Alberta Temple,236,6,country,Canada
2026-08-08,Cedar City Utah Temple,232,2,state,Utah
2026-08-08,Chicago Illinois Temple,205,5,state,Illinois
2026-08-08,Ciudad Juárez Mexico Temple,210,2,country,Mexico
2026-08-08,Cobán Guatemala Temple,49,0,country,Guatemala
2026-08-08,Cochabamba Bolivia Temple,158,1,country,Bolivia
2026-08-08,Colonia Juárez Chihuahua Mexico Temple,25,0,country,Mexico
2026-08-08,Columbia River Washington Temple,304,7,state,Washington
2026-08-08,Columbia South Carolina Temple,235,6,state,South Carolina
2026-08-08,Columbus Ohio Temple,113,4,state,Ohio
2026-08-08,Concepción Chile Temple,231,4,country,Chile
2026-08-08,Copenhagen Denmark Temple,72,0,country,Denmark
2026-08-08,Córdoba Argentina Temple,91,3,country,Argentina
2026-08-08,Dallas Texas Temple,697,15,state,Texas
2026-08-08,Davao Philippines Temple,150,6,country,Philippines
2026-08-08,Denver Colorado Temple,346,6,state,Colorado
2026-08-08,Deseret Peak Utah Temple,259,3,state,Utah
2026-08-08,Detroit Michigan Temple,167,6,state,Michigan
2026-08-08,Draper Utah Temple,549,19,state,Utah
2026-08-08,Edmonton Alberta Temple,147,2,country,Canada
2026-08-08,Elko Nevada Temple,71,2,state,Nevada
2026-08-08,Farmington New Mexico Temple,123,2,state,New Mexico
2026-08-08,Feather River California Temple,101,4,state,California
2026-08-08,Fort Collins Colorado Temple,212,5,state,Colorado
2026-08-08,Fort Lauderdale Florida Temple,241,6,state,Florida
2026-08-08,Fortaleza Brazil Temple,246,4,country,Brazil
2026-08-08,Frankfurt Germany Temple,147,0,country,Germany
2026-08-08,Freiberg Germany Temple,82,3,country,Germany
2026-08-08,Fresno California Temple,175,4,state,California
2026-08-08,Fukuoka Japan Temple,73,2,country,Japan
2026-08-08,Gilbert Arizona Temple,1157,21,state,Arizona
2026-08-08,Grand Junction Colorado Temple,96,0,state,Colorado
2026-08-08,Guayaquil Ecuador Temple,327,11,country,Ecuador
2026-08-08,Halifax Nova Scotia Temple,35,0,country,Canada
2026-08-08,Hamilton New Zealand Temple,115,2,country,New Zealand
2026-08-08,Harare Zimbabwe Temple,20,1,country,Zimbabwe
2026-08-08,Hartford Connecticut Temple,71,2,state,Connecticut
2026-08-08,Helena Montana Temple,109,1,state,Montana
2026-08-08,Helsinki Finland Temple,32,0,country,Finland
2026-08-08,Hermosillo Sonora Mexico Temple,94,2,country,Mexico
2026-08-08,Hong Kong China Temple,137,0,country,Hong Kong
2026-08-08,Houston Texas Temple,441,10,state,Texas
2026-08-08,Idaho Falls Idaho Temple,695,16,state,Idaho
2026-08-08,Indianapolis Indiana Temple,162,2,state,Indiana
2026-08-08,Johannesburg South Africa Temple,132,12,country,South Africa
2026-08-08,Jordan River Utah Temple,1299,18,state,Utah
2026-08-08,Kansas City Missouri Temple,274,4,state,Missouri
2026-08-08,Kinshasa Democratic Republic of the Congo Temple,50,0,country,Democratic Republic of the Congo
2026-08-08,Kyiv Ukraine Temple,0,0,country,Ukraine
2026-08-08,Laie Hawaii Temple,260,3,state,Hawaii
2026-08-08,Las Vegas Nevada Temple,525,16,state,Nevada
2026-08-08,Layton Utah Temple,744,21,state,Utah
2026-08-08,Lima Peru Los Olivos Temple,318,13,country,Peru
2026-08-08,Lima Peru Temple,294,12,country,Peru
2026-08-08,Lindon Utah Temple,859,12,state,Utah
2026-08-08,Lisbon Portugal Temple,165,2,country,Portugal
2026-08-08,Logan Utah Temple,1030,18,state,Utah
2026-08-08,London England Temple,185,1,country,United Kingdom
2026-08-08,Los Angeles California Temple,492,17,state,California
2026-08-08,Louisville Kentucky Temple,126,3,state,Kentucky
2026-08-08,Lubbock Texas Temple,126,1,state,Texas
2026-08-08,Madrid Spain Temple,283,9,country,Spain
2026-08-08,Manila Philippines Temple,168,12,country,Philippines
2026-08-08,Manti Utah Temple,396,5,state,Utah
2026-08-08,McAllen Texas Temple,78,3,state,Texas
2026-08-08,Melbourne Australia Temple,161,1,country,Australia
2026-08-08,Memphis Tennessee Temple,109,3,state,Tennessee
2026-08-08,Mendoza Argentina Temple,174,8,country,Argentina
2026-08-08,Meridian Idaho Temple,598,16,state,Idaho
2026-08-08,Mexico City Mexico Temple,931,23,country,Mexico
2026-08-08,Monterrey Mexico Temple,312,14,country,Mexico
2026-08-08,Montevideo Uruguay Temple,203,3,country,Uruguay
2026-08-08,Montreal Quebec Temple,103,1,country,Canada
2026-08-08,Moses Lake Washington Temple,140,4,state,Washington
2026-08-08,Mount Timpanogos Utah Temple,1295,25,state,Utah
2026-08-08,Nairobi Kenya Temple,23,1,country,Kenya
2026-08-08,Nashville Tennessee Temple,139,3,state,Tennessee
2026-08-08,Nauvoo Illinois Temple,241,5,state,Illinois
2026-08-08,Newport Beach California Temple,447,11,state,California
2026-08-08,Oakland California Temple,426,15,state,California
2026-08-08,Ogden Utah Temple,674,13,state,Utah
2026-08-08,Oklahoma City Oklahoma Temple,148,4,state,Oklahoma
2026-08-08,Oquirrh Mountain Utah Temple,763,20,state,Utah
2026-08-08,Orem Utah Temple,850,15,state,Utah
2026-08-08,Palmyra New York Temple,109,6,state,New York
2026-08-08,Panama City Panama Temple,14,1,country,Panama
2026-08-08,Papeete Tahiti Temple,290,5,country,French Polynesia
2026-08-08,Paris France Temple,141,1,country,France
2026-08-08,Payson Utah Temple,1053,19,state,Utah
2026-08-08,Perth Australia Temple,80,1,country,Australia
2026-08-08,Philadelphia Pennsylvania Temple,163,3,state,Pennsylvania
2026-08-08,Phoenix Arizona Temple,458,13,state,Arizona
2026-08-08,Pittsburgh Pennsylvania Temple,82,1,state,Pennsylvania
2026-08-08,Pocatello Idaho Temple,563,12,state,Idaho
2026-08-08,Port-au-Prince Haiti Temple,5,1,country,Haiti
2026-08-08,Praia Cape Verde Temple,7,0,country,Cape Verde
2026-08-08,Preston England Temple,155,1,country,United Kingdom
2026-08-08,Provo City Center Temple,1194,14,state,Utah
2026-08-08,Puebla Mexico Temple,310,8,country,Mexico
2026-08-08,Quetzaltenango Guatemala Temple,38,3,country,Guatemala
2026-08-08,Quito Ecuador Temple,119,8,country,Ecuador
2026-08-08,Raleigh North Carolina Temple,199,7,state,North Carolina
2026-08-08,Recife Brazil Temple,157,3,country,Brazil
2026-08-08,Red Cliffs Utah Temple,751,15,state,Utah
2026-08-08,Redlands California Temple,353,3,state,California
2026-08-08,Regina Saskatchewan Temple,16,0,country,Canada
2026-08-08,Reno Nevada Temple,103,2,state,Nevada
2026-08-08,Rexburg Idaho Temple,835,9,state,Idaho
2026-08-08,Richmond Virginia Temple,207,4,state,Virginia
2026-08-08,Rio de Janeiro Brazil Temple,211,2,country,Brazil
2026-08-08,Rome Italy Temple,100,0,country,Italy
2026-08-08,Sacramento California Temple,202,5,state,California
2026-08-08,Salta Argentina Temple,7,1,country,Argentina
2026-08-08,Salvador Brazil Temple,171,2,country,Brazil
2026-08-08,San Antonio Texas Temple,308,6,state,Texas
2026-08-08,San José Costa Rica Temple,106,1,country,Costa Rica
2026-08-08,San Pedro Sula Honduras Temple,119,20,country,Honduras
2026-08-08,San Salvador El Salvador Temple,217,3,country,El Salvador
2026-08-08,Santiago Chile Temple,371,8,country,Chile
2026-08-08,Santo Domingo Dominican Republic Temple,53,6,country,Dominican Republic
2026-08-08,Sapporo Japan Temple,93,1,country,Japan
2026-08-08,Saratoga Springs Utah Temple,701,14,state,Utah
2026-08-08,Seattle Washington Temple,368,12,state,Washington
2026-08-08,Seoul Korea Temple,315,2,country,South Korea
2026-08-08,Snowflake Arizona Temple,208,4,state,Arizona
2026-08-08,Spokane Washington Temple,245,5,state,Washington
2026-08-08,St. George Utah Temple,677,14,state,Utah
2026-08-08,St. Paul Minnesota Temple,108,1,state,Minnesota
2026-08-08,Star Valley Wyoming Temple,106,3,state,Wyoming
2026-08-08,Suva Fiji Temple,59,1,country,Fiji
2026-08-08,Sydney Australia Temple,130,3,country,Australia
2026-08-08,Syracuse Utah Temple,441,8,state,Utah
2026-08-08,São Paulo Brazil Temple,665,13,country,Brazil
2026-08-08,Taipei Taiwan Temple,188,6,country,Taiwan
2026-08-08,Tallahassee Florida Temple,274,8,state,Florida
2026-08-08,Tampico Mexico Temple,131,2,country,Mexico
2026-08-08,Taylorsville Utah Temple,1051,15,state,Utah
2026-08-08,Tegucigalpa Honduras Temple,73,4,country,Honduras
2026-08-08,The Gila Valley Arizona Temple,187,3,state,Arizona
2026-08-08,The Hague Netherlands Temple,56,0,country,Netherlands
2026-08-08,Tokyo Japan Temple,324,0,country,Japan
2026-08-08,Trujillo Peru Temple,189,5,country,Peru
2026-08-08,Tucson Arizona Temple,266,4,state,Arizona
2026-08-08,Tuxtla Gutiérrez Mexico Temple,6,1,country,Mexico
2026-08-08,Vancouver British Columbia Temple,120,1,country,Canada
2026-08-08,Veracruz Mexico Temple,59,0,country,Mexico
2026-08-08,Vernal Utah Temple,294,2,state,Utah
2026-08-08,Washington D.C. Temple,646,14,state,Maryland
2026-08-08,Willamette Valley Oregon Temple,135,2,state,Oregon
2026-08-08,Winnipeg Manitoba Temple,18,0,country,Canada
2026-08-08,Winter Quarters Nebraska Temple,137,1,state,Nebraska
2026-08-10,Mount Timpanogos Utah Temple,396,3,state,Utah
2026-08-11,Aba Nigeria Temple,10,2,country,Nigeria
2026-08-11,Abidjan Ivory Coast Temple,79,4,country,Ivory Coast
2026-08-11,Accra Ghana Temple,151,19,country,Ghana
2026-08-11,Alabang Philippines Temple,24,1,country,Philippines
2026-08-11,Albuquerque New Mexico Temple,99,0,state,New Mexico
2026-08-11,Anchorage Alaska Temple,77,1,state,Alaska
2026-08-11,Apia Samoa Temple,227,13,country,Samoa
2026-08-11,Arequipa Peru Temple,21,1,country,Peru
2026-08-11,Atlanta Georgia Temple,162,1,state,Georgia
2026-08-11,Auckland New Zealand Temple,303,2,country,New Zealand
2026-08-11,Bacolod Philippines Temple,78,2,country,Philippines
2026-08-11,Bangkok Thailand Temple,53,1,country,Thailand
2026-08-11,Barranquilla Colombia Temple,7,0,country,Colombia
2026-08-11,Baton Rouge Louisiana Temple,13,0,state,Louisiana
2026-08-11,Belém Brazil Temple,10,1,country,Brazil
2026-08-11,Bentonville Arkansas Temple,155,1,state,Arkansas
2026-08-11,Bern Switzerland Temple,143,0,country,Switzerland
2026-08-11,Billings Montana Temple,134,0,state,Montana
2026-08-11,Birmingham Alabama Temple,35,0,state,Alabama
2026-08-11,Bogotá Colombia Temple,26,1,country,Colombia
2026-08-11,Boise Idaho Temple,482,0,state,Idaho
2026-08-11,Boston Massachusetts Temple,158,3,state,Massachusetts
2026-08-11,Bountiful Utah Temple,925,15,state,Utah
2026-08-11,Brigham City Utah Temple,454,2,state,Utah
2026-08-11,Brisbane Australia Temple,110,1,country,Australia
2026-08-11,Buenos Aires Argentina Temple,97,0,country,Argentina
2026-08-11,Burley Idaho Temple,359,2,state,Idaho
2026-08-11,Calgary Alberta Temple,203,3,country,Canada
2026-08-11,Campinas Brazil Temple,55,0,country,Brazil
2026-08-11,Caracas Venezuela Temple,3,0,country,Venezuela
2026-08-11,Cardston Alberta Temple,460,2,country,Canada
2026-08-11,Cedar City Utah Temple,469,3,state,Utah
2026-08-11,Cochabamba Bolivia Temple,52,0,country,Bolivia
2026-08-11,Colonia Juárez Chihuahua Mexico Temple,36,0,country,Mexico
2026-08-11,Columbia River Washington Temple,243,1,state,Washington
2026-08-11,Columbia South Carolina Temple,178,1,state,South Carolina
2026-08-11,Columbus Ohio Temple,112,2,state,Ohio
2026-08-11,Concepción Chile Temple,29,0,country,Chile
2026-08-11,Copenhagen Denmark Temple,19,0,country,Denmark
2026-08-11,Córdoba Argentina Temple,22,1,country,Argentina
2026-08-11,Dallas Texas Temple,302,2,state,Texas
2026-08-11,Davao Philippines Temple,89,2,country,Philippines
2026-08-11,Denver Colorado Temple,332,1,state,Colorado
2026-08-11,Deseret Peak Utah Temple,370,4,state,Utah
2026-08-11,Detroit Michigan Temple,34,0,state,Michigan
2026-08-11,Draper Utah Temple,580,7,state,Utah
2026-08-11,Feather River California Temple,75,2,state,California
2026-08-11,Fort Collins Colorado Temple,122,1,state,Colorado
2026-08-11,Fort Lauderdale Florida Temple,27,2,state,Florida
2026-08-11,Fortaleza Brazil Temple,74,2,country,Brazil
2026-08-11,Frankfurt Germany Temple,25,0,country,Germany
2026-08-11,Freiberg Germany Temple,60,2,country,Germany
2026-08-11,Fresno California Temple,175,2,state,California
2026-08-11,Gilbert Arizona Temple,989,10,state,Arizona
2026-08-11,Grand Junction Colorado Temple,58,0,state,Colorado
2026-08-11,Guadalajara Mexico Temple,6,0,country,Mexico
2026-08-11,Guayaquil Ecuador Temple,96,2,country,Ecuador
2026-08-11,Hamilton New Zealand Temple,161,0,country,New Zealand
2026-08-11,Helena Montana Temple,74,0,state,Montana
2026-08-11,Hermosillo Sonora Mexico Temple,40,0,country,Mexico
2026-08-11,Hong Kong China Temple,110,0,country,Hong Kong
2026-08-11,Houston Texas Temple,312,2,state,Texas
2026-08-11,Idaho Falls Idaho Temple,1216,10,state,Idaho
2026-08-11,Indianapolis Indiana Temple,43,0,state,Indiana
2026-08-11,Johannesburg South Africa Temple,86,17,country,South Africa
2026-08-11,Jordan River Utah Temple,1669,10,state,Utah
2026-08-11,Kansas City Missouri Temple,245,2,state,Missouri
2026-08-11,Kinshasa Democratic Republic of the Congo Temple,99,21,country,Democratic Republic of the Congo
2026-08-11,Laie Hawaii Temple,233,0,state,Hawaii
2026-08-11,Las Vegas Nevada Temple,368,1,state,Nevada
2026-08-11,Layton Utah Temple,776,8,state,Utah
2026-08-11,Lima Peru Los Olivos Temple,111,3,country,Peru
2026-08-11,Lima Peru Temple,85,2,country,Peru
2026-08-11,Lindon Utah Temple,868,6,state,Utah
2026-08-11,Logan Utah Temple,1176,9,state,Utah
2026-08-11,London England Temple,98,1,country,United Kingdom
2026-08-11,Louisville Kentucky Temple,84,0,state,Kentucky
2026-08-11,Lubbock Texas Temple,47,0,state,Texas
2026-08-11,Madrid Spain Temple,207,2,country,Spain
2026-08-11,Manila Philippines Temple,43,2,country,Philippines
2026-08-11,Manti Utah Temple,489,6,state,Utah
2026-08-11,Melbourne Australia Temple,66,0,country,Australia
2026-08-11,Meridian Idaho Temple,502,9,state,Idaho
2026-08-11,Mexico City Mexico Temple,165,6,country,Mexico
2026-08-11,Monterrey Mexico Temple,75,1,country,Mexico
2026-08-11,Monticello Utah Temple,104,0,state,Utah
2026-08-11,Moses Lake Washington Temple,120,0,state,Washington
2026-08-11,Mount Timpanogos Utah Temple,1593,11,state,Utah
2026-08-11,Nairobi Kenya Temple,13,4,country,Kenya
2026-08-11,Nashville Tennessee Temple,46,1,state,Tennessee
2026-08-11,Nauvoo Illinois Temple,123,2,state,Illinois
2026-08-11,Newport Beach California Temple,350,3,state,California
2026-08-11,Nuku'alofa Tonga Temple,156,2,country,Tonga
2026-08-11,Oakland California Temple,179,3,state,California
2026-08-11,Ogden Utah Temple,953,8,state,Utah
2026-08-11,Oklahoma City Oklahoma Temple,81,0,state,Oklahoma
2026-08-11,Oquirrh Mountain Utah Temple,719,10,state,Utah
2026-08-11,Orem Utah Temple,884,8,state,Utah
2026-08-11,Palmyra New York Temple,102,0,state,New York
2026-08-11,Papeete Tahiti Temple,215,1,country,French Polynesia
2026-08-11,Paris France Temple,150,1,country,France
2026-08-11,Payson Utah Temple,1289,9,state,Utah
2026-08-11,Phoenix Arizona Temple,313,0,state,Arizona
2026-08-11,Pocatello Idaho Temple,655,4,state,Idaho
2026-08-11,Port-au-Prince Haiti Temple,3,0,country,Haiti
2026-08-11,Portland Oregon Temple,443,7,state,Oregon
2026-08-11,Provo City Center Temple,1089,8,state,Utah
2026-08-11,Puebla Mexico Temple,161,3,country,Mexico
2026-08-11,Quetzaltenango Guatemala Temple,0,0,country,Guatemala
2026-08-11,Quito Ecuador Temple,51,3,country,Ecuador
2026-08-11,Raleigh North Carolina Temple,185,3,state,North Carolina
2026-08-11,Recife Brazil Temple,36,0,country,Brazil
2026-08-11,Red Cliffs Utah Temple,598,2,state,Utah
2026-08-11,Redlands California Temple,302,0,state,California
2026-08-11,Reno Nevada Temple,126,1,state,Nevada
2026-08-11,Richmond Virginia Temple,90,1,state,Virginia
2026-08-11,Rio de Janeiro Brazil Temple,25,0,country,Brazil
2026-08-11,Rome Italy Temple,71,0,country,Italy
2026-08-11,Sacramento California Temple,250,2,state,California
2026-08-11,Salvador Brazil Temple,68,4,country,Brazil
2026-08-11,San Antonio Texas Temple,202,3,state,Texas
2026-08-11,San Pedro Sula Honduras Temple,23,1,country,Honduras
2026-08-11,San Salvador El Salvador Temple,49,1,country,El Salvador
2026-08-11,Santo Domingo Dominican Republic Temple,34,6,country,Dominican Republic
2026-08-11,Saratoga Springs Utah Temple,590,8,state,Utah
2026-08-11,Seattle Washington Temple,207,5,state,Washington
2026-08-11,Seoul Korea Temple,79,0,country,South Korea
2026-08-11,Snowflake Arizona Temple,342,2,state,Arizona
2026-08-11,Spokane Washington Temple,294,2,state,Washington
2026-08-11,St. George Utah Temple,768,7,state,Utah
2026-08-11,St. Paul Minnesota Temple,102,2,state,Minnesota
2026-08-11,Star Valley Wyoming Temple,246,1,state,Wyoming
2026-08-11,Suva Fiji Temple,21,0,country,Fiji
2026-08-11,Sydney Australia Temple,104,1,country,Australia
2026-08-11,Syracuse Utah Temple,528,7,state,Utah
2026-08-11,Taipei Taiwan Temple,64,1,country,Taiwan
2026-08-11,Tallahassee Florida Temple,145,3,state,Florida
2026-08-11,Taylorsville Utah Temple,1075,4,state,Utah
2026-08-11,Tegucigalpa Honduras Temple,46,3,country,Honduras
2026-08-11,The Gila Valley Arizona Temple,150,0,state,Arizona
2026-08-11,Tokyo Japan Temple,87,1,country,Japan
2026-08-11,Trujillo Peru Temple,39,0,country,Peru
2026-08-11,Tucson Arizona Temple,157,1,state,Arizona
2026-08-11,Urdaneta Philippines Temple,258,3,country,Philippines
2026-08-11,Vancouver British Columbia Temple,115,0,country,Canada
2026-08-11,Vernal Utah Temple,361,1,state,Utah
2026-08-11,Washington D.C. Temple,87,2,state,Maryland
2026-08-11,Winter Quarters Nebraska Temple,63,1,state,Nebraska
2026-08-12,Aba Nigeria Temple,5,1,country,Nigeria
2026-08-12,Abidjan Ivory Coast Temple,51,0,country,Ivory Coast
2026-08-12,Accra Ghana Temple,174,0,country,Ghana
2026-08-12,Adelaide Australia Temple,52,0,country,Australia
2026-08-12,Alabang Philippines Temple,46,3,country,Philippines
2026-08-12,Albuquerque New Mexico Temple,132,2,state,New Mexico
2026-08-12,Anchorage Alaska Temple,140,2,state,Alaska
2026-08-12,Antofagasta Chile Temple,34,0,country,Chile
2026-08-12,Apia Samoa Temple,231,3,country,Samoa
2026-08-12,Arequipa Peru Temple,6,1,country,Peru
2026-08-12,Asunción Paraguay Temple,6,0,country,Paraguay
2026-08-12,Atlanta Georgia Temple,122,1,state,Georgia
2026-08-12,Auckland New Zealand Temple,278,2,country,New Zealand
2026-08-12,Bacolod Philippines Temple,80,4,country,Philippines
2026-08-12,Bangkok Thailand Temple,85,1,country,Thailand
2026-08-12,Baton Rouge Louisiana Temple,63,1,state,Louisiana
2026-08-12,Belém Brazil Temple,6,0,country,Brazil
2026-08-12,Bentonville Arkansas Temple,179,1,state,Arkansas
2026-08-12,Bern Switzerland Temple,118,0,country,Switzerland
2026-08-12,Billings Montana Temple,68,0,state,Montana
2026-08-12,Birmingham Alabama Temple,74,0,state,Alabama
2026-08-12,Bogotá Colombia Temple,50,1,country,Colombia
2026-08-12,Boise Idaho Temple,395,1,state,Idaho
2026-08-12,Boston Massachusetts Temple,169,5,state,Massachusetts
2026-08-12,Bountiful Utah Temple,651,8,state,Utah
2026-08-12,Brigham City Utah Temple,428,5,state,Utah
2026-08-12,Brisbane Australia Temple,224,1,country,Australia
2026-08-12,Buenos Aires Argentina Temple,26,0,country,Argentina
2026-08-12,Burley Idaho Temple,358,2,state,Idaho
2026-08-12,Calgary Alberta Temple,152,2,country,Canada
2026-08-12,Campinas Brazil Temple,51,0,country,Brazil
2026-08-12,Caracas Venezuela Temple,14,1,country,Venezuela
2026-08-12,Cardston Alberta Temple,355,4,country,Canada
2026-08-12,Cedar City Utah Temple,434,4,state,Utah
2026-08-12,Chicago Illinois Temple,82,0,state,Illinois
2026-08-12,Ciudad Juárez Mexico Temple,27,0,country,Mexico
2026-08-12,Cobán Guatemala Temple,27,0,country,Guatemala
2026-08-12,Cochabamba Bolivia Temple,106,2,country,Bolivia
2026-08-12,Colonia Juárez Chihuahua Mexico Temple,11,0,country,Mexico
2026-08-12,Columbia River Washington Temple,207,3,state,Washington
2026-08-12,Columbia South Carolina Temple,191,0,state,South Carolina
2026-08-12,Columbus Ohio Temple,99,3,state,Ohio
2026-08-12,Concepción Chile Temple,80,0,country,Chile
2026-08-12,Copenhagen Denmark Temple,62,0,country,Denmark
2026-08-12,Córdoba Argentina Temple,9,0,country,Argentina
2026-08-12,Dallas Texas Temple,299,2,state,Texas
2026-08-12,Davao Philippines Temple,89,2,country,Philippines
2026-08-12,Denver Colorado Temple,246,1,state,Colorado
2026-08-12,Deseret Peak Utah Temple,312,1,state,Utah
2026-08-12,Detroit Michigan Temple,17,0,state,Michigan
2026-08-12,Draper Utah Temple,575,6,state,Utah
2026-08-12,Elko Nevada Temple,56,0,state,Nevada
2026-08-12,Farmington New Mexico Temple,128,1,state,New Mexico
2026-08-12,Feather River California Temple,51,0,state,California
2026-08-12,Fort Collins Colorado Temple,105,1,state,Colorado
2026-08-12,Fort Lauderdale Florida Temple,14,0,state,Florida
2026-08-12,Fortaleza Brazil Temple,54,0,country,Brazil
2026-08-12,Frankfurt Germany Temple,132,1,country,Germany
2026-08-12,Freiberg Germany Temple,45,0,country,Germany
2026-08-12,Fresno California Temple,102,2,state,California
2026-08-12,Gilbert Arizona Temple,919,10,state,Arizona
2026-08-12,Grand Junction Colorado Temple,82,0,state,Colorado
2026-08-12,Guadalajara Mexico Temple,6,0,country,Mexico
2026-08-12,Guayaquil Ecuador Temple,26,1,country,Ecuador
2026-08-12,Hamilton New Zealand Temple,126,1,country,New Zealand
2026-08-12,Harare Zimbabwe Temple,78,8,country,Zimbabwe
2026-08-12,Hartford Connecticut Temple,42,3,state,Connecticut
2026-08-12,Helena Montana Temple,70,0,state,Montana
2026-08-12,Helsinki Finland Temple,83,2,country,Finland
2026-08-12,Hong Kong China Temple,103,2,country,Hong Kong
2026-08-12,Houston Texas Temple,241,0,state,Texas
2026-08-12,Idaho Falls Idaho Temple,1082,11,state,Idaho
2026-08-12,Indianapolis Indiana Temple,114,0,state,Indiana
2026-08-12,Johannesburg South Africa Temple,99,1,country,South Africa
2026-08-12,Jordan River Utah Temple,1364,8,state,Utah
2026-08-12,Kansas City Missouri Temple,228,1,state,Missouri
2026-08-12,Kinshasa Democratic Republic of the Congo Temple,83,17,country,Democratic Republic of the Congo
2026-08-12,Kyiv Ukraine Temple,1,0,country,Ukraine
2026-08-12,Laie Hawaii Temple,226,5,state,Hawaii
2026-08-12,Las Vegas Nevada Temple,340,5,state,Nevada
2026-08-12,Layton Utah Temple,605,7,state,Utah
2026-08-12,Lima Peru Los Olivos Temple,108,1,country,Peru
2026-08-12,Lima Peru Temple,48,0,country,Peru
2026-08-12,Lindon Utah Temple,878,4,state,Utah
2026-08-12,Lisbon Portugal Temple,44,0,country,Portugal
2026-08-12,Logan Utah Temple,1135,5,state,Utah
2026-08-12,London England Temple,79,0,country,United Kingdom
2026-08-12,Los Angeles California Temple,44,0,state,California
2026-08-12,Louisville Kentucky Temple,51,0,state,Kentucky
2026-08-12,Lubbock Texas Temple,38,0,state,Texas
2026-08-12,Madrid Spain Temple,152,1,country,Spain
2026-08-12,Manila Philippines Temple,102,6,country,Philippines
2026-08-12,Manti Utah Temple,430,5,state,Utah
2026-08-12,McAllen Texas Temple,75,0,state,Texas
2026-08-12,Melbourne Australia Temple,123,0,country,Australia
2026-08-12,Mendoza Argentina Temple,19,0,country,Argentina
2026-08-12,Meridian Idaho Temple,355,1,state,Idaho
2026-08-12,Mexico City Mexico Temple,203,10,country,Mexico
2026-08-12,Monterrey Mexico Temple,24,0,country,Mexico
2026-08-12,Montevideo Uruguay Temple,34,1,country,Uruguay
2026-08-12,Monticello Utah Temple,72,0,state,Utah
2026-08-12,Montreal Quebec Temple,25,0,country,Canada
2026-08-12,Moses Lake Washington Temple,81,2,state,Washington
2026-08-12,Mount Timpanogos Utah Temple,1228,7,state,Utah
2026-08-12,Mérida Mexico Temple,12,1,country,Mexico
2026-08-12,Nairobi Kenya Temple,8,2,country,Kenya
2026-08-12,Nashville Tennessee Temple,152,0,state,Tennessee
2026-08-12,Nauvoo Illinois Temple,115,0,state,Illinois
2026-08-12,Newport Beach California Temple,293,2,state,California
2026-08-12,Nuku'alofa Tonga Temple,105,0,country,Tonga
2026-08-12,Oakland California Temple,190,0,state,California
2026-08-12,Oaxaca Mexico Temple,2,0,country,Mexico
2026-08-12,Ogden Utah Temple,692,5,state,Utah
2026-08-12,Oklahoma City Oklahoma Temple,83,0,state,Oklahoma
2026-08-12,Oquirrh Mountain Utah Temple,617,7,state,Utah
2026-08-12,Orem Utah Temple,788,6,state,Utah
2026-08-12,Palmyra New York Temple,77,1,state,New York
2026-08-12,Panama City Panama Temple,25,5,country,Panama
2026-08-12,Papeete Tahiti Temple,158,1,country,French Polynesia
2026-08-12,Paris France Temple,121,0,country,France
2026-08-12,Payson Utah Temple,1099,6,state,Utah
2026-08-12,Perth Australia Temple,90,0,country,Australia
2026-08-12,Philadelphia Pennsylvania Temple,22,0,state,Pennsylvania
2026-08-12,Phoenix Arizona Temple,287,0,state,Arizona
2026-08-12,Pocatello Idaho Temple,401,0,state,Idaho
2026-08-12,Portland Oregon Temple,254,0,state,Oregon
2026-08-12,Praia Cape Verde Temple,5,2,country,Cape Verde
2026-08-12,Preston England Temple,333,1,country,United Kingdom
2026-08-12,Provo City Center Temple,935,5,state,Utah
2026-08-12,Puebla Mexico Temple,115,1,country,Mexico
2026-08-12,Quetzaltenango Guatemala Temple,1,0,country,Guatemala
2026-08-12,Quito Ecuador Temple,38,0,country,Ecuador
2026-08-12,Raleigh North Carolina Temple,181,1,state,North Carolina
2026-08-12,Recife Brazil Temple,14,0,country,Brazil
2026-08-12,Red Cliffs Utah Temple,600,0,state,Utah
2026-08-12,Redlands California Temple,217,0,state,California
2026-08-12,Reno Nevada Temple,92,1,state,Nevada
2026-08-12,Richmond Virginia Temple,256,2,state,Virginia
2026-08-12,Rio de Janeiro Brazil Temple,4,0,country,Brazil
2026-08-12,Rome Italy Temple,74,1,country,Italy
2026-08-12,Sacramento California Temple,165,1,state,California
2026-08-12,Salta Argentina Temple,15,1,country,Argentina
2026-08-12,Salvador Brazil Temple,49,0,country,Brazil
2026-08-12,San Antonio Texas Temple,193,2,state,Texas
2026-08-12,San José Costa Rica Temple,59,0,country,Costa Rica
2026-08-12,San Pedro Sula Honduras Temple,29,1,country,Honduras
2026-08-12,San Salvador El Salvador Temple,15,0,country,El Salvador
2026-08-12,Santo Domingo Dominican Republic Temple,43,1,country,Dominican Republic
2026-08-12,Sapporo Japan Temple,27,0,country,Japan
2026-08-12,Saratoga Springs Utah Temple,714,10,state,Utah
2026-08-12,Seattle Washington Temple,142,4,state,Washington
2026-08-12,Seoul Korea Temple,81,0,country,South Korea
2026-08-12,Snowflake Arizona Temple,281,0,state,Arizona
2026-08-12,Spokane Washington Temple,232,0,state,Washington
2026-08-12,St. George Utah Temple,625,4,state,Utah
2026-08-12,St. Paul Minnesota Temple,65,0,state,Minnesota
2026-08-12,Star Valley Wyoming Temple,185,1,state,Wyoming
2026-08-12,Suva Fiji Temple,64,21,country,Fiji
2026-08-12,Sydney Australia Temple,62,0,country,Australia
2026-08-12,Syracuse Utah Temple,428,4,state,Utah
2026-08-12,Taipei Taiwan Temple,75,1,country,Taiwan
2026-08-12,Tallahassee Florida Temple,43,1,state,Florida
2026-08-12,Taylorsville Utah Temple,951,6,state,Utah
2026-08-12,Tegucigalpa Honduras Temple,4,0,country,Honduras
2026-08-12,The Gila Valley Arizona Temple,159,1,state,Arizona
2026-08-12,Tokyo Japan Temple,54,0,country,Japan
2026-08-12,Trujillo Peru Temple,42,0,country,Peru
2026-08-12,Tucson Arizona Temple,129,1,state,Arizona
2026-08-12,Tuxtla Gutiérrez Mexico Temple,0,0,country,Mexico
2026-08-12,Urdaneta Philippines Temple,260,12,country,Philippines
2026-08-12,Vancouver British Columbia Temple,94,1,country,Canada
2026-08-12,Veracruz Mexico Temple,9,0,country,Mexico
2026-08-12,Vernal Utah Temple,326,1,state,Utah
2026-08-12,Washington D.C. Temple,86,1,state,Maryland
2026-08-12,Willamette Valley Oregon Temple,186,0,state,Oregon
2026-08-12,Winter Quarters Nebraska Temple,115,1,state,Nebraska
2026-08-13,Aba Nigeria Temple,58,18,country,Nigeria
2026-08-13,Abidjan Ivory Coast Temple,37,0,country,Ivory Coast
2026-08-13,Accra Ghana Temple,157,3,country,Ghana
2026-08-13,Adelaide Australia Temple,58,1,country,Australia
2026-08-13,Alabang Philippines Temple,70,4,country,Philippines
2026-08-13,Albuquerque New Mexico Temple,122,0,state,New Mexico
2026-08-13,Anchorage Alaska Temple,83,1,state,Alaska
2026-08-13,Antofagasta Chile Temple,95,0,country,Chile
2026-08-13,Apia Samoa Temple,364,3,country,Samoa
2026-08-13,Arequipa Peru Temple,7,0,country,Peru
2026-08-13,Asunción Paraguay Temple,56,1,country,Paraguay
2026-08-13,Atlanta Georgia Temple,169,1,state,Georgia
2026-08-13,Auckland New Zealand Temple,246,0,country,New Zealand
2026-08-13,Bacolod Philippines Temple,120,0,country,Philippines
2026-08-13,Bahía Blanca Argentina Temple,42,1,country,Argentina
2026-08-13,Bangkok Thailand Temple,43,1,country,Thailand
2026-08-13,Barranquilla Colombia Temple,2,0,country,Colombia
2026-08-13,Baton Rouge Louisiana Temple,16,0,state,Louisiana
2026-08-13,Belém Brazil Temple,39,0,country,Brazil
2026-08-13,Bentonville Arkansas Temple,211,0,state,Arkansas
2026-08-13,Bern Switzerland Temple,124,1,country,Switzerland
2026-08-13,Billings Montana Temple,97,2,state,Montana
2026-08-13,Birmingham Alabama Temple,26,0,state,Alabama
2026-08-13,Bogotá Colombia Temple,44,1,country,Colombia
2026-08-13,Boise Idaho Temple,497,2,state,Idaho
2026-08-13,Bountiful Utah Temple,851,2,state,Utah
2026-08-13,Brigham City Utah Temple,406,2,state,Utah
2026-08-13,Brisbane Australia Temple,224,0,country,Australia
2026-08-13,Buenos Aires Argentina Temple,35,0,country,Argentina
2026-08-13,Calgary Alberta Temple,213,0,country,Canada
2026-08-13,Campinas Brazil Temple,85,1,country,Brazil
2026-08-13,Caracas Venezuela Temple,13,1,country,Venezuela
2026-08-13,Cardston Alberta Temple,425,2,country,Canada
2026-08-13,Cedar City Utah Temple,344,2,state,Utah
2026-08-13,Chicago Illinois Temple,63,0,state,Illinois
2026-08-13,Ciudad Juárez Mexico Temple,19,0,country,Mexico
2026-08-13,Cochabamba Bolivia Temple,28,2,country,Bolivia
2026-08-13,Columbia River Washington Temple,229,1,state,Washington
2026-08-13,Columbia South Carolina Temple,162,0,state,South Carolina
2026-08-13,Columbus Ohio Temple,96,1,state,Ohio
2026-08-13,Concepción Chile Temple,99,0,country,Chile
2026-08-13,Copenhagen Denmark Temple,52,0,country,Denmark
2026-08-13,Córdoba Argentina Temple,28,3,country,Argentina
2026-08-13,Dallas Texas Temple,301,2,state,Texas
2026-08-13,Davao Philippines Temple,90,3,country,Philippines
2026-08-13,Denver Colorado Temple,255,1,state,Colorado
2026-08-13,Deseret Peak Utah Temple,286,2,state,Utah
2026-08-13,Detroit Michigan Temple,89,3,state,Michigan
2026-08-13,Draper Utah Temple,577,4,state,Utah
2026-08-13,Elko Nevada Temple,51,0,state,Nevada
2026-08-13,Farmington New Mexico Temple,59,0,state,New Mexico
2026-08-13,Feather River California Temple,68,0,state,California
2026-08-13,Fort Collins Colorado Temple,160,3,state,Colorado
2026-08-13,Fort Lauderdale Florida Temple,37,0,state,Florida
2026-08-13,Fortaleza Brazil Temple,62,0,country,Brazil
2026-08-13,Frankfurt Germany Temple,163,0,country,Germany
2026-08-13,Freiberg Germany Temple,56,0,country,Germany
2026-08-13,Fresno California Temple,107,0,state,California
2026-08-13,Fukuoka Japan Temple,21,0,country,Japan
2026-08-13,Gilbert Arizona Temple,1025,7,state,Arizona
2026-08-13,Grand Junction Colorado Temple,109,0,state,Colorado
2026-08-13,Guadalajara Mexico Temple,22,0,country,Mexico
2026-08-13,Guayaquil Ecuador Temple,60,1,country,Ecuador
2026-08-13,Halifax Nova Scotia Temple,26,0,country,Canada
2026-08-13,Hamilton New Zealand Temple,153,0,country,New Zealand
2026-08-13,Harare Zimbabwe Temple,68,5,country,Zimbabwe
2026-08-13,Helena Montana Temple,54,0,state,Montana
2026-08-13,Helsinki Finland Temple,79,1,country,Finland
2026-08-13,Hermosillo Sonora Mexico Temple,69,2,country,Mexico
2026-08-13,Hong Kong China Temple,96,2,country,Hong Kong
2026-08-13,Houston Texas Temple,222,2,state,Texas
2026-08-13,Idaho Falls Idaho Temple,1052,5,state,Idaho
2026-08-13,Indianapolis Indiana Temple,57,1,state,Indiana
2026-08-13,Johannesburg South Africa Temple,72,3,country,South Africa
2026-08-13,Jordan River Utah Temple,1387,5,state,Utah
2026-08-13,Kansas City Missouri Temple,219,3,state,Missouri
2026-08-13,Kinshasa Democratic Republic of the Congo Temple,15,1,country,Democratic Republic of the Congo
2026-08-13,Laie Hawaii Temple,110,2,state,Hawaii
2026-08-13,Las Vegas Nevada Temple,225,2,state,Nevada
2026-08-13,Layton Utah Temple,807,3,state,Utah
2026-08-13,Lima Peru Los Olivos Temple,63,5,country,Peru
2026-08-13,Lima Peru Temple,61,1,country,Peru
2026-08-13,Lindon Utah Temple,822,3,state,Utah
2026-08-13,Lisbon Portugal Temple,95,0,country,Portugal
2026-08-13,Logan Utah Temple,1013,7,state,Utah
2026-08-13,London England Temple,91,0,country,United Kingdom
2026-08-13,Los Angeles California Temple,315,1,state,California
2026-08-13,Louisville Kentucky Temple,31,1,state,Kentucky
2026-08-13,Lubbock Texas Temple,58,0,state,Texas
2026-08-13,Madrid Spain Temple,142,2,country,Spain
2026-08-13,Manila Philippines Temple,63,2,country,Philippines
2026-08-13,Manti Utah Temple,342,3,state,Utah
2026-08-13,Melbourne Australia Temple,108,0,country,Australia
2026-08-13,Memphis Tennessee Temple,141,4,state,Tennessee
2026-08-13,Mendoza Argentina Temple,24,0,country,Argentina
2026-08-13,Meridian Idaho Temple,462,5,state,Idaho
2026-08-13,Mexico City Mexico Temple,159,4,country,Mexico
2026-08-13,Monterrey Mexico Temple,61,0,country,Mexico
2026-08-13,Montevideo Uruguay Temple,42,0,country,Uruguay
2026-08-13,Monticello Utah Temple,59,0,state,Utah
2026-08-13,Montreal Quebec Temple,111,0,country,Canada
2026-08-13,Moses Lake Washington Temple,78,0,state,Washington
2026-08-13,Mount Timpanogos Utah Temple,1354,6,state,Utah
2026-08-13,Mérida Mexico Temple,42,4,country,Mexico
2026-08-13,Nairobi Kenya Temple,4,0,country,Kenya
2026-08-13,Nashville Tennessee Temple,31,0,state,Tennessee
2026-08-13,Nauvoo Illinois Temple,121,1,state,Illinois
2026-08-13,Newport Beach California Temple,296,1,state,California
2026-08-13,Nuku'alofa Tonga Temple,157,2,country,Tonga
2026-08-13,Oakland California Temple,137,1,state,California
2026-08-13,Oaxaca Mexico Temple,0,0,country,Mexico
2026-08-13,Ogden Utah Temple,769,8,state,Utah
2026-08-13,Okinawa Japan Temple,48,0,country,Japan
2026-08-13,Oklahoma City Oklahoma Temple,108,0,state,Oklahoma
2026-08-13,Oquirrh Mountain Utah Temple,718,6,state,Utah
2026-08-13,Orem Utah Temple,890,3,state,Utah
2026-08-13,Palmyra New York Temple,110,1,state,New York
2026-08-13,Panama City Panama Temple,2,1,country,Panama
2026-08-13,Papeete Tahiti Temple,196,0,country,French Polynesia
2026-08-13,Paris France Temple,74,0,country,France
2026-08-13,Payson Utah Temple,1164,9,state,Utah
2026-08-13,Perth Australia Temple,62,0,country,Australia
2026-08-13,Philadelphia Pennsylvania Temple,135,2,state,Pennsylvania
2026-08-13,Phoenix Arizona Temple,307,3,state,Arizona
2026-08-13,Pittsburgh Pennsylvania Temple,126,3,state,Pennsylvania
2026-08-13,Pocatello Idaho Temple,514,4,state,Idaho
2026-08-13,Port-au-Prince Haiti Temple,2,0,country,Haiti
2026-08-13,Portland Oregon Temple,281,2,state,Oregon
2026-08-13,Praia Cape Verde Temple,0,0,country,Cape Verde
2026-08-13,Preston England Temple,231,2,country,United Kingdom
2026-08-13,Provo City Center Temple,830,7,state,Utah
2026-08-13,Puebla Mexico Temple,171,2,country,Mexico
2026-08-13,Quetzaltenango Guatemala Temple,8,3,country,Guatemala
2026-08-13,Quito Ecuador Temple,63,1,country,Ecuador
2026-08-13,Raleigh North Carolina Temple,172,1,state,North Carolina
2026-08-13,Recife Brazil Temple,10,0,country,Brazil
2026-08-13,Red Cliffs Utah Temple,607,2,state,Utah
2026-08-13,Redlands California Temple,170,0,state,California
2026-08-13,Reno Nevada Temple,96,0,state,Nevada
2026-08-13,Richmond Virginia Temple,134,1,state,Virginia
2026-08-13,Rio de Janeiro Brazil Temple,28,1,country,Brazil
2026-08-13,Rome Italy Temple,75,0,country,Italy
2026-08-13,Sacramento California Temple,252,1,state,California
2026-08-13,Salta Argentina Temple,12,1,country,Argentina
2026-08-13,Salvador Brazil Temple,52,0,country,Brazil
2026-08-13,San Antonio Texas Temple,200,1,state,Texas
2026-08-13,San José Costa Rica Temple,13,0,country,Costa Rica
2026-08-13,San Pedro Sula Honduras Temple,11,1,country,Honduras
2026-08-13,San Salvador El Salvador Temple,10,2,country,El Salvador
2026-08-13,Santo Domingo Dominican Republic Temple,63,0,country,Dominican Republic
2026-08-13,Sapporo Japan Temple,109,0,country,Japan
2026-08-13,Saratoga Springs Utah Temple,643,6,state,Utah
2026-08-13,Seattle Washington Temple,192,6,state,Washington
2026-08-13,Seoul Korea Temple,56,0,country,South Korea
2026-08-13,Snowflake Arizona Temple,288,0,state,Arizona
2026-08-13,Spokane Washington Temple,275,1,state,Washington
2026-08-13,St. George Utah Temple,785,1,state,Utah
2026-08-13,St. Paul Minnesota Temple,85,0,state,Minnesota
2026-08-13,Star Valley Wyoming Temple,234,3,state,Wyoming
2026-08-13,Suva Fiji Temple,58,1,country,Fiji
2026-08-13,Sydney Australia Temple,47,0,country,Australia
2026-08-13,Syracuse Utah Temple,483,5,state,Utah
2026-08-13,Taipei Taiwan Temple,66,0,country,Taiwan
2026-08-13,Tallahassee Florida Temple,112,0,state,Florida
2026-08-13,Taylorsville Utah Temple,1005,0,state,Utah
2026-08-13,Tegucigalpa Honduras Temple,7,0,country,Honduras
2026-08-13,The Gila Valley Arizona Temple,155,0,state,Arizona
2026-08-13,The Hague Netherlands Temple,12,0,country,Netherlands
2026-08-13,Tokyo Japan Temple,211,0,country,Japan
2026-08-13,Trujillo Peru Temple,30,1,country,Peru
2026-08-13,Tucson Arizona Temple,186,1,state,Arizona
2026-08-13,Tuxtla Gutiérrez Mexico Temple,6,1,country,Mexico
2026-08-13,Urdaneta Philippines Temple,273,13,country,Philippines
2026-08-13,Vancouver British Columbia Temple,17,0,country,Canada
2026-08-13,Veracruz Mexico Temple,55,2,country,Mexico
2026-08-13,Vernal Utah Temple,310,1,state,Utah
2026-08-13,Washington D.C. Temple,278,3,state,Maryland
2026-08-13,Willamette Valley Oregon Temple,137,0,state,Oregon
2026-08-13,Winnipeg Manitoba Temple,35,0,country,Canada
2026-08-13,Winter Quarters Nebraska Temple,51,1,state,Nebraska
2026-08-14,Aba Nigeria Temple,54,11,country,Nigeria
2026-08-14,Abidjan Ivory Coast Temple,71,5,country,Ivory Coast
2026-08-14,Accra Ghana Temple,220,6,country,Ghana
2026-08-14,Adelaide Australia Temple,37,0,country,Australia
2026-08-14,Alabang Philippines Temple,140,8,country,Philippines
2026-08-14,Albuquerque New Mexico Temple,164,1,state,New Mexico
2026-08-14,Anchorage Alaska Temple,131,2,state,Alaska
2026-08-14,Antofagasta Chile Temple,94,0,country,Chile
2026-08-14,Apia Samoa Temple,334,6,country,Samoa
2026-08-14,Arequipa Peru Temple,32,1,country,Peru
2026-08-14,Asunción Paraguay Temple,36,4,country,Paraguay
2026-08-14,Atlanta Georgia Temple,251,3,state,Georgia
2026-08-14,Auckland New Zealand Temple,361,3,country,New Zealand
2026-08-14,Bacolod Philippines Temple,150,6,country,Philippines
2026-08-14,Bahía Blanca Argentina Temple,71,2,country,Argentina
2026-08-14,Bangkok Thailand Temple,38,1,country,Thailand
2026-08-14,Barranquilla Colombia Temple,41,1,country,Colombia
2026-08-14,Baton Rouge Louisiana Temple,68,1,state,Louisiana
2026-08-14,Belém Brazil Temple,35,1,country,Brazil
2026-08-14,Bentonville Arkansas Temple,325,3,state,Arkansas
2026-08-14,Bern Switzerland Temple,181,0,country,Switzerland
2026-08-14,Billings Montana Temple,100,1,state,Montana
2026-08-14,Birmingham Alabama Temple,51,0,state,Alabama
2026-08-14,Bogotá Colombia Temple,140,1,country,Colombia
2026-08-14,Boise Idaho Temple,416,2,state,Idaho
2026-08-14,Boston Massachusetts Temple,148,2,state,Massachusetts
2026-08-14,Bountiful Utah Temple,618,8,state,Utah
2026-08-14,Brigham City Utah Temple,424,3,state,Utah
2026-08-14,Brisbane Australia Temple,214,1,country,Australia
2026-08-14,Buenos Aires Argentina Temple,75,2,country,Argentina
2026-08-14,Burley Idaho Temple,477,4,state,Idaho
2026-08-14,Calgary Alberta Temple,188,2,country,Canada
2026-08-14,Campinas Brazil Temple,104,4,country,Brazil
2026-08-14,Caracas Venezuela Temple,11,1,country,Venezuela
2026-08-14,Cardston Alberta Temple,317,2,country,Canada
2026-08-14,Casper Wyoming Temple,55,1,state,Wyoming
2026-08-14,Cedar City Utah Temple,325,4,state,Utah
2026-08-14,Chicago Illinois Temple,105,1,state,Illinois
2026-08-14,Ciudad Juárez Mexico Temple,82,0,country,Mexico
2026-08-14,Cobán Guatemala Temple,39,0,country,Guatemala
2026-08-14,Cochabamba Bolivia Temple,153,8,country,Bolivia
2026-08-14,Colonia Juárez Chihuahua Mexico Temple,12,0,country,Mexico
2026-08-14,Columbia River Washington Temple,281,5,state,Washington
2026-08-14,Columbia South Carolina Temple,118,3,state,South Carolina
2026-08-14,Columbus Ohio Temple,91,2,state,Ohio
2026-08-14,Concepción Chile Temple,99,1,country,Chile
2026-08-14,Copenhagen Denmark Temple,28,0,country,Denmark
2026-08-14,Córdoba Argentina Temple,56,2,country,Argentina
2026-08-14,Dallas Texas Temple,499,6,state,Texas
2026-08-14,Davao Philippines Temple,150,4,country,Philippines
2026-08-14,Denver Colorado Temple,395,8,state,Colorado
2026-08-14,Deseret Peak Utah Temple,243,3,state,Utah
2026-08-14,Detroit Michigan Temple,121,2,state,Michigan
2026-08-14,Draper Utah Temple,553,10,state,Utah
2026-08-14,Elko Nevada Temple,59,0,state,Nevada
2026-08-14,Farmington New Mexico Temple,126,0,state,New Mexico
2026-08-14,Feather River California Temple,111,4,state,California
2026-08-14,Fort Collins Colorado Temple,216,4,state,Colorado
2026-08-14,Fort Lauderdale Florida Temple,85,1,state,Florida
2026-08-14,Fortaleza Brazil Temple,166,8,country,Brazil
2026-08-14,Frankfurt Germany Temple,180,0,country,Germany
2026-08-14,Freiberg Germany Temple,43,0,country,Germany
2026-08-14,Fresno California Temple,178,0,state,California
2026-08-14,Fukuoka Japan Temple,59,1,country,Japan
2026-08-14,Gilbert Arizona Temple,1024,12,state,Arizona
2026-08-14,Grand Junction Colorado Temple,67,0,state,Colorado
2026-08-14,Guadalajara Mexico Temple,29,1,country,Mexico
2026-08-14,Guayaquil Ecuador Temple,134,4,country,Ecuador
2026-08-14,Halifax Nova Scotia Temple,12,0,country,Canada
2026-08-14,Hamilton New Zealand Temple,209,5,country,New Zealand
2026-08-14,Harare Zimbabwe Temple,84,2,country,Zimbabwe
2026-08-14,Hartford Connecticut Temple,110,0,state,Connecticut
2026-08-14,Helena Montana Temple,105,3,state,Montana
2026-08-14,Helsinki Finland Temple,54,0,country,Finland
2026-08-14,Hermosillo Sonora Mexico Temple,114,2,country,Mexico
2026-08-14,Hong Kong China Temple,97,0,country,Hong Kong
2026-08-14,Houston Texas Temple,394,5,state,Texas
2026-08-14,Idaho Falls Idaho Temple,1196,12,state,Idaho
2026-08-14,Indianapolis Indiana Temple,155,2,state,Indiana
2026-08-14,Johannesburg South Africa Temple,130,3,country,South Africa
2026-08-14,Jordan River Utah Temple,1157,6,state,Utah
2026-08-14,Kansas City Missouri Temple,331,5,state,Missouri
2026-08-14,Kinshasa Democratic Republic of the Congo Temple,36,7,country,Democratic Republic of the Congo
2026-08-14,Kyiv Ukraine Temple,0,0,country,Ukraine
2026-08-14,Laie Hawaii Temple,246,4,state,Hawaii
2026-08-14,Las Vegas Nevada Temple,304,1,state,Nevada
2026-08-14,Layton Utah Temple,721,15,state,Utah
2026-08-14,Lima Peru Los Olivos Temple,61,2,country,Peru
2026-08-14,Lima Peru Temple,131,5,country,Peru
2026-08-14,Lindon Utah Temple,809,8,state,Utah
2026-08-14,Lisbon Portugal Temple,59,0,country,Portugal
2026-08-14,Logan Utah Temple,834,10,state,Utah
2026-08-14,London England Temple,107,0,country,United Kingdom
2026-08-14,Los Angeles California Temple,292,4,state,California
2026-08-14,Louisville Kentucky Temple,123,0,state,Kentucky
2026-08-14,Lubbock Texas Temple,72,0,state,Texas
2026-08-14,Madrid Spain Temple,142,0,country,Spain
2026-08-14,Manila Philippines Temple,143,3,country,Philippines
2026-08-14,Manti Utah Temple,320,1,state,Utah
2026-08-14,McAllen Texas Temple,72,3,state,Texas
2026-08-14,Melbourne Australia Temple,155,0,country,Australia
2026-08-14,Memphis Tennessee Temple,73,0,state,Tennessee
2026-08-14,Mendoza Argentina Temple,83,2,country,Argentina
2026-08-14,Meridian Idaho Temple,504,5,state,Idaho
2026-08-14,Mexico City Mexico Temple,414,7,country,Mexico
2026-08-14,Monterrey Mexico Temple,64,2,country,Mexico
2026-08-14,Montevideo Uruguay Temple,69,4,country,Uruguay
2026-08-14,Monticello Utah Temple,66,0,state,Utah
2026-08-14,Montreal Quebec Temple,111,1,country,Canada
2026-08-14,Moses Lake Washington Temple,163,6,state,Washington
2026-08-14,Mount Timpanogos Utah Temple,1063,9,state,Utah
2026-08-14,Mérida Mexico Temple,22,1,country,Mexico
2026-08-14,Nairobi Kenya Temple,4,0,country,Kenya
2026-08-14,Nashville Tennessee Temple,146,1,state,Tennessee
2026-08-14,Nauvoo Illinois Temple,172,2,state,Illinois
2026-08-14,Newport Beach California Temple,340,5,state,California
2026-08-14,Nuku'alofa Tonga Temple,122,1,country,Tonga
2026-08-14,Oakland California Temple,194,2,state,California
2026-08-14,Oaxaca Mexico Temple,6,1,country,Mexico
2026-08-14,Ogden Utah Temple,686,3,state,Utah
2026-08-14,Okinawa Japan Temple,10,0,country,Japan
2026-08-14,Oklahoma City Oklahoma Temple,89,0,state,Oklahoma
2026-08-14,Oquirrh Mountain Utah Temple,524,6,state,Utah
2026-08-14,Orem Utah Temple,764,5,state,Utah
2026-08-14,Palmyra New York Temple,34,0,state,New York
2026-08-14,Panama City Panama Temple,15,2,country,Panama
2026-08-14,Papeete Tahiti Temple,258,1,country,French Polynesia
2026-08-14,Paris France Temple,103,0,country,France
2026-08-14,Payson Utah Temple,1085,16,state,Utah
2026-08-14,Perth Australia Temple,91,0,country,Australia
2026-08-14,Philadelphia Pennsylvania Temple,111,2,state,Pennsylvania
2026-08-14,Phoenix Arizona Temple,425,3,state,Arizona
2026-08-14,Pittsburgh Pennsylvania Temple,83,2,state,Pennsylvania
2026-08-14,Pocatello Idaho Temple,401,3,state,Idaho
2026-08-14,Port-au-Prince Haiti Temple,15,3,country,Haiti
2026-08-14,Portland Oregon Temple,448,8,state,Oregon
2026-08-14,Praia Cape Verde Temple,0,0,country,Cape Verde
2026-08-14,Preston England Temple,171,0,country,United Kingdom
2026-08-14,Provo City Center Temple,785,5,state,Utah
2026-08-14,Puebla Mexico Temple,200,4,country,Mexico
2026-08-14,Quetzaltenango Guatemala Temple,54,4,country,Guatemala
2026-08-14,Quito Ecuador Temple,67,4,country,Ecuador
2026-08-14,Raleigh North Carolina Temple,225,2,state,North Carolina
2026-08-14,Recife Brazil Temple,64,2,country,Brazil
2026-08-14,Red Cliffs Utah Temple,641,8,state,Utah
2026-08-14,Redlands California Temple,321,6,state,California
2026-08-14,Regina Saskatchewan Temple,18,0,country,Canada
2026-08-14,Reno Nevada Temple,137,0,state,Nevada
2026-08-14,Richmond Virginia Temple,188,2,state,Virginia
2026-08-14,Rio de Janeiro Brazil Temple,54,2,country,Brazil
2026-08-14,Rome Italy Temple,87,0,country,Italy
2026-08-14,Sacramento California Temple,263,3,state,California
2026-08-14,Salta Argentina Temple,11,0,country,Argentina
2026-08-14,Salvador Brazil Temple,107,0,country,Brazil
2026-08-14,San Antonio Texas Temple,259,4,state,Texas
2026-08-14,San José Costa Rica Temple,26,0,country,Costa Rica
2026-08-14,San Pedro Sula Honduras Temple,15,1,country,Honduras
2026-08-14,San Salvador El Salvador Temple,14,0,country,El Salvador
2026-08-14,Santo Domingo Dominican Republic Temple,54,1,country,Dominican Republic
2026-08-14,Sapporo Japan Temple,96,0,country,Japan
2026-08-14,Saratoga Springs Utah Temple,544,9,state,Utah
2026-08-14,Seattle Washington Temple,336,4,state,Washington
2026-08-14,Seoul Korea Temple,63,0,country,South Korea
2026-08-14,Snowflake Arizona Temple,292,1,state,Arizona
2026-08-14,Spokane Washington Temple,226,1,state,Washington
2026-08-14,St. George Utah Temple,607,4,state,Utah
2026-08-14,St. Paul Minnesota Temple,105,1,state,Minnesota
2026-08-14,Star Valley Wyoming Temple,158,0,state,Wyoming
2026-08-14,Suva Fiji Temple,48,1,country,Fiji
2026-08-14,Sydney Australia Temple,79,0,country,Australia
2026-08-14,Syracuse Utah Temple,394,5,state,Utah
2026-08-14,Taipei Taiwan Temple,94,2,country,Taiwan
2026-08-14,Tallahassee Florida Temple,108,1,state,Florida
2026-08-14,Taylorsville Utah Temple,983,5,state,Utah
2026-08-14,Tegucigalpa Honduras Temple,26,0,country,Honduras
2026-08-14,The Gila Valley Arizona Temple,149,1,state,Arizona
2026-08-14,The Hague Netherlands Temple,72,1,country,Netherlands
2026-08-14,Tokyo Japan Temple,177,1,country,Japan
2026-08-14,Trujillo Peru Temple,22,1,country,Peru
2026-08-14,Tucson Arizona Temple,328,7,state,Arizona
2026-08-14,Tuxtla Gutiérrez Mexico Temple,22,3,country,Mexico
2026-08-14,Urdaneta Philippines Temple,300,19,country,Philippines
2026-08-14,Vancouver British Columbia Temple,76,0,country,Canada
2026-08-14,Veracruz Mexico Temple,37,3,country,Mexico
2026-08-14,Vernal Utah Temple,317,0,state,Utah
2026-08-14,Washington D.C. Temple,325,10,state,Maryland
2026-08-14,Willamette Valley Oregon Temple,198,5,state,Oregon
2026-08-14,Winnipeg Manitoba Temple,6,0,country,Canada
2026-08-14,Winter Quarters Nebraska Temple,124,2,state,Nebraska
2026-08-15,Abidjan Ivory Coast Temple,18,0,country,Ivory Coast
2026-08-15,Adelaide Australia Temple,19,0,country,Australia
2026-08-15,Alabang Philippines Temple,189,11,country,Philippines
2026-08-15,Albuquerque New Mexico Temple,261,8,state,New Mexico
2026-08-15,Anchorage Alaska Temple,120,3,state,Alaska
2026-08-15,Antofagasta Chile Temple,130,2,country,Chile
2026-08-15,Apia Samoa Temple,186,3,country,Samoa
2026-08-15,Arequipa Peru Temple,138,4,country,Peru
2026-08-15,Asunción Paraguay Temple,70,5,country,Paraguay
2026-08-15,Atlanta Georgia Temple,333,7,state,Georgia
2026-08-15,Auckland New Zealand Temple,468,7,country,New Zealand
2026-08-15,Bacolod Philippines Temple,195,11,country,Philippines
2026-08-15,Bahía Blanca Argentina Temple,121,2,country,Argentina
2026-08-15,Bangkok Thailand Temple,26,1,country,Thailand
2026-08-15,Barranquilla Colombia Temple,123,3,country,Colombia
2026-08-15,Baton Rouge Louisiana Temple,149,5,state,Louisiana
2026-08-15,Belém Brazil Temple,22,1,country,Brazil
2026-08-15,Bentonville Arkansas Temple,297,11,state,Arkansas
2026-08-15,Bern Switzerland Temple,86,2,country,Switzerland
2026-08-15,Billings Montana Temple,142,3,state,Montana
2026-08-15,Birmingham Alabama Temple,74,1,state,Alabama
2026-08-15,Bogotá Colombia Temple,174,3,country,Colombia
2026-08-15,Boise Idaho Temple,490,6,state,Idaho
2026-08-15,Boston Massachusetts Temple,107,6,state,Massachusetts
2026-08-15,Bountiful Utah Temple,800,21,state,Utah
2026-08-15,Brigham City Utah Temple,412,7,state,Utah
2026-08-15,Brisbane Australia Temple,313,4,country,Australia
2026-08-15,Buenos Aires Argentina Temple,283,18,country,Argentina
2026-08-15,Burley Idaho Temple,358,7,state,Idaho
2026-08-15,Calgary Alberta Temple,168,5,country,Canada
2026-08-15,Campinas Brazil Temple,371,13,country,Brazil
2026-08-15,Caracas Venezuela Temple,57,5,country,Venezuela
2026-08-15,Cardston Alberta Temple,271,1,country,Canada
2026-08-15,Casper Wyoming Temple,96,3,state,Wyoming
2026-08-15,Cedar City Utah Temple,265,8,state,Utah
2026-08-15,Chicago Illinois Temple,141,7,state,Illinois
2026-08-15,Ciudad Juárez Mexico Temple,183,3,country,Mexico
2026-08-15,Cobán Guatemala Temple,47,4,country,Guatemala
2026-08-15,Cochabamba Bolivia Temple,151,6,country,Bolivia
2026-08-15,Colonia Juárez Chihuahua Mexico Temple,24,0,country,Mexico
2026-08-15,Columbia River Washington Temple,319,11,state,Washington
2026-08-15,Columbia South Carolina Temple,234,7,state,South Carolina
2026-08-15,Columbus Ohio Temple,153,5,state,Ohio
2026-08-15,Concepción Chile Temple,256,1,country,Chile
2026-08-15,Copenhagen Denmark Temple,56,1,country,Denmark
2026-08-15,Córdoba Argentina Temple,77,3,country,Argentina
2026-08-15,Dallas Texas Temple,908,16,state,Texas
2026-08-15,Davao Philippines Temple,150,9,country,Philippines
2026-08-15,Denver Colorado Temple,352,9,state,Colorado
2026-08-15,Deseret Peak Utah Temple,302,7,state,Utah
2026-08-15,Draper Utah Temple,614,13,state,Utah
2026-08-15,Elko Nevada Temple,42,0,state,Nevada
2026-08-15,Farmington New Mexico Temple,138,3,state,New Mexico
2026-08-15,Feather River California Temple,96,2,state,California
2026-08-15,Fort Collins Colorado Temple,208,3,state,Colorado
2026-08-15,Fort Lauderdale Florida Temple,258,13,state,Florida
2026-08-15,Fortaleza Brazil Temple,265,9,country,Brazil
2026-08-15,Frankfurt Germany Temple,153,0,country,Germany
2026-08-15,Freiberg Germany Temple,68,3,country,Germany
2026-08-15,Fresno California Temple,150,4,state,California
2026-08-15,Fukuoka Japan Temple,73,1,country,Japan
2026-08-15,Gilbert Arizona Temple,1140,23,state,Arizona
2026-08-15,Grand Junction Colorado Temple,152,0,state,Colorado
2026-08-15,Guayaquil Ecuador Temple,316,8,country,Ecuador
2026-08-15,Halifax Nova Scotia Temple,25,1,country,Canada
2026-08-15,Hamilton New Zealand Temple,124,1,country,New Zealand
2026-08-15,Harare Zimbabwe Temple,24,6,country,Zimbabwe
2026-08-15,Hartford Connecticut Temple,132,2,state,Connecticut
2026-08-15,Helena Montana Temple,111,0,state,Montana
2026-08-15,Helsinki Finland Temple,28,1,country,Finland
2026-08-15,Hermosillo Sonora Mexico Temple,166,1,country,Mexico
2026-08-15,Hong Kong China Temple,124,1,country,Hong Kong
2026-08-15,Houston Texas Temple,531,13,state,Texas
2026-08-15,Idaho Falls Idaho Temple,907,16,state,Idaho
2026-08-15,Indianapolis Indiana Temple,120,1,state,Indiana
2026-08-15,Johannesburg South Africa Temple,106,2,country,South Africa
2026-08-15,Jordan River Utah Temple,1397,21,state,Utah
2026-08-15,Kansas City Missouri Temple,303,4,state,Missouri
2026-08-15,Kinshasa Democratic Republic of the Congo Temple,105,3,country,Democratic Republic of the Congo
2026-08-15,Kyiv Ukraine Temple,0,0,country,Ukraine
2026-08-15,Laie Hawaii Temple,241,4,state,Hawaii
2026-08-15,Las Vegas Nevada Temple,538,12,state,Nevada
2026-08-15,Layton Utah Temple,605,9,state,Utah
2026-08-15,Lima Peru Los Olivos Temple,270,15,country,Peru
2026-08-15,Lima Peru Temple,376,5,country,Peru
2026-08-15,Lindon Utah Temple,875,9,state,Utah
2026-08-15,Lisbon Portugal Temple,140,1,country,Portugal
2026-08-15,Logan Utah Temple,1039,18,state,Utah
2026-08-15,London England Temple,194,4,country,United Kingdom
2026-08-15,Los Angeles California Temple,673,22,state,California
2026-08-15,Louisville Kentucky Temple,147,4,state,Kentucky
2026-08-15,Lubbock Texas Temple,125,3,state,Texas
2026-08-15,Madrid Spain Temple,256,5,country,Spain
2026-08-15,Manila Philippines Temple,168,13,country,Philippines
2026-08-15,Manti Utah Temple,565,12,state,Utah
2026-08-15,McAllen Texas Temple,147,3,state,Texas
2026-08-15,Melbourne Australia Temple,259,7,country,Australia
2026-08-15,Memphis Tennessee Temple,118,1,state,Tennessee
2026-08-15,Mendoza Argentina Temple,163,1,country,Argentina
2026-08-15,Meridian Idaho Temple,619,16,state,Idaho
2026-08-15,Mexico City Mexico Temple,915,25,country,Mexico
2026-08-15,Monterrey Mexico Temple,340,11,country,Mexico
2026-08-15,Montevideo Uruguay Temple,157,2,country,Uruguay
2026-08-15,Monticello Utah Temple,47,2,state,Utah
2026-08-15,Montreal Quebec Temple,82,0,country,Canada
2026-08-15,Moses Lake Washington Temple,86,1,state,Washington
2026-08-15,Mount Timpanogos Utah Temple,1090,14,state,Utah
2026-08-15,Nairobi Kenya Temple,54,10,country,Kenya
2026-08-15,Nashville Tennessee Temple,172,3,state,Tennessee
2026-08-15,Nauvoo Illinois Temple,196,9,state,Illinois
2026-08-15,Newport Beach California Temple,448,12,state,California
2026-08-15,Oakland California Temple,351,10,state,California
2026-08-15,Oaxaca Mexico Temple,72,0,country,Mexico
2026-08-15,Ogden Utah Temple,711,17,state,Utah
2026-08-15,Okinawa Japan Temple,32,0,country,Japan
2026-08-15,Oklahoma City Oklahoma Temple,163,2,state,Oklahoma
2026-08-15,Oquirrh Mountain Utah Temple,719,19,state,Utah
2026-08-15,Orem Utah Temple,846,18,state,Utah
2026-08-15,Palmyra New York Temple,94,1,state,New York
2026-08-15,Panama City Panama Temple,49,6,country,Panama
2026-08-15,Papeete Tahiti Temple,216,2,country,French Polynesia
2026-08-15,Paris France Temple,125,1,country,France
2026-08-15,Payson Utah Temple,1035,20,state,Utah
2026-08-15,Perth Australia Temple,69,0,country,Australia
2026-08-15,Philadelphia Pennsylvania Temple,206,5,state,Pennsylvania
2026-08-15,Phoenix Arizona Temple,502,9,state,Arizona
2026-08-15,Pittsburgh Pennsylvania Temple,136,4,state,Pennsylvania
2026-08-15,Pocatello Idaho Temple,603,11,state,Idaho
2026-08-15,Port-au-Prince Haiti Temple,29,1,country,Haiti
2026-08-15,Portland Oregon Temple,585,21,state,Oregon
2026-08-15,Praia Cape Verde Temple,10,3,country,Cape Verde
2026-08-15,Preston England Temple,276,4,country,United Kingdom
2026-08-15,Provo City Center Temple,1100,11,state,Utah
2026-08-15,Puebla Mexico Temple,292,4,country,Mexico
2026-08-15,Quetzaltenango Guatemala Temple,154,2,country,Guatemala
2026-08-15,Quito Ecuador Temple,132,4,country,Ecuador
2026-08-15,Raleigh North Carolina Temple,193,6,state,North Carolina
2026-08-15,Recife Brazil Temple,311,15,country,Brazil
2026-08-15,Red Cliffs Utah Temple,597,7,state,Utah
2026-08-15,Redlands California Temple,388,7,state,California
2026-08-15,Regina Saskatchewan Temple,9,0,country,Canada
2026-08-15,Reno Nevada Temple,140,4,state,Nevada
2026-08-15,Richmond Virginia Temple,316,3,state,Virginia
2026-08-15,Rio de Janeiro Brazil Temple,256,7,country,Brazil
2026-08-15,Rome Italy Temple,79,2,country,Italy
2026-08-15,Sacramento California Temple,332,8,state,California
2026-08-15,Salta Argentina Temple,40,2,country,Argentina
2026-08-15,Salvador Brazil Temple,207,5,country,Brazil
2026-08-15,San Antonio Texas Temple,309,5,state,Texas
2026-08-15,San Pedro Sula Honduras Temple,95,17,country,Honduras
2026-08-15,San Salvador El Salvador Temple,209,6,country,El Salvador
2026-08-15,Santo Domingo Dominican Republic Temple,37,3,country,Dominican Republic
2026-08-15,Sapporo Japan Temple,63,0,country,Japan
2026-08-15,Saratoga Springs Utah Temple,903,22,state,Utah
2026-08-15,Seattle Washington Temple,461,19,state,Washington
2026-08-15,Seoul Korea Temple,351,1,country,South Korea
2026-08-15,Snowflake Arizona Temple,240,5,state,Arizona
2026-08-15,Spokane Washington Temple,325,9,state,Washington
2026-08-15,St. George Utah Temple,592,9,state,Utah
2026-08-15,St. Paul Minnesota Temple,145,3,state,Minnesota
2026-08-15,Star Valley Wyoming Temple,76,0,state,Wyoming
2026-08-15,Suva Fiji Temple,99,5,country,Fiji
2026-08-15,Sydney Australia Temple,135,3,country,Australia
2026-08-15,Syracuse Utah Temple,448,8,state,Utah
2026-08-15,Taipei Taiwan Temple,228,3,country,Taiwan
2026-08-15,Tallahassee Florida Temple,210,5,state,Florida
2026-08-15,Taylorsville Utah Temple,1062,12,state,Utah
2026-08-15,Tegucigalpa Honduras Temple,60,5,country,Honduras
2026-08-15,The Gila Valley Arizona Temple,162,3,state,Arizona
2026-08-15,The Hague Netherlands Temple,49,0,country,Netherlands
2026-08-15,Tokyo Japan Temple,294,0,country,Japan
2026-08-15,Trujillo Peru Temple,129,5,country,Peru
2026-08-15,Tucson Arizona Temple,257,4,state,Arizona
2026-08-15,Tuxtla Gutiérrez Mexico Temple,43,5,country,Mexico
2026-08-15,Urdaneta Philippines Temple,250,13,country,Philippines
2026-08-15,Vancouver British Columbia Temple,137,1,country,Canada
2026-08-15,Veracruz Mexico Temple,169,3,country,Mexico
2026-08-15,Vernal Utah Temple,391,10,state,Utah
2026-08-15,Washington D.C. Temple,554,16,state,Maryland
2026-08-15,Willamette Valley Oregon Temple,142,2,state,Oregon
2026-08-15,Winnipeg Manitoba Temple,55,0,country,Canada
2026-08-15,Winter Quarters Nebraska Temple,174,6,state,Nebraska
2026-08-17,Barranquilla Colombia Temple,162,1,country,Colombia
2026-08-17,Bogotá Colombia Temple,181,3,country,Colombia
2026-08-17,Mount Timpanogos Utah Temple,396,0,state,Utah
2026-08-18,Abidjan Ivory Coast Temple,36,2,country,Ivory Coast
2026-08-18,Accra Ghana Temple,210,48,country,Ghana
2026-08-18,Alabang Philippines Temple,71,0,country,Philippines
2026-08-18,Albuquerque New Mexico Temple,104,0,state,New Mexico
2026-08-18,Apia Samoa Temple,274,6,country,Samoa
2026-08-18,Arequipa Peru Temple,35,0,country,Peru
2026-08-18,Atlanta Georgia Temple,163,0,state,Georgia
2026-08-18,Auckland New Zealand Temple,300,0,country,New Zealand
2026-08-18,Bacolod Philippines Temple,80,7,country,Philippines
2026-08-18,Bangkok Thailand Temple,55,4,country,Thailand
2026-08-18,Barranquilla Colombia Temple,8,0,country,Colombia
2026-08-18,Baton Rouge Louisiana Temple,12,0,state,Louisiana
2026-08-18,Belém Brazil Temple,9,2,country,Brazil
2026-08-18,Bentonville Arkansas Temple,152,2,state,Arkansas
2026-08-18,Bern Switzerland Temple,171,1,country,Switzerland
2026-08-18,Billings Montana Temple,95,0,state,Montana
2026-08-18,Birmingham Alabama Temple,39,1,state,Alabama
2026-08-18,Bogotá Colombia Temple,71,0,country,Colombia
2026-08-18,Boise Idaho Temple,532,1,state,Idaho
2026-08-18,Boston Massachusetts Temple,97,2,state,Massachusetts
2026-08-18,Bountiful Utah Temple,627,5,state,Utah
2026-08-18,Brigham City Utah Temple,407,1,state,Utah
2026-08-18,Brisbane Australia Temple,114,0,country,Australia
2026-08-18,Buenos Aires Argentina Temple,93,1,country,Argentina
2026-08-18,Burley Idaho Temple,359,1,state,Idaho
2026-08-18,Calgary Alberta Temple,140,0,country,Canada
2026-08-18,Campinas Brazil Temple,61,1,country,Brazil
2026-08-18,Caracas Venezuela Temple,1,0,country,Venezuela
2026-08-18,Cardston Alberta Temple,463,2,country,Canada
2026-08-18,Casper Wyoming Temple,106,0,state,Wyoming
2026-08-18,Cebu City Philippines Temple,99,3,country,Philippines
2026-08-18,Cedar City Utah Temple,341,2,state,Utah
2026-08-18,Cochabamba Bolivia Temple,55,2,country,Bolivia
2026-08-18,Colonia Juárez Chihuahua Mexico Temple,30,0,country,Mexico
2026-08-18,Columbia River Washington Temple,288,2,state,Washington
2026-08-18,Columbia South Carolina Temple,69,0,state,South Carolina
2026-08-18,Columbus Ohio Temple,149,4,state,Ohio
2026-08-18,Concepción Chile Temple,43,3,country,Chile
2026-08-18,Copenhagen Denmark Temple,5,0,country,Denmark
2026-08-18,Córdoba Argentina Temple,12,0,country,Argentina
2026-08-18,Dallas Texas Temple,410,1,state,Texas
2026-08-18,Davao Philippines Temple,90,5,country,Philippines
2026-08-18,Denver Colorado Temple,349,1,state,Colorado
2026-08-18,Deseret Peak Utah Temple,350,2,state,Utah
2026-08-18,Detroit Michigan Temple,25,0,state,Michigan
2026-08-18,Draper Utah Temple,548,6,state,Utah
2026-08-18,Feather River California Temple,117,1,state,California
2026-08-18,Fort Collins Colorado Temple,250,2,state,Colorado
2026-08-18,Fort Lauderdale Florida Temple,37,2,state,Florida
2026-08-18,Fortaleza Brazil Temple,75,1,country,Brazil
2026-08-18,Frankfurt Germany Temple,110,0,country,Germany
2026-08-18,Freiberg Germany Temple,49,1,country,Germany
2026-08-18,Fresno California Temple,143,1,state,California
2026-08-18,Gilbert Arizona Temple,951,10,state,Arizona
2026-08-18,Grand Junction Colorado Temple,49,0,state,Colorado
2026-08-18,Guadalajara Mexico Temple,11,0,country,Mexico
2026-08-18,Guatemala City Guatemala Temple,85,0,country,Guatemala
2026-08-18,Guayaquil Ecuador Temple,124,2,country,Ecuador
2026-08-18,Harare Zimbabwe Temple,69,7,country,Zimbabwe
2026-08-18,Helena Montana Temple,86,0,state,Montana
2026-08-18,Hong Kong China Temple,116,1,country,Hong Kong
2026-08-18,Houston Texas Temple,334,4,state,Texas
2026-08-18,Idaho Falls Idaho Temple,1233,8,state,Idaho
2026-08-18,Indianapolis Indiana Temple,57,1,state,Indiana
2026-08-18,Johannesburg South Africa Temple,57,18,country,South Africa
2026-08-18,Jordan River Utah Temple,1498,8,state,Utah
2026-08-18,Kansas City Missouri Temple,211,1,state,Missouri
2026-08-18,Kinshasa Democratic Republic of the Congo Temple,101,2,country,Democratic Republic of the Congo
2026-08-18,Laie Hawaii Temple,237,1,state,Hawaii
2026-08-18,Las Vegas Nevada Temple,420,7,state,Nevada
2026-08-18,Layton Utah Temple,759,10,state,Utah
2026-08-18,Lima Peru Los Olivos Temple,166,4,country,Peru
2026-08-18,Lima Peru Temple,105,4,country,Peru
2026-08-18,Lindon Utah Temple,801,5,state,Utah
2026-08-18,Logan Utah Temple,1112,8,state,Utah
2026-08-18,London England Temple,111,0,country,United Kingdom
2026-08-18,Louisville Kentucky Temple,91,0,state,Kentucky
2026-08-18,Lubbock Texas Temple,47,1,state,Texas
2026-08-18,Madrid Spain Temple,161,1,country,Spain
2026-08-18,Manila Philippines Temple,136,2,country,Philippines
2026-08-18,Manti Utah Temple,355,2,state,Utah
2026-08-18,Melbourne Australia Temple,31,0,country,Australia
2026-08-18,Meridian Idaho Temple,452,2,state,Idaho
2026-08-18,Mexico City Mexico Temple,280,14,country,Mexico
2026-08-18,Monterrey Mexico Temple,44,1,country,Mexico
2026-08-18,Monticello Utah Temple,59,1,state,Utah
2026-08-18,Moses Lake Washington Temple,138,2,state,Washington
2026-08-18,Mount Timpanogos Utah Temple,1324,12,state,Utah
2026-08-18,Nairobi Kenya Temple,18,2,country,Kenya
2026-08-18,Nashville Tennessee Temple,49,0,state,Tennessee
2026-08-18,Nauvoo Illinois Temple,144,3,state,Illinois
2026-08-18,Newport Beach California Temple,372,5,state,California
2026-08-18,Nuku'alofa Tonga Temple,57,2,country,Tonga
2026-08-18,Oakland California Temple,88,2,state,California
2026-08-18,Ogden Utah Temple,825,5,state,Utah
2026-08-18,Oklahoma City Oklahoma Temple,124,1,state,Oklahoma
2026-08-18,Oquirrh Mountain Utah Temple,741,11,state,Utah
2026-08-18,Orem Utah Temple,929,4,state,Utah
2026-08-18,Palmyra New York Temple,82,0,state,New York
2026-08-18,Papeete Tahiti Temple,215,1,country,French Polynesia
2026-08-18,Paris France Temple,105,0,country,France
2026-08-18,Payson Utah Temple,1226,7,state,Utah
2026-08-18,Phoenix Arizona Temple,349,0,state,Arizona
2026-08-18,Pocatello Idaho Temple,545,4,state,Idaho
2026-08-18,Port-au-Prince Haiti Temple,2,0,country,Haiti
2026-08-18,Portland Oregon Temple,355,1,state,Oregon
2026-08-18,Porto Alegre Brazil Temple,58,0,country,Brazil
2026-08-18,Provo City Center Temple,1102,7,state,Utah
2026-08-18,Puebla Mexico Temple,99,1,country,Mexico
2026-08-18,Quetzaltenango Guatemala Temple,1,0,country,Guatemala
2026-08-18,Quito Ecuador Temple,38,0,country,Ecuador
2026-08-18,Raleigh North Carolina Temple,180,2,state,North Carolina
2026-08-18,Recife Brazil Temple,54,0,country,Brazil
2026-08-18,Red Cliffs Utah Temple,669,5,state,Utah
2026-08-18,Redlands California Temple,277,1,state,California
2026-08-18,Reno Nevada Temple,122,0,state,Nevada
2026-08-18,Richmond Virginia Temple,55,0,state,Virginia
2026-08-18,Rio de Janeiro Brazil Temple,38,0,country,Brazil
2026-08-18,Rome Italy Temple,147,6,country,Italy
2026-08-18,Salvador Brazil Temple,44,0,country,Brazil
2026-08-18,San Antonio Texas Temple,217,2,state,Texas
2026-08-18,San Salvador El Salvador Temple,131,4,country,El Salvador
2026-08-18,Santo Domingo Dominican Republic Temple,3,0,country,Dominican Republic
2026-08-18,Saratoga Springs Utah Temple,573,8,state,Utah
2026-08-18,Seoul Korea Temple,76,0,country,South Korea
2026-08-18,Snowflake Arizona Temple,330,3,state,Arizona
2026-08-18,Spokane Washington Temple,316,1,state,Washington
2026-08-18,St. George Utah Temple,715,6,state,Utah
2026-08-18,St. Paul Minnesota Temple,89,0,state,Minnesota
2026-08-18,Star Valley Wyoming Temple,221,2,state,Wyoming
2026-08-18,Suva Fiji Temple,28,1,country,Fiji
2026-08-18,Sydney Australia Temple,109,0,country,Australia
2026-08-18,Syracuse Utah Temple,405,8,state,Utah
2026-08-18,Taipei Taiwan Temple,51,1,country,Taiwan
2026-08-18,Tallahassee Florida Temple,112,1,state,Florida
2026-08-18,Taylorsville Utah Temple,1115,8,state,Utah
2026-08-18,Tegucigalpa Honduras Temple,11,0,country,Honduras
2026-08-18,The Gila Valley Arizona Temple,128,0,state,Arizona
2026-08-18,Tijuana Mexico Temple,21,0,country,Mexico
2026-08-18,Tokyo Japan Temple,70,1,country,Japan
2026-08-18,Trujillo Peru Temple,58,0,country,Peru
2026-08-18,Vancouver British Columbia Temple,145,2,country,Canada
2026-08-18,Vernal Utah Temple,380,0,state,Utah
2026-08-18,Washington D.C. Temple,60,0,state,Maryland
2026-08-18,Winter Quarters Nebraska Temple,69,0,state,Nebraska
2026-08-18,Yorba Linda California Temple,160,1,state,California
2026-08-19,Abidjan Ivory Coast Temple,47,2,country,Ivory Coast
2026-08-19,Accra Ghana Temple,229,53,country,Ghana
2026-08-19,Adelaide Australia Temple,22,0,country,Australia
2026-08-19,Alabang Philippines Temple,75,1,country,Philippines
2026-08-19,Albuquerque New Mexico Temple,104,0,state,New Mexico
2026-08-19,Antofagasta Chile Temple,37,0,country,Chile
2026-08-19,Apia Samoa Temple,225,2,country,Samoa
2026-08-19,Arequipa Peru Temple,30,0,country,Peru
2026-08-19,Asunción Paraguay Temple,53,6,country,Paraguay
2026-08-19,Atlanta Georgia Temple,137,1,state,Georgia
2026-08-19,Auckland New Zealand Temple,292,0,country,New Zealand
2026-08-19,Bacolod Philippines Temple,60,0,country,Philippines
2026-08-19,Bangkok Thailand Temple,60,0,country,Thailand
2026-08-19,Baton Rouge Louisiana Temple,80,1,state,Louisiana
2026-08-19,Belo Horizonte Brazil Temple,47,1,country,Brazil
2026-08-19,Belém Brazil Temple,13,0,country,Brazil
2026-08-19,Bentonville Arkansas Temple,181,2,state,Arkansas
2026-08-19,Bern Switzerland Temple,112,0,country,Switzerland
2026-08-19,Billings Montana Temple,61,0,state,Montana
2026-08-19,Birmingham Alabama Temple,71,0,state,Alabama
2026-08-19,Bogotá Colombia Temple,166,1,country,Colombia
2026-08-19,Boise Idaho Temple,340,3,state,Idaho
2026-08-19,Boston Massachusetts Temple,133,3,state,Massachusetts
2026-08-19,Bountiful Utah Temple,625,7,state,Utah
2026-08-19,Brigham City Utah Temple,435,3,state,Utah
2026-08-19,Brisbane Australia Temple,219,0,country,Australia
2026-08-19,Buenos Aires Argentina Temple,89,0,country,Argentina
2026-08-19,Burley Idaho Temple,353,1,state,Idaho
2026-08-19,Calgary Alberta Temple,174,1,country,Canada
2026-08-19,Campinas Brazil Temple,23,0,country,Brazil
2026-08-19,Caracas Venezuela Temple,6,0,country,Venezuela
2026-08-19,Cardston Alberta Temple,303,0,country,Canada
2026-08-19,Cebu City Philippines Temple,95,15,country,Philippines
2026-08-19,Cedar City Utah Temple,373,3,state,Utah
2026-08-19,Chicago Illinois Temple,80,0,state,Illinois
2026-08-19,Ciudad Juárez Mexico Temple,44,1,country,Mexico
2026-08-19,Cleveland Ohio Temple,54,0,state,Ohio
2026-08-19,Cobán Guatemala Temple,27,0,country,Guatemala
2026-08-19,Cochabamba Bolivia Temple,47,0,country,Bolivia
2026-08-19,Colonia Juárez Chihuahua Mexico Temple,19,0,country,Mexico
2026-08-19,Columbia River Washington Temple,215,3,state,Washington
2026-08-19,Columbia South Carolina Temple,203,2,state,South Carolina
2026-08-19,Columbus Ohio Temple,80,1,state,Ohio
2026-08-19,Concepción Chile Temple,90,0,country,Chile
2026-08-19,Copenhagen Denmark Temple,41,0,country,Denmark
2026-08-19,Córdoba Argentina Temple,6,0,country,Argentina
2026-08-19,Dallas Texas Temple,366,4,state,Texas
2026-08-19,Davao Philippines Temple,90,4,country,Philippines
2026-08-19,Denver Colorado Temple,387,4,state,Colorado
2026-08-19,Deseret Peak Utah Temple,301,2,state,Utah
2026-08-19,Detroit Michigan Temple,34,1,state,Michigan
2026-08-19,Draper Utah Temple,527,4,state,Utah
2026-08-19,Elko Nevada Temple,30,0,state,Nevada
2026-08-19,Farmington New Mexico Temple,131,0,state,New Mexico
2026-08-19,Feather River California Temple,149,1,state,California
2026-08-19,Fort Collins Colorado Temple,136,1,state,Colorado
2026-08-19,Fort Lauderdale Florida Temple,27,1,state,Florida
2026-08-19,Fortaleza Brazil Temple,58,0,country,Brazil
2026-08-19,Frankfurt Germany Temple,320,1,country,Germany
2026-08-19,Freiberg Germany Temple,43,0,country,Germany
2026-08-19,Fresno California Temple,122,0,state,California
2026-08-19,Gilbert Arizona Temple,882,11,state,Arizona
2026-08-19,Grand Junction Colorado Temple,100,0,state,Colorado
2026-08-19,Guadalajara Mexico Temple,7,0,country,Mexico
2026-08-19,Guatemala City Guatemala Temple,67,3,country,Guatemala
2026-08-19,Guayaquil Ecuador Temple,25,1,country,Ecuador
2026-08-19,Harare Zimbabwe Temple,72,8,country,Zimbabwe
2026-08-19,Hartford Connecticut Temple,78,1,state,Connecticut
2026-08-19,Helena Montana Temple,67,0,state,Montana
2026-08-19,Helsinki Finland Temple,42,1,country,Finland
2026-08-19,Hong Kong China Temple,85,3,country,Hong Kong
2026-08-19,Houston Texas Temple,360,4,state,Texas
2026-08-19,Idaho Falls Idaho Temple,1108,9,state,Idaho
2026-08-19,Indianapolis Indiana Temple,95,1,state,Indiana
2026-08-19,Johannesburg South Africa Temple,72,3,country,South Africa
2026-08-19,Jordan River Utah Temple,1257,5,state,Utah
2026-08-19,Kansas City Missouri Temple,201,1,state,Missouri
2026-08-19,Kinshasa Democratic Republic of the Congo Temple,111,21,country,Democratic Republic of the Congo
2026-08-19,Kyiv Ukraine Temple,0,0,country,Ukraine
2026-08-19,Laie Hawaii Temple,232,1,state,Hawaii
2026-08-19,Las Vegas Nevada Temple,344,1,state,Nevada
2026-08-19,Layton Utah Temple,602,6,state,Utah
2026-08-19,Lima Peru Los Olivos Temple,113,2,country,Peru
2026-08-19,Lima Peru Temple,111,1,country,Peru
2026-08-19,Lindon Utah Temple,767,6,state,Utah
2026-08-19,Lisbon Portugal Temple,86,0,country,Portugal
2026-08-19,Logan Utah Temple,1014,5,state,Utah
2026-08-19,London England Temple,111,0,country,United Kingdom
2026-08-19,Louisville Kentucky Temple,68,0,state,Kentucky
2026-08-19,Lubbock Texas Temple,29,0,state,Texas
2026-08-19,Madrid Spain Temple,161,3,country,Spain
2026-08-19,Manila Philippines Temple,164,2,country,Philippines
2026-08-19,Manti Utah Temple,359,2,state,Utah
2026-08-19,McAllen Texas Temple,98,0,state,Texas
2026-08-19,Melbourne Australia Temple,101,0,country,Australia
2026-08-19,Mendoza Argentina Temple,52,1,country,Argentina
2026-08-19,Meridian Idaho Temple,438,2,state,Idaho
2026-08-19,Mexico City Mexico Temple,194,6,country,Mexico
2026-08-19,Monterrey Mexico Temple,51,1,country,Mexico
2026-08-19,Montevideo Uruguay Temple,95,2,country,Uruguay
2026-08-19,Monticello Utah Temple,60,0,state,Utah
2026-08-19,Montreal Quebec Temple,34,0,country,Canada
2026-08-19,Moses Lake Washington Temple,86,1,state,Washington
2026-08-19,Mount Timpanogos Utah Temple,1127,5,state,Utah
2026-08-19,Mérida Mexico Temple,73,1,country,Mexico
2026-08-19,Nairobi Kenya Temple,64,11,country,Kenya
2026-08-19,Nashville Tennessee Temple,156,1,state,Tennessee
2026-08-19,Nauvoo Illinois Temple,142,1,state,Illinois
2026-08-19,Newport Beach California Temple,266,5,state,California
2026-08-19,Nuku'alofa Tonga Temple,57,2,country,Tonga
2026-08-19,Oakland California Temple,163,1,state,California
2026-08-19,Oaxaca Mexico Temple,4,1,country,Mexico
2026-08-19,Ogden Utah Temple,640,5,state,Utah
2026-08-19,Oklahoma City Oklahoma Temple,125,1,state,Oklahoma
2026-08-19,Oquirrh Mountain Utah Temple,692,9,state,Utah
2026-08-19,Orem Utah Temple,832,2,state,Utah
2026-08-19,Palmyra New York Temple,20,1,state,New York
2026-08-19,Panama City Panama Temple,38,1,country,Panama
2026-08-19,Papeete Tahiti Temple,183,0,country,French Polynesia
2026-08-19,Paris France Temple,88,0,country,France
2026-08-19,Payson Utah Temple,961,6,state,Utah
2026-08-19,Perth Australia Temple,88,0,country,Australia
2026-08-19,Phoenix Arizona Temple,325,0,state,Arizona
2026-08-19,Pocatello Idaho Temple,369,0,state,Idaho
2026-08-19,Portland Oregon Temple,285,3,state,Oregon
2026-08-19,Porto Alegre Brazil Temple,92,1,country,Brazil
2026-08-19,Praia Cape Verde Temple,3,1,country,Cape Verde
2026-08-19,Preston England Temple,313,1,country,United Kingdom
2026-08-19,Provo City Center Temple,955,5,state,Utah
2026-08-19,Puebla Mexico Temple,127,0,country,Mexico
2026-08-19,Quetzaltenango Guatemala Temple,41,0,country,Guatemala
2026-08-19,Quito Ecuador Temple,72,3,country,Ecuador
2026-08-19,Raleigh North Carolina Temple,129,0,state,North Carolina
2026-08-19,Recife Brazil Temple,57,3,country,Brazil
2026-08-19,Red Cliffs Utah Temple,782,1,state,Utah
2026-08-19,Redlands California Temple,219,0,state,California
2026-08-19,Reno Nevada Temple,67,0,state,Nevada
2026-08-19,Richmond Virginia Temple,178,1,state,Virginia
2026-08-19,Rio de Janeiro Brazil Temple,35,1,country,Brazil
2026-08-19,Rome Italy Temple,83,2,country,Italy
2026-08-19,Salta Argentina Temple,7,0,country,Argentina
2026-08-19,Salvador Brazil Temple,40,0,country,Brazil
2026-08-19,San Antonio Texas Temple,189,1,state,Texas
2026-08-19,San José Costa Rica Temple,63,0,country,Costa Rica
2026-08-19,San Juan Puerto Rico Temple,44,0,country,Puerto Rico
2026-08-19,San Salvador El Salvador Temple,49,2,country,El Salvador
2026-08-19,Santo Domingo Dominican Republic Temple,9,3,country,Dominican Republic
2026-08-19,Sapporo Japan Temple,37,0,country,Japan
2026-08-19,Saratoga Springs Utah Temple,509,1,state,Utah
2026-08-19,Seoul Korea Temple,93,0,country,South Korea
2026-08-19,Snowflake Arizona Temple,288,0,state,Arizona
2026-08-19,Spokane Washington Temple,269,0,state,Washington
2026-08-19,St. George Utah Temple,610,1,state,Utah
2026-08-19,St. Paul Minnesota Temple,80,1,state,Minnesota
2026-08-19,Star Valley Wyoming Temple,181,0,state,Wyoming
2026-08-19,Suva Fiji Temple,106,23,country,Fiji
2026-08-19,Sydney Australia Temple,53,0,country,Australia
2026-08-19,Syracuse Utah Temple,406,5,state,Utah
2026-08-19,Taipei Taiwan Temple,67,2,country,Taiwan
2026-08-19,Tallahassee Florida Temple,36,0,state,Florida
2026-08-19,Taylorsville Utah Temple,1031,3,state,Utah
2026-08-19,Tegucigalpa Honduras Temple,7,0,country,Honduras
2026-08-19,The Gila Valley Arizona Temple,162,0,state,Arizona
2026-08-19,The Hague Netherlands Temple,6,0,country,Netherlands
2026-08-19,Tijuana Mexico Temple,18,1,country,Mexico
2026-08-19,Tokyo Japan Temple,76,1,country,Japan
2026-08-19,Toronto Ontario Temple,75,1,country,Canada
2026-08-19,Trujillo Peru Temple,19,1,country,Peru
2026-08-19,Tuxtla Gutiérrez Mexico Temple,9,1,country,Mexico
2026-08-19,Vancouver British Columbia Temple,116,0,country,Canada
2026-08-19,Veracruz Mexico Temple,11,0,country,Mexico
2026-08-19,Vernal Utah Temple,351,1,state,Utah
2026-08-19,Villahermosa Mexico Temple,38,0,country,Mexico
2026-08-19,Washington D.C. Temple,106,1,state,Maryland
2026-08-19,Willamette Valley Oregon Temple,166,1,state,Oregon
2026-08-19,Winter Quarters Nebraska Temple,113,1,state,Nebraska
2026-08-19,Yorba Linda California Temple,228,1,state,California
2026-08-20,Abidjan Ivory Coast Temple,77,0,country,Ivory Coast
2026-08-20,Accra Ghana Temple,176,14,country,Ghana
2026-08-20,Adelaide Australia Temple,50,0,country,Australia
2026-08-20,Alabang Philippines Temple,176,2,country,Philippines
2026-08-20,Albuquerque New Mexico Temple,119,0,state,New Mexico
2026-08-20,Antofagasta Chile Temple,72,0,country,Chile
2026-08-20,Apia Samoa Temple,271,0,country,Samoa
2026-08-20,Arequipa Peru Temple,4,0,country,Peru
2026-08-20,Asunción Paraguay Temple,102,1,country,Paraguay
2026-08-20,Atlanta Georgia Temple,164,2,state,Georgia
2026-08-20,Auckland New Zealand Temple,281,0,country,New Zealand
2026-08-20,Bacolod Philippines Temple,131,0,country,Philippines
2026-08-20,Bahía Blanca Argentina Temple,38,0,country,Argentina
2026-08-20,Bangkok Thailand Temple,52,0,country,Thailand
2026-08-20,Barranquilla Colombia Temple,7,0,country,Colombia
2026-08-20,Baton Rouge Louisiana Temple,10,0,state,Louisiana
2026-08-20,Belo Horizonte Brazil Temple,46,2,country,Brazil
2026-08-20,Belém Brazil Temple,5,0,country,Brazil
2026-08-20,Bentonville Arkansas Temple,246,0,state,Arkansas
2026-08-20,Bern Switzerland Temple,147,1,country,Switzerland
2026-08-20,Billings Montana Temple,58,1,state,Montana
2026-08-20,Birmingham Alabama Temple,37,2,state,Alabama
2026-08-20,Bogotá Colombia Temple,61,1,country,Colombia
2026-08-20,Boise Idaho Temple,481,0,state,Idaho
2026-08-20,Bountiful Utah Temple,633,4,state,Utah
2026-08-20,Brigham City Utah Temple,439,3,state,Utah
2026-08-20,Brisbane Australia Temple,221,1,country,Australia
2026-08-20,Buenos Aires Argentina Temple,55,1,country,Argentina
2026-08-20,Calgary Alberta Temple,199,3,country,Canada
2026-08-20,Campinas Brazil Temple,96,1,country,Brazil
2026-08-20,Caracas Venezuela Temple,3,1,country,Venezuela
2026-08-20,Cardston Alberta Temple,368,4,country,Canada
2026-08-20,Casper Wyoming Temple,113,0,state,Wyoming
2026-08-20,Cebu City Philippines Temple,128,23,country,Philippines
2026-08-20,Cedar City Utah Temple,404,3,state,Utah
2026-08-20,Chicago Illinois Temple,100,0,state,Illinois
2026-08-20,Ciudad Juárez Mexico Temple,31,0,country,Mexico
2026-08-20,Cleveland Ohio Temple,66,0,state,Ohio
2026-08-20,Cochabamba Bolivia Temple,46,2,country,Bolivia
2026-08-20,Columbia River Washington Temple,212,3,state,Washington
2026-08-20,Columbia South Carolina Temple,149,2,state,South Carolina
2026-08-20,Columbus Ohio Temple,102,0,state,Ohio
2026-08-20,Concepción Chile Temple,128,2,country,Chile
2026-08-20,Copenhagen Denmark Temple,38,0,country,Denmark
2026-08-20,Córdoba Argentina Temple,25,7,country,Argentina
2026-08-20,Dallas Texas Temple,355,4,state,Texas
2026-08-20,Davao Philippines Temple,51,3,country,Philippines
2026-08-20,Denver Colorado Temple,352,2,state,Colorado
2026-08-20,Deseret Peak Utah Temple,279,0,state,Utah
2026-08-20,Detroit Michigan Temple,86,1,state,Michigan
2026-08-20,Draper Utah Temple,601,6,state,Utah
2026-08-20,Elko Nevada Temple,65,0,state,Nevada
2026-08-20,Farmington New Mexico Temple,68,0,state,New Mexico
2026-08-20,Feather River California Temple,139,3,state,California
2026-08-20,Fort Collins Colorado Temple,169,3,state,Colorado
2026-08-20,Fort Lauderdale Florida Temple,16,0,state,Florida
2026-08-20,Fortaleza Brazil Temple,35,1,country,Brazil
2026-08-20,Frankfurt Germany Temple,328,1,country,Germany
2026-08-20,Freiberg Germany Temple,36,0,country,Germany
2026-08-20,Fresno California Temple,113,0,state,California
2026-08-20,Fukuoka Japan Temple,23,0,country,Japan
2026-08-20,Gilbert Arizona Temple,920,6,state,Arizona
2026-08-20,Grand Junction Colorado Temple,126,1,state,Colorado
2026-08-20,Guadalajara Mexico Temple,6,0,country,Mexico
2026-08-20,Guatemala City Guatemala Temple,83,0,country,Guatemala
2026-08-20,Guayaquil Ecuador Temple,170,3,country,Ecuador
2026-08-20,Halifax Nova Scotia Temple,36,0,country,Canada
2026-08-20,Harare Zimbabwe Temple,65,12,country,Zimbabwe
2026-08-20,Helena Montana Temple,60,0,state,Montana
2026-08-20,Helsinki Finland Temple,32,0,country,Finland
2026-08-20,Hong Kong China Temple,97,2,country,Hong Kong
2026-08-20,Houston Texas Temple,304,3,state,Texas
2026-08-20,Idaho Falls Idaho Temple,1059,3,state,Idaho
2026-08-20,Indianapolis Indiana Temple,61,1,state,Indiana
2026-08-20,Johannesburg South Africa Temple,89,5,country,South Africa
2026-08-20,Jordan River Utah Temple,1622,8,state,Utah
2026-08-20,Kansas City Missouri Temple,228,2,state,Missouri
2026-08-20,Kinshasa Democratic Republic of the Congo Temple,15,1,country,Democratic Republic of the Congo
2026-08-20,Laie Hawaii Temple,149,3,state,Hawaii
2026-08-20,Las Vegas Nevada Temple,347,4,state,Nevada
2026-08-20,Layton Utah Temple,706,1,state,Utah
2026-08-20,Lima Peru Los Olivos Temple,47,3,country,Peru
2026-08-20,Lima Peru Temple,70,1,country,Peru
2026-08-20,Lindon Utah Temple,845,3,state,Utah
2026-08-20,Lisbon Portugal Temple,86,0,country,Portugal
2026-08-20,Logan Utah Temple,1022,4,state,Utah
2026-08-20,London England Temple,119,2,country,United Kingdom
2026-08-20,Louisville Kentucky Temple,55,0,state,Kentucky
2026-08-20,Lubbock Texas Temple,47,0,state,Texas
2026-08-20,Madrid Spain Temple,194,3,country,Spain
2026-08-20,Manila Philippines Temple,196,9,country,Philippines
2026-08-20,Manti Utah Temple,356,3,state,Utah
2026-08-20,Melbourne Australia Temple,94,0,country,Australia
2026-08-20,Memphis Tennessee Temple,107,0,state,Tennessee
2026-08-20,Mendoza Argentina Temple,62,0,country,Argentina
2026-08-20,Meridian Idaho Temple,481,6,state,Idaho
2026-08-20,Mexico City Mexico Temple,287,6,country,Mexico
2026-08-20,Monterrey Mexico Temple,51,2,country,Mexico
2026-08-20,Montevideo Uruguay Temple,33,0,country,Uruguay
2026-08-20,Monticello Utah Temple,52,0,state,Utah
2026-08-20,Montreal Quebec Temple,110,0,country,Canada
2026-08-20,Moses Lake Washington Temple,89,0,state,Washington
2026-08-20,Mount Timpanogos Utah Temple,1359,10,state,Utah
2026-08-20,Mérida Mexico Temple,25,2,country,Mexico
2026-08-20,Nairobi Kenya Temple,37,1,country,Kenya
2026-08-20,Nashville Tennessee Temple,39,0,state,Tennessee
2026-08-20,Nauvoo Illinois Temple,121,0,state,Illinois
2026-08-20,Newport Beach California Temple,336,2,state,California
2026-08-20,Nuku'alofa Tonga Temple,147,1,country,Tonga
2026-08-20,Oakland California Temple,197,1,state,California
2026-08-20,Oaxaca Mexico Temple,15,1,country,Mexico
2026-08-20,Ogden Utah Temple,868,7,state,Utah
2026-08-20,Okinawa Japan Temple,58,1,country,Japan
2026-08-20,Oklahoma City Oklahoma Temple,157,2,state,Oklahoma
2026-08-20,Oquirrh Mountain Utah Temple,691,5,state,Utah
2026-08-20,Orem Utah Temple,910,4,state,Utah
2026-08-20,Palmyra New York Temple,107,0,state,New York
2026-08-20,Panama City Panama Temple,9,1,country,Panama
2026-08-20,Papeete Tahiti Temple,207,1,country,French Polynesia
2026-08-20,Paris France Temple,103,0,country,France
2026-08-20,Payson Utah Temple,1271,6,state,Utah
2026-08-20,Perth Australia Temple,60,0,country,Australia
2026-08-20,Philadelphia Pennsylvania Temple,133,5,state,Pennsylvania
2026-08-20,Phoenix Arizona Temple,320,4,state,Arizona
2026-08-20,Pittsburgh Pennsylvania Temple,92,0,state,Pennsylvania
2026-08-20,Pocatello Idaho Temple,504,4,state,Idaho
2026-08-20,Port-au-Prince Haiti Temple,22,0,country,Haiti
2026-08-20,Portland Oregon Temple,272,2,state,Oregon
2026-08-20,Porto Alegre Brazil Temple,80,2,country,Brazil
2026-08-20,Praia Cape Verde Temple,0,0,country,Cape Verde
2026-08-20,Preston England Temple,282,1,country,United Kingdom
2026-08-20,Provo City Center Temple,981,5,state,Utah
2026-08-20,Puebla Mexico Temple,98,2,country,Mexico
2026-08-20,Quetzaltenango Guatemala Temple,30,0,country,Guatemala
2026-08-20,Quito Ecuador Temple,105,1,country,Ecuador
2026-08-20,Raleigh North Carolina Temple,116,1,state,North Carolina
2026-08-20,Recife Brazil Temple,27,1,country,Brazil
2026-08-20,Red Cliffs Utah Temple,585,4,state,Utah
2026-08-20,Redlands California Temple,202,0,state,California
2026-08-20,Reno Nevada Temple,88,1,state,Nevada
2026-08-20,Richmond Virginia Temple,113,1,state,Virginia
2026-08-20,Rio de Janeiro Brazil Temple,64,1,country,Brazil
2026-08-20,Rome Italy Temple,94,3,country,Italy
2026-08-20,Salta Argentina Temple,20,1,country,Argentina
2026-08-20,Salvador Brazil Temple,45,0,country,Brazil
2026-08-20,San Antonio Texas Temple,237,0,state,Texas
2026-08-20,San José Costa Rica Temple,39,0,country,Costa Rica
2026-08-20,San Juan Puerto Rico Temple,21,1,country,Puerto Rico
2026-08-20,San Salvador El Salvador Temple,37,0,country,El Salvador
2026-08-20,Santo Domingo Dominican Republic Temple,3,1,country,Dominican Republic
2026-08-20,Sapporo Japan Temple,112,1,country,Japan
2026-08-20,Saratoga Springs Utah Temple,668,9,state,Utah
2026-08-20,Seoul Korea Temple,83,0,country,South Korea
2026-08-20,Snowflake Arizona Temple,334,0,state,Arizona
2026-08-20,Spokane Washington Temple,289,0,state,Washington
2026-08-20,St. George Utah Temple,696,1,state,Utah
2026-08-20,St. Paul Minnesota Temple,97,0,state,Minnesota
2026-08-20,Star Valley Wyoming Temple,183,1,state,Wyoming
2026-08-20,Suva Fiji Temple,58,1,country,Fiji
2026-08-20,Sydney Australia Temple,61,0,country,Australia
2026-08-20,Syracuse Utah Temple,431,4,state,Utah
2026-08-20,Taipei Taiwan Temple,44,1,country,Taiwan
2026-08-20,Tallahassee Florida Temple,145,2,state,Florida
2026-08-20,Taylorsville Utah Temple,1068,4,state,Utah
2026-08-20,Tegucigalpa Honduras Temple,11,1,country,Honduras
2026-08-20,The Gila Valley Arizona Temple,153,0,state,Arizona
2026-08-20,The Hague Netherlands Temple,7,0,country,Netherlands
2026-08-20,Tijuana Mexico Temple,23,1,country,Mexico
2026-08-20,Tokyo Japan Temple,240,0,country,Japan
2026-08-20,Toronto Ontario Temple,130,0,country,Canada
2026-08-20,Trujillo Peru Temple,62,0,country,Peru
2026-08-20,Tuxtla Gutiérrez Mexico Temple,8,1,country,Mexico
2026-08-20,Vancouver British Columbia Temple,20,0,country,Canada
2026-08-20,Veracruz Mexico Temple,31,2,country,Mexico
2026-08-20,Vernal Utah Temple,299,0,state,Utah
2026-08-20,Villahermosa Mexico Temple,2,0,country,Mexico
2026-08-20,Washington D.C. Temple,285,1,state,Maryland
2026-08-20,Willamette Valley Oregon Temple,140,2,state,Oregon
2026-08-20,Winnipeg Manitoba Temple,39,0,country,Canada
2026-08-20,Winter Quarters Nebraska Temple,34,0,state,Nebraska
2026-08-20,Yorba Linda California Temple,160,1,state,California
2026-08-21,Abidjan Ivory Coast Temple,105,3,country,Ivory Coast
2026-08-21,Accra Ghana Temple,217,21,country,Ghana
2026-08-21,Adelaide Australia Temple,44,1,country,Australia
2026-08-21,Alabang Philippines Temple,281,7,country,Philippines
2026-08-21,Albuquerque New Mexico Temple,151,1,state,New Mexico
2026-08-21,Antofagasta Chile Temple,59,1,country,Chile
2026-08-21,Apia Samoa Temple,369,9,country,Samoa
2026-08-21,Arequipa Peru Temple,90,0,country,Peru
2026-08-21,Asunción Paraguay Temple,96,2,country,Paraguay
2026-08-21,Atlanta Georgia Temple,195,1,state,Georgia
2026-08-21,Auckland New Zealand Temple,381,1,country,New Zealand
2026-08-21,Bacolod Philippines Temple,160,17,country,Philippines
2026-08-21,Bahía Blanca Argentina Temple,76,0,country,Argentina
2026-08-21,Bangkok Thailand Temple,47,0,country,Thailand
2026-08-21,Barranquilla Colombia Temple,28,0,country,Colombia
2026-08-21,Baton Rouge Louisiana Temple,74,1,state,Louisiana
2026-08-21,Belo Horizonte Brazil Temple,106,4,country,Brazil
2026-08-21,Belém Brazil Temple,31,0,country,Brazil
2026-08-21,Bentonville Arkansas Temple,279,2,state,Arkansas
2026-08-21,Bern Switzerland Temple,191,1,country,Switzerland
2026-08-21,Billings Montana Temple,106,1,state,Montana
2026-08-21,Birmingham Alabama Temple,62,0,state,Alabama
2026-08-21,Bogotá Colombia Temple,84,3,country,Colombia
2026-08-21,Boise Idaho Temple,500,3,state,Idaho
2026-08-21,Boston Massachusetts Temple,94,2,state,Massachusetts
2026-08-21,Bountiful Utah Temple,682,11,state,Utah
2026-08-21,Brigham City Utah Temple,436,3,state,Utah
2026-08-21,Brisbane Australia Temple,216,3,country,Australia
2026-08-21,Buenos Aires Argentina Temple,111,4,country,Argentina
2026-08-21,Burley Idaho Temple,470,5,state,Idaho
2026-08-21,Calgary Alberta Temple,194,0,country,Canada
2026-08-21,Campinas Brazil Temple,120,14,country,Brazil
2026-08-21,Caracas Venezuela Temple,126,20,country,Venezuela
2026-08-21,Cardston Alberta Temple,404,5,country,Canada
2026-08-21,Casper Wyoming Temple,40,0,state,Wyoming
2026-08-21,Cebu City Philippines Temple,198,2,country,Philippines
2026-08-21,Cedar City Utah Temple,320,2,state,Utah
2026-08-21,Chicago Illinois Temple,149,4,state,Illinois
2026-08-21,Ciudad Juárez Mexico Temple,121,0,country,Mexico
2026-08-21,Cleveland Ohio Temple,130,0,state,Ohio
2026-08-21,Cobán Guatemala Temple,29,0,country,Guatemala
2026-08-21,Cochabamba Bolivia Temple,76,7,country,Bolivia
2026-08-21,Colonia Juárez Chihuahua Mexico Temple,44,3,country,Mexico
2026-08-21,Columbia River Washington Temple,267,3,state,Washington
2026-08-21,Columbia South Carolina Temple,115,1,state,South Carolina
2026-08-21,Columbus Ohio Temple,122,1,state,Ohio
2026-08-21,Concepción Chile Temple,198,1,country,Chile
2026-08-21,Copenhagen Denmark Temple,37,1,country,Denmark
2026-08-21,Córdoba Argentina Temple,25,0,country,Argentina
2026-08-21,Dallas Texas Temple,526,7,state,Texas
2026-08-21,Davao Philippines Temple,150,6,country,Philippines
2026-08-21,Denver Colorado Temple,350,4,state,Colorado
2026-08-21,Deseret Peak Utah Temple,323,3,state,Utah
2026-08-21,Detroit Michigan Temple,124,4,state,Michigan
2026-08-21,Draper Utah Temple,608,9,state,Utah
2026-08-21,Elko Nevada Temple,80,0,state,Nevada
2026-08-21,Farmington New Mexico Temple,170,2,state,New Mexico
2026-08-21,Feather River California Temple,176,5,state,California
2026-08-21,Fort Collins Colorado Temple,217,2,state,Colorado
2026-08-21,Fort Lauderdale Florida Temple,99,1,state,Florida
2026-08-21,Fortaleza Brazil Temple,91,0,country,Brazil
2026-08-21,Frankfurt Germany Temple,303,1,country,Germany
2026-08-21,Freiberg Germany Temple,43,0,country,Germany
2026-08-21,Fresno California Temple,202,1,state,California
2026-08-21,Fukuoka Japan Temple,60,0,country,Japan
2026-08-21,Gilbert Arizona Temple,1047,13,state,Arizona
2026-08-21,Grand Junction Colorado Temple,100,1,state,Colorado
2026-08-21,Guadalajara Mexico Temple,41,1,country,Mexico
2026-08-21,Guatemala City Guatemala Temple,121,1,country,Guatemala
2026-08-21,Guayaquil Ecuador Temple,176,2,country,Ecuador
2026-08-21,Halifax Nova Scotia Temple,20,0,country,Canada
2026-08-21,Harare Zimbabwe Temple,57,0,country,Zimbabwe
2026-08-21,Hartford Connecticut Temple,84,2,state,Connecticut
2026-08-21,Helena Montana Temple,93,1,state,Montana
2026-08-21,Helsinki Finland Temple,25,0,country,Finland
2026-08-21,Hong Kong China Temple,91,0,country,Hong Kong
2026-08-21,Houston Texas Temple,484,7,state,Texas
2026-08-21,Idaho Falls Idaho Temple,1110,12,state,Idaho
2026-08-21,Indianapolis Indiana Temple,124,1,state,Indiana
2026-08-21,Johannesburg South Africa Temple,129,2,country,South Africa
2026-08-21,Jordan River Utah Temple,1564,16,state,Utah
2026-08-21,Kansas City Missouri Temple,321,1,state,Missouri
2026-08-21,Kinshasa Democratic Republic of the Congo Temple,28,0,country,Democratic Republic of the Congo
2026-08-21,Kyiv Ukraine Temple,0,0,country,Ukraine
2026-08-21,Laie Hawaii Temple,334,3,state,Hawaii
2026-08-21,Las Vegas Nevada Temple,443,8,state,Nevada
2026-08-21,Layton Utah Temple,683,8,state,Utah
2026-08-21,Lima Peru Los Olivos Temple,83,8,country,Peru
2026-08-21,Lima Peru Temple,57,5,country,Peru
2026-08-21,Lindon Utah Temple,882,7,state,Utah
2026-08-21,Lisbon Portugal Temple,30,0,country,Portugal
2026-08-21,Logan Utah Temple,752,4,state,Utah
2026-08-21,London England Temple,174,1,country,United Kingdom
2026-08-21,Louisville Kentucky Temple,107,0,state,Kentucky
2026-08-21,Lubbock Texas Temple,92,0,state,Texas
2026-08-21,Madrid Spain Temple,175,1,country,Spain
2026-08-21,Manila Philippines Temple,208,6,country,Philippines
2026-08-21,Manti Utah Temple,367,3,state,Utah
2026-08-21,McAllen Texas Temple,60,0,state,Texas
2026-08-21,Melbourne Australia Temple,134,0,country,Australia
2026-08-21,Memphis Tennessee Temple,62,0,state,Tennessee
2026-08-21,Mendoza Argentina Temple,58,0,country,Argentina
2026-08-21,Meridian Idaho Temple,477,6,state,Idaho
2026-08-21,Mexico City Mexico Temple,445,9,country,Mexico
2026-08-21,Monterrey Mexico Temple,191,7,country,Mexico
2026-08-21,Montevideo Uruguay Temple,84,2,country,Uruguay
2026-08-21,Monticello Utah Temple,57,0,state,Utah
2026-08-21,Montreal Quebec Temple,107,0,country,Canada
2026-08-21,Moses Lake Washington Temple,94,1,state,Washington
2026-08-21,Mount Timpanogos Utah Temple,1268,11,state,Utah
2026-08-21,Mérida Mexico Temple,64,2,country,Mexico
2026-08-21,Nairobi Kenya Temple,63,19,country,Kenya
2026-08-21,Nashville Tennessee Temple,187,3,state,Tennessee
2026-08-21,Nauvoo Illinois Temple,195,3,state,Illinois
2026-08-21,Newport Beach California Temple,308,6,state,California
2026-08-21,Nuku'alofa Tonga Temple,91,7,country,Tonga
2026-08-21,Oakland California Temple,214,0,state,California
2026-08-21,Oaxaca Mexico Temple,4,1,country,Mexico
2026-08-21,Ogden Utah Temple,643,11,state,Utah
2026-08-21,Okinawa Japan Temple,13,0,country,Japan
2026-08-21,Oklahoma City Oklahoma Temple,122,2,state,Oklahoma
2026-08-21,Oquirrh Mountain Utah Temple,726,10,state,Utah
2026-08-21,Orem Utah Temple,866,6,state,Utah
2026-08-21,Palmyra New York Temple,52,0,state,New York
2026-08-21,Panama City Panama Temple,16,2,country,Panama
2026-08-21,Papeete Tahiti Temple,229,2,country,French Polynesia
2026-08-21,Paris France Temple,83,0,country,France
2026-08-21,Payson Utah Temple,1261,10,state,Utah
2026-08-21,Perth Australia Temple,49,0,country,Australia
2026-08-21,Philadelphia Pennsylvania Temple,122,3,state,Pennsylvania
2026-08-21,Phoenix Arizona Temple,446,2,state,Arizona
2026-08-21,Pittsburgh Pennsylvania Temple,64,1,state,Pennsylvania
2026-08-21,Pocatello Idaho Temple,526,7,state,Idaho
2026-08-21,Port-au-Prince Haiti Temple,1,0,country,Haiti
2026-08-21,Portland Oregon Temple,232,0,state,Oregon
2026-08-21,Porto Alegre Brazil Temple,129,0,country,Brazil
2026-08-21,Praia Cape Verde Temple,0,0,country,Cape Verde
2026-08-21,Preston England Temple,272,6,country,United Kingdom
2026-08-21,Provo City Center Temple,1099,12,state,Utah
2026-08-21,Puebla Mexico Temple,164,1,country,Mexico
2026-08-21,Quetzaltenango Guatemala Temple,49,2,country,Guatemala
2026-08-21,Quito Ecuador Temple,170,4,country,Ecuador
2026-08-21,Raleigh North Carolina Temple,204,1,state,North Carolina
2026-08-21,Recife Brazil Temple,39,0,country,Brazil
2026-08-21,Red Cliffs Utah Temple,586,4,state,Utah
2026-08-21,Redlands California Temple,222,1,state,California
2026-08-21,Regina Saskatchewan Temple,40,2,country,Canada
2026-08-21,Reno Nevada Temple,169,0,state,Nevada
2026-08-21,Richmond Virginia Temple,141,2,state,Virginia
2026-08-21,Rio de Janeiro Brazil Temple,26,0,country,Brazil
2026-08-21,Rome Italy Temple,101,2,country,Italy
2026-08-21,Salta Argentina Temple,22,0,country,Argentina
2026-08-21,Salvador Brazil Temple,103,1,country,Brazil
2026-08-21,San Antonio Texas Temple,255,4,state,Texas
2026-08-21,San José Costa Rica Temple,15,1,country,Costa Rica
2026-08-21,San Juan Puerto Rico Temple,27,0,country,Puerto Rico
2026-08-21,San Salvador El Salvador Temple,48,3,country,El Salvador
2026-08-21,Santo Domingo Dominican Republic Temple,20,3,country,Dominican Republic
2026-08-21,Sapporo Japan Temple,106,0,country,Japan
2026-08-21,Saratoga Springs Utah Temple,715,12,state,Utah
2026-08-21,Seoul Korea Temple,105,1,country,South Korea
2026-08-21,Snowflake Arizona Temple,352,2,state,Arizona
2026-08-21,Spokane Washington Temple,336,4,state,Washington
2026-08-21,St. George Utah Temple,642,3,state,Utah
2026-08-21,St. Paul Minnesota Temple,124,2,state,Minnesota
2026-08-21,Star Valley Wyoming Temple,171,0,state,Wyoming
2026-08-21,Suva Fiji Temple,51,0,country,Fiji
2026-08-21,Sydney Australia Temple,99,2,country,Australia
2026-08-21,Syracuse Utah Temple,389,3,state,Utah
2026-08-21,Taipei Taiwan Temple,95,2,country,Taiwan
2026-08-21,Tallahassee Florida Temple,128,3,state,Florida
2026-08-21,Taylorsville Utah Temple,982,5,state,Utah
2026-08-21,Tegucigalpa Honduras Temple,7,0,country,Honduras
2026-08-21,The Gila Valley Arizona Temple,205,3,state,Arizona
2026-08-21,The Hague Netherlands Temple,67,1,country,Netherlands
2026-08-21,Tijuana Mexico Temple,26,0,country,Mexico
2026-08-21,Tokyo Japan Temple,273,3,country,Japan
2026-08-21,Toronto Ontario Temple,163,3,country,Canada
2026-08-21,Trujillo Peru Temple,42,1,country,Peru
2026-08-21,Tuxtla Gutiérrez Mexico Temple,18,6,country,Mexico
2026-08-21,Vancouver British Columbia Temple,92,2,country,Canada
2026-08-21,Veracruz Mexico Temple,12,0,country,Mexico
2026-08-21,Vernal Utah Temple,305,0,state,Utah
2026-08-21,Villahermosa Mexico Temple,21,0,country,Mexico
2026-08-21,Washington D.C. Temple,390,6,state,Maryland
2026-08-21,Willamette Valley Oregon Temple,181,1,state,Oregon
2026-08-21,Winnipeg Manitoba Temple,36,0,country,Canada
2026-08-21,Winter Quarters Nebraska Temple,117,0,state,Nebraska
2026-08-21,Yorba Linda California Temple,160,1,state,California
2026-08-22,Abidjan Ivory Coast Temple,29,0,country,Ivory Coast
2026-08-22,Accra Ghana Temple,119,9,country,Ghana
2026-08-22,Adelaide Australia Temple,22,0,country,Australia
2026-08-22,Alabang Philippines Temple,185,2,country,Philippines
2026-08-22,Albuquerque New Mexico Temple,137,1,state,New Mexico
2026-08-22,Antofagasta Chile Temple,93,2,country,Chile
2026-08-22,Apia Samoa Temple,184,1,country,Samoa
2026-08-22,Arequipa Peru Temple,259,3,country,Peru
2026-08-22,Asunción Paraguay Temple,104,5,country,Paraguay
2026-08-22,Atlanta Georgia Temple,252,5,state,Georgia
2026-08-22,Auckland New Zealand Temple,454,7,country,New Zealand
2026-08-22,Bacolod Philippines Temple,200,16,country,Philippines
2026-08-22,Bahía Blanca Argentina Temple,133,4,country,Argentina
2026-08-22,Bangkok Thailand Temple,41,0,country,Thailand
2026-08-22,Barranquilla Colombia Temple,119,1,country,Colombia
2026-08-22,Baton Rouge Louisiana Temple,151,2,state,Louisiana
2026-08-22,Belo Horizonte Brazil Temple,145,4,country,Brazil
2026-08-22,Belém Brazil Temple,29,2,country,Brazil
2026-08-22,Bentonville Arkansas Temple,275,6,state,Arkansas
2026-08-22,Bern Switzerland Temple,97,1,country,Switzerland
2026-08-22,Billings Montana Temple,103,2,state,Montana
2026-08-22,Birmingham Alabama Temple,81,2,state,Alabama
2026-08-22,Bogotá Colombia Temple,231,6,country,Colombia
2026-08-22,Boise Idaho Temple,455,10,state,Idaho
2026-08-22,Boston Massachusetts Temple,207,10,state,Massachusetts
2026-08-22,Bountiful Utah Temple,871,18,state,Utah
2026-08-22,Brigham City Utah Temple,431,8,state,Utah
2026-08-22,Brisbane Australia Temple,316,4,country,Australia
2026-08-22,Buenos Aires Argentina Temple,287,16,country,Argentina
2026-08-22,Burley Idaho Temple,360,6,state,Idaho
2026-08-22,Calgary Alberta Temple,195,2,country,Canada
2026-08-22,Campinas Brazil Temple,418,9,country,Brazil
2026-08-22,Caracas Venezuela Temple,173,15,country,Venezuela
2026-08-22,Cardston Alberta Temple,270,1,country,Canada
2026-08-22,Casper Wyoming Temple,58,1,state,Wyoming
2026-08-22,Cebu City Philippines Temple,256,5,country,Philippines
2026-08-22,Cedar City Utah Temple,259,4,state,Utah
2026-08-22,Chicago Illinois Temple,133,4,state,Illinois
2026-08-22,Ciudad Juárez Mexico Temple,240,2,country,Mexico
2026-08-22,Cleveland Ohio Temple,123,0,state,Ohio
2026-08-22,Cobán Guatemala Temple,104,10,country,Guatemala
2026-08-22,Cochabamba Bolivia Temple,245,13,country,Bolivia
2026-08-22,Colonia Juárez Chihuahua Mexico Temple,50,2,country,Mexico
2026-08-22,Columbia River Washington Temple,293,6,state,Washington
2026-08-22,Columbia South Carolina Temple,208,2,state,South Carolina
2026-08-22,Columbus Ohio Temple,113,3,state,Ohio
2026-08-22,Concepción Chile Temple,264,3,country,Chile
2026-08-22,Copenhagen Denmark Temple,63,0,country,Denmark
2026-08-22,Córdoba Argentina Temple,92,4,country,Argentina
2026-08-22,Dallas Texas Temple,844,15,state,Texas
2026-08-22,Davao Philippines Temple,150,13,country,Philippines
2026-08-22,Denver Colorado Temple,422,9,state,Colorado
2026-08-22,Deseret Peak Utah Temple,362,9,state,Utah
2026-08-22,Detroit Michigan Temple,178,5,state,Michigan
2026-08-22,Draper Utah Temple,604,13,state,Utah
2026-08-22,Elko Nevada Temple,70,1,state,Nevada
2026-08-22,Farmington New Mexico Temple,125,1,state,New Mexico
2026-08-22,Feather River California Temple,129,2,state,California
2026-08-22,Fort Collins Colorado Temple,333,7,state,Colorado
2026-08-22,Fort Lauderdale Florida Temple,293,12,state,Florida
2026-08-22,Fortaleza Brazil Temple,141,0,country,Brazil
2026-08-22,Frankfurt Germany Temple,177,1,country,Germany
2026-08-22,Freiberg Germany Temple,49,1,country,Germany
2026-08-22,Fresno California Temple,177,5,state,California
2026-08-22,Fukuoka Japan Temple,105,0,country,Japan
2026-08-22,Gilbert Arizona Temple,1140,23,state,Arizona
2026-08-22,Grand Junction Colorado Temple,111,2,state,Colorado
2026-08-22,Guatemala City Guatemala Temple,409,17,country,Guatemala
2026-08-22,Guayaquil Ecuador Temple,344,6,country,Ecuador
2026-08-22,Halifax Nova Scotia Temple,30,0,country,Canada
2026-08-22,Harare Zimbabwe Temple,78,11,country,Zimbabwe
2026-08-22,Hartford Connecticut Temple,102,3,state,Connecticut
2026-08-22,Helena Montana Temple,127,3,state,Montana
2026-08-22,Helsinki Finland Temple,36,2,country,Finland
2026-08-22,Hong Kong China Temple,109,0,country,Hong Kong
2026-08-22,Houston Texas Temple,723,15,state,Texas
2026-08-22,Idaho Falls Idaho Temple,941,17,state,Idaho
2026-08-22,Indianapolis Indiana Temple,158,5,state,Indiana
2026-08-22,Johannesburg South Africa Temple,119,7,country,South Africa
2026-08-22,Jordan River Utah Temple,1524,20,state,Utah
2026-08-22,Kansas City Missouri Temple,360,6,state,Missouri
2026-08-22,Kinshasa Democratic Republic of the Congo Temple,63,3,country,Democratic Republic of the Congo
2026-08-22,Kyiv Ukraine Temple,0,0,country,Ukraine
2026-08-22,Laie Hawaii Temple,246,2,state,Hawaii
2026-08-22,Las Vegas Nevada Temple,794,28,state,Nevada
2026-08-22,Layton Utah Temple,711,16,state,Utah
2026-08-22,Lima Peru Los Olivos Temple,297,13,country,Peru
2026-08-22,Lima Peru Temple,297,12,country,Peru
2026-08-22,Lindon Utah Temple,1027,6,state,Utah
2026-08-22,Lisbon Portugal Temple,193,1,country,Portugal
2026-08-22,Logan Utah Temple,1138,20,state,Utah
2026-08-22,London England Temple,214,2,country,United Kingdom
2026-08-22,Louisville Kentucky Temple,109,3,state,Kentucky
2026-08-22,Lubbock Texas Temple,147,3,state,Texas
2026-08-22,Madrid Spain Temple,264,0,country,Spain
2026-08-22,Manila Philippines Temple,154,5,country,Philippines
2026-08-22,Manti Utah Temple,417,9,state,Utah
2026-08-22,McAllen Texas Temple,106,6,state,Texas
2026-08-22,Melbourne Australia Temple,174,2,country,Australia
2026-08-22,Memphis Tennessee Temple,151,4,state,Tennessee
2026-08-22,Mendoza Argentina Temple,169,4,country,Argentina
2026-08-22,Meridian Idaho Temple,599,15,state,Idaho
2026-08-22,Mexico City Mexico Temple,949,43,country,Mexico
2026-08-22,Monterrey Mexico Temple,289,8,country,Mexico
2026-08-22,Montevideo Uruguay Temple,266,4,country,Uruguay
2026-08-22,Monticello Utah Temple,76,3,state,Utah
2026-08-22,Montreal Quebec Temple,114,2,country,Canada
2026-08-22,Moses Lake Washington Temple,118,4,state,Washington
2026-08-22,Mount Timpanogos Utah Temple,1471,26,state,Utah
2026-08-22,Nairobi Kenya Temple,71,6,country,Kenya
2026-08-22,Nashville Tennessee Temple,170,5,state,Tennessee
2026-08-22,Nauvoo Illinois Temple,292,8,state,Illinois
2026-08-22,Newport Beach California Temple,437,12,state,California
2026-08-22,Oakland California Temple,390,13,state,California
2026-08-22,Oaxaca Mexico Temple,69,6,country,Mexico
2026-08-22,Ogden Utah Temple,793,17,state,Utah
2026-08-22,Okinawa Japan Temple,69,1,country,Japan
2026-08-22,Oklahoma City Oklahoma Temple,158,4,state,Oklahoma
2026-08-22,Oquirrh Mountain Utah Temple,752,19,state,Utah
2026-08-22,Orem Utah Temple,945,16,state,Utah
2026-08-22,Palmyra New York Temple,91,3,state,New York
2026-08-22,Panama City Panama Temple,7,3,country,Panama
2026-08-22,Papeete Tahiti Temple,305,8,country,French Polynesia
2026-08-22,Paris France Temple,85,0,country,France
2026-08-22,Payson Utah Temple,1148,14,state,Utah
2026-08-22,Perth Australia Temple,80,0,country,Australia
2026-08-22,Philadelphia Pennsylvania Temple,243,7,state,Pennsylvania
2026-08-22,Phoenix Arizona Temple,512,12,state,Arizona
2026-08-22,Pittsburgh Pennsylvania Temple,98,1,state,Pennsylvania
2026-08-22,Pocatello Idaho Temple,591,14,state,Idaho
2026-08-22,Port-au-Prince Haiti Temple,5,0,country,Haiti
2026-08-22,Portland Oregon Temple,616,15,state,Oregon
2026-08-22,Porto Alegre Brazil Temple,225,6,country,Brazil
2026-08-22,Praia Cape Verde Temple,24,1,country,Cape Verde
2026-08-22,Preston England Temple,236,3,country,United Kingdom
2026-08-22,Provo City Center Temple,1252,13,state,Utah
2026-08-22,Puebla Mexico Temple,334,8,country,Mexico
2026-08-22,Quetzaltenango Guatemala Temple,179,4,country,Guatemala
2026-08-22,Quito Ecuador Temple,170,4,country,Ecuador
2026-08-22,Raleigh North Carolina Temple,206,1,state,North Carolina
2026-08-22,Recife Brazil Temple,271,6,country,Brazil
2026-08-22,Red Cliffs Utah Temple,722,14,state,Utah
2026-08-22,Redlands California Temple,339,3,state,California
2026-08-22,Regina Saskatchewan Temple,46,1,country,Canada
2026-08-22,Reno Nevada Temple,157,4,state,Nevada
2026-08-22,Richmond Virginia Temple,217,3,state,Virginia
2026-08-22,Rio de Janeiro Brazil Temple,218,2,country,Brazil
2026-08-22,Rome Italy Temple,62,1,country,Italy
2026-08-22,Salta Argentina Temple,29,5,country,Argentina
2026-08-22,Salvador Brazil Temple,228,4,country,Brazil
2026-08-22,San Antonio Texas Temple,320,8,state,Texas
2026-08-22,San José Costa Rica Temple,123,5,country,Costa Rica
2026-08-22,San Juan Puerto Rico Temple,80,2,country,Puerto Rico
2026-08-22,San Salvador El Salvador Temple,192,10,country,El Salvador
2026-08-22,Santo Domingo Dominican Republic Temple,105,14,country,Dominican Republic
2026-08-22,Sapporo Japan Temple,83,0,country,Japan
2026-08-22,Saratoga Springs Utah Temple,874,24,state,Utah
2026-08-22,Seoul Korea Temple,341,0,country,South Korea
2026-08-22,Snowflake Arizona Temple,237,3,state,Arizona
2026-08-22,Spokane Washington Temple,296,5,state,Washington
2026-08-22,St. George Utah Temple,587,8,state,Utah
2026-08-22,St. Paul Minnesota Temple,186,0,state,Minnesota
2026-08-22,Star Valley Wyoming Temple,91,1,state,Wyoming
2026-08-22,Suva Fiji Temple,93,3,country,Fiji
2026-08-22,Sydney Australia Temple,135,2,country,Australia
2026-08-22,Syracuse Utah Temple,503,9,state,Utah
2026-08-22,Taipei Taiwan Temple,216,3,country,Taiwan
2026-08-22,Tallahassee Florida Temple,265,6,state,Florida
2026-08-22,Taylorsville Utah Temple,1023,14,state,Utah
2026-08-22,Tegucigalpa Honduras Temple,150,7,country,Honduras
2026-08-22,The Gila Valley Arizona Temple,163,1,state,Arizona
2026-08-22,The Hague Netherlands Temple,82,1,country,Netherlands
2026-08-22,Tijuana Mexico Temple,110,1,country,Mexico
2026-08-22,Tokyo Japan Temple,462,4,country,Japan
2026-08-22,Toronto Ontario Temple,215,1,country,Canada
2026-08-22,Trujillo Peru Temple,182,4,country,Peru
2026-08-22,Tuxtla Gutiérrez Mexico Temple,36,8,country,Mexico
2026-08-22,Vancouver British Columbia Temple,123,2,country,Canada
2026-08-22,Veracruz Mexico Temple,190,16,country,Mexico
2026-08-22,Vernal Utah Temple,322,5,state,Utah
2026-08-22,Villahermosa Mexico Temple,140,5,country,Mexico
2026-08-22,Washington D.C. Temple,636,13,state,Maryland
2026-08-22,Willamette Valley Oregon Temple,117,3,state,Oregon
2026-08-22,Winnipeg Manitoba Temple,36,0,country,Canada
2026-08-22,Winter Quarters Nebraska Temple,169,5,state,Nebraska
2026-08-22,Yorba Linda California Temple,320,3,state,California
2026-08-24,Mount Timpanogos Utah Temple,396,1,state,Utah
2026-08-25,Abidjan Ivory Coast Temple,53,9,country,Ivory Coast
2026-08-25,Accra Ghana Temple,131,12,country,Ghana
2026-08-25,Alabang Philippines Temple,48,3,country,Philippines
2026-08-25,Albuquerque New Mexico Temple,130,1,state,New Mexico
2026-08-25,Apia Samoa Temple,362,6,country,Samoa
2026-08-25,Arequipa Peru Temple,26,0,country,Peru
2026-08-25,Atlanta Georgia Temple,162,3,state,Georgia
2026-08-25,Auckland New Zealand Temple,272,0,country,New Zealand
2026-08-25,Bacolod Philippines Temple,80,12,country,Philippines
2026-08-25,Bangkok Thailand Temple,53,3,country,Thailand
2026-08-25,Barranquilla Colombia Temple,3,0,country,Colombia
2026-08-25,Baton Rouge Louisiana Temple,18,0,state,Louisiana
2026-08-25,Belém Brazil Temple,12,0,country,Brazil
2026-08-25,Bentonville Arkansas Temple,135,0,state,Arkansas
2026-08-25,Bern Switzerland Temple,195,0,country,Switzerland
2026-08-25,Billings Montana Temple,100,0,state,Montana
2026-08-25,Birmingham Alabama Temple,33,0,state,Alabama
2026-08-25,Bogotá Colombia Temple,77,1,country,Colombia
2026-08-25,Boise Idaho Temple,528,2,state,Idaho
2026-08-25,Boston Massachusetts Temple,96,1,state,Massachusetts
2026-08-25,Bountiful Utah Temple,726,6,state,Utah
2026-08-25,Brigham City Utah Temple,442,4,state,Utah
2026-08-25,Brisbane Australia Temple,120,1,country,Australia
2026-08-25,Buenos Aires Argentina Temple,45,0,country,Argentina
2026-08-25,Burley Idaho Temple,355,2,state,Idaho
2026-08-25,Calgary Alberta Temple,146,1,country,Canada
2026-08-25,Campinas Brazil Temple,95,0,country,Brazil
2026-08-25,Caracas Venezuela Temple,7,2,country,Venezuela
2026-08-25,Cardston Alberta Temple,400,1,country,Canada
2026-08-25,Casper Wyoming Temple,105,0,state,Wyoming
2026-08-25,Cebu City Philippines Temple,153,9,country,Philippines
2026-08-25,Cedar City Utah Temple,422,1,state,Utah
2026-08-25,Cleveland Ohio Temple,64,0,state,Ohio
2026-08-25,Cochabamba Bolivia Temple,55,0,country,Bolivia
2026-08-25,Colonia Juárez Chihuahua Mexico Temple,50,2,country,Mexico
2026-08-25,Columbia River Washington Temple,218,0,state,Washington
2026-08-25,Columbia South Carolina Temple,200,1,state,South Carolina
2026-08-25,Columbus Ohio Temple,106,2,state,Ohio
2026-08-25,Concepción Chile Temple,86,3,country,Chile
2026-08-25,Copenhagen Denmark Temple,20,0,country,Denmark
2026-08-25,Córdoba Argentina Temple,6,0,country,Argentina
2026-08-25,Dallas Texas Temple,429,4,state,Texas
2026-08-25,Davao Philippines Temple,51,6,country,Philippines
2026-08-25,Denver Colorado Temple,393,3,state,Colorado
2026-08-25,Deseret Peak Utah Temple,339,2,state,Utah
2026-08-25,Detroit Michigan Temple,38,0,state,Michigan
2026-08-25,Edmonton Alberta Temple,162,0,country,Canada
2026-08-25,Feather River California Temple,159,3,state,California
2026-08-25,Fort Lauderdale Florida Temple,38,0,state,Florida
2026-08-25,Fortaleza Brazil Temple,116,1,country,Brazil
2026-08-25,Frankfurt Germany Temple,76,0,country,Germany
2026-08-25,Freiberg Germany Temple,33,0,country,Germany
2026-08-25,Fresno California Temple,145,0,state,California
2026-08-25,Gilbert Arizona Temple,980,7,state,Arizona
2026-08-25,Grand Junction Colorado Temple,44,0,state,Colorado
2026-08-25,Guadalajara Mexico Temple,20,1,country,Mexico
2026-08-25,Guatemala City Guatemala Temple,75,0,country,Guatemala
2026-08-25,Guayaquil Ecuador Temple,68,2,country,Ecuador
2026-08-25,Harare Zimbabwe Temple,53,14,country,Zimbabwe
2026-08-25,Helena Montana Temple,84,1,state,Montana
2026-08-25,Hong Kong China Temple,143,3,country,Hong Kong
2026-08-25,Idaho Falls Idaho Temple,1216,9,state,Idaho
2026-08-25,Indianapolis Indiana Temple,54,1,state,Indiana
2026-08-25,Johannesburg South Africa Temple,82,30,country,South Africa
2026-08-25,Jordan River Utah Temple,1944,8,state,Utah
2026-08-25,Kansas City Missouri Temple,253,2,state,Missouri
2026-08-25,Kinshasa Democratic Republic of the Congo Temple,80,2,country,Democratic Republic of the Congo
2026-08-25,Laie Hawaii Temple,278,3,state,Hawaii
2026-08-25,Layton Utah Temple,795,4,state,Utah
2026-08-25,Lima Peru Los Olivos Temple,64,1,country,Peru
2026-08-25,Lima Peru Temple,105,1,country,Peru
2026-08-25,Lindon Utah Temple,1043,6,state,Utah
2026-08-25,Logan Utah Temple,961,2,state,Utah
2026-08-25,London England Temple,164,2,country,United Kingdom
2026-08-25,Louisville Kentucky Temple,105,3,state,Kentucky
2026-08-25,Lubbock Texas Temple,59,1,state,Texas
2026-08-25,Madrid Spain Temple,239,1,country,Spain
2026-08-25,Manila Philippines Temple,143,4,country,Philippines
2026-08-25,Manti Utah Temple,417,7,state,Utah
2026-08-25,Melbourne Australia Temple,33,0,country,Australia
2026-08-25,Meridian Idaho Temple,519,5,state,Idaho
2026-08-25,Mexico City Mexico Temple,234,10,country,Mexico
2026-08-25,Monterrey Mexico Temple,37,2,country,Mexico
2026-08-25,Monticello Utah Temple,67,0,state,Utah
2026-08-25,Moses Lake Washington Temple,144,0,state,Washington
2026-08-25,Mount Timpanogos Utah Temple,1732,14,state,Utah
2026-08-25,Nairobi Kenya Temple,52,16,country,Kenya
2026-08-25,Nashville Tennessee Temple,38,0,state,Tennessee
2026-08-25,Nauvoo Illinois Temple,92,1,state,Illinois
2026-08-25,Newport Beach California Temple,360,7,state,California
2026-08-25,Nuku'alofa Tonga Temple,76,0,country,Tonga
2026-08-25,Oakland California Temple,111,2,state,California
2026-08-25,Ogden Utah Temple,802,4,state,Utah
2026-08-25,Oklahoma City Oklahoma Temple,125,3,state,Oklahoma
2026-08-25,Oquirrh Mountain Utah Temple,777,7,state,Utah
2026-08-25,Palmyra New York Temple,91,0,state,New York
2026-08-25,Papeete Tahiti Temple,228,0,country,French Polynesia
2026-08-25,Paris France Temple,137,2,country,France
2026-08-25,Payson Utah Temple,1252,4,state,Utah
2026-08-25,Phoenix Arizona Temple,438,7,state,Arizona
2026-08-25,Pocatello Idaho Temple,586,2,state,Idaho
2026-08-25,Port-au-Prince Haiti Temple,10,0,country,Haiti
2026-08-25,Portland Oregon Temple,308,3,state,Oregon
2026-08-25,Porto Alegre Brazil Temple,125,1,country,Brazil
2026-08-25,Provo City Center Temple,1281,5,state,Utah
2026-08-25,Puebla Mexico Temple,96,1,country,Mexico
2026-08-25,Quetzaltenango Guatemala Temple,1,0,country,Guatemala
2026-08-25,Raleigh North Carolina Temple,158,0,state,North Carolina
2026-08-25,Recife Brazil Temple,52,3,country,Brazil
2026-08-25,Red Cliffs Utah Temple,697,4,state,Utah
2026-08-25,Redlands California Temple,247,1,state,California
2026-08-25,Reno Nevada Temple,115,2,state,Nevada
2026-08-25,Richmond Virginia Temple,39,0,state,Virginia
2026-08-25,Rio de Janeiro Brazil Temple,54,0,country,Brazil
2026-08-25,Rome Italy Temple,75,3,country,Italy
2026-08-25,Salvador Brazil Temple,41,0,country,Brazil
2026-08-25,San Antonio Texas Temple,238,3,state,Texas
2026-08-25,San Diego California Temple,256,3,state,California
2026-08-25,San Salvador El Salvador Temple,62,0,country,El Salvador
2026-08-25,Santiago Chile Temple,285,4,country,Chile
2026-08-25,Santo Domingo Dominican Republic Temple,65,15,country,Dominican Republic
2026-08-25,Saratoga Springs Utah Temple,846,9,state,Utah
2026-08-25,Seoul Korea Temple,100,0,country,South Korea
2026-08-25,Snowflake Arizona Temple,396,3,state,Arizona
2026-08-25,Spokane Washington Temple,276,3,state,Washington
2026-08-25,St. George Utah Temple,756,2,state,Utah
2026-08-25,St. Paul Minnesota Temple,101,1,state,Minnesota
2026-08-25,Star Valley Wyoming Temple,229,1,state,Wyoming
2026-08-25,Suva Fiji Temple,35,1,country,Fiji
2026-08-25,Sydney Australia Temple,95,1,country,Australia
2026-08-25,Syracuse Utah Temple,503,3,state,Utah
2026-08-25,São Paulo Brazil Temple,194,2,country,Brazil
2026-08-25,Taipei Taiwan Temple,65,0,country,Taiwan
2026-08-25,Tallahassee Florida Temple,122,1,state,Florida
2026-08-25,Tampico Mexico Temple,40,2,country,Mexico
2026-08-25,Taylorsville Utah Temple,1077,4,state,Utah
2026-08-25,Tegucigalpa Honduras Temple,36,0,country,Honduras
2026-08-25,The Gila Valley Arizona Temple,164,0,state,Arizona
2026-08-25,Tijuana Mexico Temple,25,0,country,Mexico
2026-08-25,Trujillo Peru Temple,34,1,country,Peru
2026-08-25,Vancouver British Columbia Temple,127,0,country,Canada
2026-08-25,Vernal Utah Temple,421,0,state,Utah
2026-08-25,Washington D.C. Temple,70,1,state,Maryland
2026-08-25,Winter Quarters Nebraska Temple,64,0,state,Nebraska
2026-08-25,Yorba Linda California Temple,160,2,state,California
2026-08-26,Abidjan Ivory Coast Temple,17,2,country,Ivory Coast
2026-08-26,Accra Ghana Temple,90,4,country,Ghana
2026-08-26,Adelaide Australia Temple,8,0,country,Australia
2026-08-26,Alabang Philippines Temple,73,1,country,Philippines
2026-08-26,Albuquerque New Mexico Temple,102,1,state,New Mexico
2026-08-26,Antofagasta Chile Temple,43,1,country,Chile
2026-08-26,Apia Samoa Temple,291,4,country,Samoa
2026-08-26,Arequipa Peru Temple,1,0,country,Peru
2026-08-26,Asunción Paraguay Temple,10,0,country,Paraguay
2026-08-26,Atlanta Georgia Temple,129,2,state,Georgia
2026-08-26,Auckland New Zealand Temple,248,2,country,New Zealand
2026-08-26,Bacolod Philippines Temple,80,7,country,Philippines
2026-08-26,Bangkok Thailand Temple,51,0,country,Thailand
2026-08-26,Baton Rouge Louisiana Temple,51,0,state,Louisiana
2026-08-26,Belo Horizonte Brazil Temple,46,0,country,Brazil
2026-08-26,Belém Brazil Temple,12,0,country,Brazil
2026-08-26,Bentonville Arkansas Temple,195,1,state,Arkansas
2026-08-26,Bern Switzerland Temple,107,0,country,Switzerland
2026-08-26,Billings Montana Temple,67,0,state,Montana
2026-08-26,Birmingham Alabama Temple,88,0,state,Alabama
2026-08-26,Bogotá Colombia Temple,67,1,country,Colombia
2026-08-26,Boise Idaho Temple,381,1,state,Idaho
2026-08-26,Boston Massachusetts Temple,115,0,state,Massachusetts
2026-08-26,Bountiful Utah Temple,557,4,state,Utah
2026-08-26,Brigham City Utah Temple,455,4,state,Utah
2026-08-26,Brisbane Australia Temple,227,0,country,Australia
2026-08-26,Buenos Aires Argentina Temple,57,0,country,Argentina
2026-08-26,Burley Idaho Temple,353,1,state,Idaho
2026-08-26,Calgary Alberta Temple,163,3,country,Canada
2026-08-26,Campinas Brazil Temple,20,0,country,Brazil
2026-08-26,Caracas Venezuela Temple,54,4,country,Venezuela
2026-08-26,Cardston Alberta Temple,322,2,country,Canada
2026-08-26,Cebu City Philippines Temple,89,4,country,Philippines
2026-08-26,Cedar City Utah Temple,395,1,state,Utah
2026-08-26,Chicago Illinois Temple,101,2,state,Illinois
2026-08-26,Ciudad Juárez Mexico Temple,50,0,country,Mexico
2026-08-26,Cleveland Ohio Temple,61,1,state,Ohio
2026-08-26,Cobán Guatemala Temple,37,0,country,Guatemala
2026-08-26,Cochabamba Bolivia Temple,88,1,country,Bolivia
2026-08-26,Colonia Juárez Chihuahua Mexico Temple,43,0,country,Mexico
2026-08-26,Columbia River Washington Temple,245,2,state,Washington
2026-08-26,Columbia South Carolina Temple,141,0,state,South Carolina
2026-08-26,Columbus Ohio Temple,104,2,state,Ohio
2026-08-26,Concepción Chile Temple,43,0,country,Chile
2026-08-26,Copenhagen Denmark Temple,55,0,country,Denmark
2026-08-26,Córdoba Argentina Temple,13,0,country,Argentina
2026-08-26,Dallas Texas Temple,320,2,state,Texas
2026-08-26,Davao Philippines Temple,90,6,country,Philippines
2026-08-26,Denver Colorado Temple,334,3,state,Colorado
2026-08-26,Deseret Peak Utah Temple,251,1,state,Utah
2026-08-26,Detroit Michigan Temple,22,1,state,Michigan
2026-08-26,Edmonton Alberta Temple,113,0,country,Canada
2026-08-26,Elko Nevada Temple,38,0,state,Nevada
2026-08-26,Farmington New Mexico Temple,131,0,state,New Mexico
2026-08-26,Feather River California Temple,134,0,state,California
2026-08-26,Fort Lauderdale Florida Temple,41,2,state,Florida
2026-08-26,Fortaleza Brazil Temple,96,1,country,Brazil
2026-08-26,Frankfurt Germany Temple,153,1,country,Germany
2026-08-26,Freiberg Germany Temple,28,0,country,Germany
2026-08-26,Fresno California Temple,125,0,state,California
2026-08-26,Gilbert Arizona Temple,864,6,state,Arizona
2026-08-26,Grand Junction Colorado Temple,96,0,state,Colorado
2026-08-26,Guadalajara Mexico Temple,25,1,country,Mexico
2026-08-26,Guatemala City Guatemala Temple,88,1,country,Guatemala
2026-08-26,Guayaquil Ecuador Temple,41,1,country,Ecuador
2026-08-26,Harare Zimbabwe Temple,14,4,country,Zimbabwe
2026-08-26,Hartford Connecticut Temple,31,1,state,Connecticut
2026-08-26,Helena Montana Temple,55,0,state,Montana
2026-08-26,Helsinki Finland Temple,64,1,country,Finland
2026-08-26,Hong Kong China Temple,103,0,country,Hong Kong
2026-08-26,Idaho Falls Idaho Temple,1072,8,state,Idaho
2026-08-26,Indianapolis Indiana Temple,96,0,state,Indiana
2026-08-26,Johannesburg South Africa Temple,78,0,country,South Africa
2026-08-26,Jordan River Utah Temple,1535,5,state,Utah
2026-08-26,Kansas City Missouri Temple,193,1,state,Missouri
2026-08-26,Kinshasa Democratic Republic of the Congo Temple,75,0,country,Democratic Republic of the Congo
2026-08-26,Kyiv Ukraine Temple,0,0,country,Ukraine
2026-08-26,Laie Hawaii Temple,261,3,state,Hawaii
2026-08-26,Layton Utah Temple,703,7,state,Utah
2026-08-26,Lima Peru Los Olivos Temple,65,5,country,Peru
2026-08-26,Lima Peru Temple,97,0,country,Peru
2026-08-26,Lindon Utah Temple,1009,4,state,Utah
2026-08-26,Lisbon Portugal Temple,77,0,country,Portugal
2026-08-26,Logan Utah Temple,1165,9,state,Utah
2026-08-26,London England Temple,148,0,country,United Kingdom
2026-08-26,Louisville Kentucky Temple,80,1,state,Kentucky
2026-08-26,Lubbock Texas Temple,31,0,state,Texas
2026-08-26,Madrid Spain Temple,251,0,country,Spain
2026-08-26,Manila Philippines Temple,148,2,country,Philippines
2026-08-26,Manti Utah Temple,329,1,state,Utah
2026-08-26,McAllen Texas Temple,107,1,state,Texas
2026-08-26,Melbourne Australia Temple,81,0,country,Australia
2026-08-26,Mendoza Argentina Temple,36,0,country,Argentina
2026-08-26,Meridian Idaho Temple,466,5,state,Idaho
2026-08-26,Mexico City Mexico Temple,186,6,country,Mexico
2026-08-26,Monterrey Mexico Temple,29,0,country,Mexico
2026-08-26,Montevideo Uruguay Temple,20,0,country,Uruguay
2026-08-26,Monticello Utah Temple,81,0,state,Utah
2026-08-26,Montreal Quebec Temple,38,1,country,Canada
2026-08-26,Moses Lake Washington Temple,82,0,state,Washington
2026-08-26,Mount Timpanogos Utah Temple,1491,10,state,Utah
2026-08-26,Mérida Mexico Temple,76,2,country,Mexico
2026-08-26,Nairobi Kenya Temple,52,9,country,Kenya
2026-08-26,Nashville Tennessee Temple,121,0,state,Tennessee
2026-08-26,Nauvoo Illinois Temple,123,1,state,Illinois
2026-08-26,Newport Beach California Temple,279,4,state,California
2026-08-26,Nuku'alofa Tonga Temple,57,5,country,Tonga
2026-08-26,Oakland California Temple,124,0,state,California
2026-08-26,Oaxaca Mexico Temple,13,1,country,Mexico
2026-08-26,Ogden Utah Temple,618,4,state,Utah
2026-08-26,Oklahoma City Oklahoma Temple,130,0,state,Oklahoma
2026-08-26,Oquirrh Mountain Utah Temple,711,7,state,Utah
2026-08-26,Palmyra New York Temple,61,1,state,New York
2026-08-26,Panama City Panama Temple,14,2,country,Panama
2026-08-26,Papeete Tahiti Temple,261,3,country,French Polynesia
2026-08-26,Paris France Temple,110,1,country,France
2026-08-26,Payson Utah Temple,1255,12,state,Utah
2026-08-26,Perth Australia Temple,56,0,country,Australia
2026-08-26,Phoenix Arizona Temple,424,0,state,Arizona
2026-08-26,Pocatello Idaho Temple,495,3,state,Idaho
2026-08-26,Portland Oregon Temple,244,6,state,Oregon
2026-08-26,Porto Alegre Brazil Temple,109,2,country,Brazil
2026-08-26,Praia Cape Verde Temple,15,0,country,Cape Verde
2026-08-26,Preston England Temple,238,2,country,United Kingdom
2026-08-26,Provo City Center Temple,1211,3,state,Utah
2026-08-26,Puebla Mexico Temple,101,0,country,Mexico
2026-08-26,Quetzaltenango Guatemala Temple,11,0,country,Guatemala
2026-08-26,Raleigh North Carolina Temple,200,3,state,North Carolina
2026-08-26,Recife Brazil Temple,10,1,country,Brazil
2026-08-26,Red Cliffs Utah Temple,761,5,state,Utah
2026-08-26,Redlands California Temple,161,0,state,California
2026-08-26,Richmond Virginia Temple,173,2,state,Virginia
2026-08-26,Rio de Janeiro Brazil Temple,6,0,country,Brazil
2026-08-26,Rome Italy Temple,49,1,country,Italy
2026-08-26,Salta Argentina Temple,7,0,country,Argentina
2026-08-26,Salvador Brazil Temple,45,1,country,Brazil
2026-08-26,San Antonio Texas Temple,197,3,state,Texas
2026-08-26,San Diego California Temple,336,3,state,California
2026-08-26,San José Costa Rica Temple,94,2,country,Costa Rica
2026-08-26,San Juan Puerto Rico Temple,39,0,country,Puerto Rico
2026-08-26,San Salvador El Salvador Temple,47,4,country,El Salvador
2026-08-26,Santiago Chile Temple,243,2,country,Chile
2026-08-26,Santo Domingo Dominican Republic Temple,29,3,country,Dominican Republic
2026-08-26,Sapporo Japan Temple,29,0,country,Japan
2026-08-26,Saratoga Springs Utah Temple,660,7,state,Utah
2026-08-26,Seoul Korea Temple,112,0,country,South Korea
2026-08-26,Snowflake Arizona Temple,359,0,state,Arizona
2026-08-26,Spokane Washington Temple,209,0,state,Washington
2026-08-26,St. George Utah Temple,720,3,state,Utah
2026-08-26,St. Paul Minnesota Temple,43,0,state,Minnesota
2026-08-26,Star Valley Wyoming Temple,195,0,state,Wyoming
2026-08-26,Suva Fiji Temple,15,0,country,Fiji
2026-08-26,Sydney Australia Temple,51,0,country,Australia
2026-08-26,Syracuse Utah Temple,444,3,state,Utah
2026-08-26,São Paulo Brazil Temple,178,0,country,Brazil
2026-08-26,Taipei Taiwan Temple,63,0,country,Taiwan
2026-08-26,Tallahassee Florida Temple,29,0,state,Florida
2026-08-26,Tampico Mexico Temple,23,2,country,Mexico
2026-08-26,Taylorsville Utah Temple,1073,1,state,Utah
2026-08-26,Tegucigalpa Honduras Temple,17,3,country,Honduras
2026-08-26,The Gila Valley Arizona Temple,143,0,state,Arizona
2026-08-26,Tijuana Mexico Temple,88,0,country,Mexico
2026-08-26,Toronto Ontario Temple,98,0,country,Canada
2026-08-26,Trujillo Peru Temple,65,3,country,Peru
2026-08-26,Tuxtla Gutiérrez Mexico Temple,0,0,country,Mexico
2026-08-26,Vancouver British Columbia Temple,98,1,country,Canada
2026-08-26,Veracruz Mexico Temple,38,0,country,Mexico
2026-08-26,Vernal Utah Temple,423,2,state,Utah
2026-08-26,Villahermosa Mexico Temple,47,1,country,Mexico
2026-08-26,Washington D.C. Temple,77,3,state,Maryland
2026-08-26,Willamette Valley Oregon Temple,160,0,state,Oregon
2026-08-26,Winter Quarters Nebraska Temple,107,0,state,Nebraska
2026-08-26,Yorba Linda California Temple,222,0,state,California
2026-08-27,Abidjan Ivory Coast Temple,54,2,country,Ivory Coast
2026-08-27,Accra Ghana Temple,181,9,country,Ghana
2026-08-27,Adelaide Australia Temple,50,0,country,Australia
2026-08-27,Alabang Philippines Temple,185,0,country,Philippines
2026-08-27,Albuquerque New Mexico Temple,132,0,state,New Mexico
2026-08-27,Antofagasta Chile Temple,40,2,country,Chile
2026-08-27,Apia Samoa Temple,345,6,country,Samoa
2026-08-27,Arequipa Peru Temple,3,1,country,Peru
2026-08-27,Asunción Paraguay Temple,55,1,country,Paraguay
2026-08-27,Atlanta Georgia Temple,132,0,state,Georgia
2026-08-27,Auckland New Zealand Temple,268,3,country,New Zealand
2026-08-27,Bacolod Philippines Temple,147,1,country,Philippines
2026-08-27,Bahía Blanca Argentina Temple,44,0,country,Argentina
2026-08-27,Bangkok Thailand Temple,83,1,country,Thailand
2026-08-27,Barranquilla Colombia Temple,42,0,country,Colombia
2026-08-27,Baton Rouge Louisiana Temple,15,0,state,Louisiana
2026-08-27,Belo Horizonte Brazil Temple,46,0,country,Brazil
2026-08-27,Belém Brazil Temple,56,2,country,Brazil
2026-08-27,Bentonville Arkansas Temple,219,0,state,Arkansas
2026-08-27,Bern Switzerland Temple,127,1,country,Switzerland
2026-08-27,Billings Montana Temple,49,0,state,Montana
2026-08-27,Birmingham Alabama Temple,44,1,state,Alabama
2026-08-27,Bogotá Colombia Temple,116,6,country,Colombia
2026-08-27,Boise Idaho Temple,471,2,state,Idaho
2026-08-27,Bountiful Utah Temple,684,5,state,Utah
2026-08-27,Brigham City Utah Temple,430,2,state,Utah
2026-08-27,Brisbane Australia Temple,172,2,country,Australia
2026-08-27,Buenos Aires Argentina Temple,66,0,country,Argentina
2026-08-27,Calgary Alberta Temple,179,2,country,Canada
2026-08-27,Campinas Brazil Temple,90,1,country,Brazil
2026-08-27,Caracas Venezuela Temple,13,3,country,Venezuela
2026-08-27,Cardston Alberta Temple,292,1,country,Canada
2026-08-27,Casper Wyoming Temple,107,0,state,Wyoming
2026-08-27,Cebu City Philippines Temple,94,11,country,Philippines
2026-08-27,Cedar City Utah Temple,269,2,state,Utah
2026-08-27,Chicago Illinois Temple,66,0,state,Illinois
2026-08-27,Ciudad Juárez Mexico Temple,54,0,country,Mexico
2026-08-27,Cleveland Ohio Temple,62,0,state,Ohio
2026-08-27,Cochabamba Bolivia Temple,53,3,country,Bolivia
2026-08-27,Columbia River Washington Temple,189,0,state,Washington
2026-08-27,Columbia South Carolina Temple,207,2,state,South Carolina
2026-08-27,Columbus Ohio Temple,96,0,state,Ohio
2026-08-27,Concepción Chile Temple,76,0,country,Chile
2026-08-27,Copenhagen Denmark Temple,62,0,country,Denmark
2026-08-27,Córdoba Argentina Temple,5,0,country,Argentina
2026-08-27,Dallas Texas Temple,368,1,state,Texas
2026-08-27,Davao Philippines Temple,90,8,country,Philippines
2026-08-27,Denver Colorado Temple,338,0,state,Colorado
2026-08-27,Deseret Peak Utah Temple,324,4,state,Utah
2026-08-27,Detroit Michigan Temple,88,0,state,Michigan
2026-08-27,Edmonton Alberta Temple,123,1,country,Canada
2026-08-27,Elko Nevada Temple,94,0,state,Nevada
2026-08-27,Farmington New Mexico Temple,51,0,state,New Mexico
2026-08-27,Feather River California Temple,119,0,state,California
2026-08-27,Fort Lauderdale Florida Temple,33,1,state,Florida
2026-08-27,Fortaleza Brazil Temple,57,0,country,Brazil
2026-08-27,Frankfurt Germany Temple,187,0,country,Germany
2026-08-27,Freiberg Germany Temple,26,0,country,Germany
2026-08-27,Fresno California Temple,127,0,state,California
2026-08-27,Fukuoka Japan Temple,11,0,country,Japan
2026-08-27,Gilbert Arizona Temple,918,6,state,Arizona
2026-08-27,Grand Junction Colorado Temple,82,0,state,Colorado
2026-08-27,Guadalajara Mexico Temple,13,0,country,Mexico
2026-08-27,Guatemala City Guatemala Temple,73,3,country,Guatemala
2026-08-27,Guayaquil Ecuador Temple,110,3,country,Ecuador
2026-08-27,Harare Zimbabwe Temple,11,2,country,Zimbabwe
2026-08-27,Helena Montana Temple,56,0,state,Montana
2026-08-27,Helsinki Finland Temple,24,0,country,Finland
2026-08-27,Hong Kong China Temple,85,1,country,Hong Kong
2026-08-27,Idaho Falls Idaho Temple,1001,3,state,Idaho
2026-08-27,Indianapolis Indiana Temple,58,1,state,Indiana
2026-08-27,Johannesburg South Africa Temple,74,2,country,South Africa
2026-08-27,Jordan River Utah Temple,1801,9,state,Utah
2026-08-27,Kansas City Missouri Temple,207,0,state,Missouri
2026-08-27,Kinshasa Democratic Republic of the Congo Temple,79,2,country,Democratic Republic of the Congo
2026-08-27,Laie Hawaii Temple,161,1,state,Hawaii
2026-08-27,Layton Utah Temple,735,3,state,Utah
2026-08-27,Lima Peru Los Olivos Temple,7,0,country,Peru
2026-08-27,Lima Peru Temple,76,0,country,Peru
2026-08-27,Lindon Utah Temple,1015,3,state,Utah
2026-08-27,Lisbon Portugal Temple,65,0,country,Portugal
2026-08-27,Logan Utah Temple,1073,4,state,Utah
2026-08-27,London England Temple,132,0,country,United Kingdom
2026-08-27,Louisville Kentucky Temple,40,0,state,Kentucky
2026-08-27,Lubbock Texas Temple,75,0,state,Texas
2026-08-27,Madrid Spain Temple,186,0,country,Spain
2026-08-27,Manila Philippines Temple,179,1,country,Philippines
2026-08-27,Manti Utah Temple,375,3,state,Utah
2026-08-27,Melbourne Australia Temple,57,0,country,Australia
2026-08-27,Memphis Tennessee Temple,122,1,state,Tennessee
2026-08-27,Mendoza Argentina Temple,28,0,country,Argentina
2026-08-27,Meridian Idaho Temple,467,5,state,Idaho
2026-08-27,Mexico City Mexico Temple,272,4,country,Mexico
2026-08-27,Monterrey Mexico Temple,105,2,country,Mexico
2026-08-27,Montevideo Uruguay Temple,35,0,country,Uruguay
2026-08-27,Monticello Utah Temple,74,0,state,Utah
2026-08-27,Montreal Quebec Temple,94,0,country,Canada
2026-08-27,Moses Lake Washington Temple,63,0,state,Washington
2026-08-27,Mount Timpanogos Utah Temple,1433,7,state,Utah
2026-08-27,Mérida Mexico Temple,4,0,country,Mexico
2026-08-27,Nairobi Kenya Temple,59,0,country,Kenya
2026-08-27,Nashville Tennessee Temple,43,1,state,Tennessee
2026-08-27,Nauvoo Illinois Temple,125,0,state,Illinois
2026-08-27,Newport Beach California Temple,222,4,state,California
2026-08-27,Nuku'alofa Tonga Temple,64,0,country,Tonga
2026-08-27,Oakland California Temple,251,0,state,California
2026-08-27,Oaxaca Mexico Temple,2,1,country,Mexico
2026-08-27,Ogden Utah Temple,728,6,state,Utah
2026-08-27,Oklahoma City Oklahoma Temple,110,0,state,Oklahoma
2026-08-27,Oquirrh Mountain Utah Temple,665,2,state,Utah
2026-08-27,Palmyra New York Temple,69,0,state,New York
2026-08-27,Panama City Panama Temple,13,1,country,Panama
2026-08-27,Papeete Tahiti Temple,258,1,country,French Polynesia
2026-08-27,Paris France Temple,123,1,country,France
2026-08-27,Payson Utah Temple,1244,5,state,Utah
2026-08-27,Perth Australia Temple,65,0,country,Australia
2026-08-27,Philadelphia Pennsylvania Temple,76,1,state,Pennsylvania
2026-08-27,Phoenix Arizona Temple,397,1,state,Arizona
2026-08-27,Pittsburgh Pennsylvania Temple,121,0,state,Pennsylvania
2026-08-27,Pocatello Idaho Temple,521,3,state,Idaho
2026-08-27,Port-au-Prince Haiti Temple,4,0,country,Haiti
2026-08-27,Portland Oregon Temple,247,3,state,Oregon
2026-08-27,Porto Alegre Brazil Temple,61,2,country,Brazil
2026-08-27,Praia Cape Verde Temple,8,1,country,Cape Verde
2026-08-27,Preston England Temple,203,0,country,United Kingdom
2026-08-27,Provo City Center Temple,1282,10,state,Utah
2026-08-27,Puebla Mexico Temple,168,3,country,Mexico
2026-08-27,Quetzaltenango Guatemala Temple,44,0,country,Guatemala
2026-08-27,Raleigh North Carolina Temple,141,0,state,North Carolina
2026-08-27,Recife Brazil Temple,30,0,country,Brazil
2026-08-27,Red Cliffs Utah Temple,609,6,state,Utah
2026-08-27,Redlands California Temple,151,1,state,California
2026-08-27,Reno Nevada Temple,134,2,state,Nevada
2026-08-27,Richmond Virginia Temple,93,1,state,Virginia
2026-08-27,Rio de Janeiro Brazil Temple,97,2,country,Brazil
2026-08-27,Rome Italy Temple,42,0,country,Italy
2026-08-27,Salta Argentina Temple,7,0,country,Argentina
2026-08-27,Salvador Brazil Temple,43,0,country,Brazil
2026-08-27,San Antonio Texas Temple,271,2,state,Texas
2026-08-27,San Diego California Temple,249,2,state,California
2026-08-27,San José Costa Rica Temple,56,1,country,Costa Rica
2026-08-27,San Juan Puerto Rico Temple,19,0,country,Puerto Rico
2026-08-27,San Salvador El Salvador Temple,48,4,country,El Salvador
2026-08-27,Santiago Chile Temple,282,2,country,Chile
2026-08-27,Santo Domingo Dominican Republic Temple,71,5,country,Dominican Republic
2026-08-27,Sapporo Japan Temple,121,0,country,Japan
2026-08-27,Saratoga Springs Utah Temple,705,7,state,Utah
2026-08-27,Seoul Korea Temple,70,0,country,South Korea
2026-08-27,Snowflake Arizona Temple,382,2,state,Arizona
2026-08-27,Spokane Washington Temple,259,1,state,Washington
2026-08-27,St. George Utah Temple,653,4,state,Utah
2026-08-27,St. Paul Minnesota Temple,85,0,state,Minnesota
2026-08-27,Star Valley Wyoming Temple,172,1,state,Wyoming
2026-08-27,Suva Fiji Temple,9,1,country,Fiji
2026-08-27,Sydney Australia Temple,47,0,country,Australia
2026-08-27,Syracuse Utah Temple,373,3,state,Utah
2026-08-27,São Paulo Brazil Temple,272,2,country,Brazil
2026-08-27,Taipei Taiwan Temple,48,0,country,Taiwan
2026-08-27,Tallahassee Florida Temple,113,0,state,Florida
2026-08-27,Tampico Mexico Temple,52,0,country,Mexico
2026-08-27,Taylorsville Utah Temple,1063,4,state,Utah
2026-08-27,Tegucigalpa Honduras Temple,11,0,country,Honduras
2026-08-27,The Gila Valley Arizona Temple,189,1,state,Arizona
2026-08-27,The Hague Netherlands Temple,8,0,country,Netherlands
2026-08-27,Tijuana Mexico Temple,35,0,country,Mexico
2026-08-27,Toronto Ontario Temple,111,1,country,Canada
2026-08-27,Trujillo Peru Temple,34,0,country,Peru
2026-08-27,Tuxtla Gutiérrez Mexico Temple,5,2,country,Mexico
2026-08-27,Vancouver British Columbia Temple,75,1,country,Canada
2026-08-27,Veracruz Mexico Temple,16,1,country,Mexico
2026-08-27,Vernal Utah Temple,455,0,state,Utah
2026-08-27,Villahermosa Mexico Temple,9,0,country,Mexico
2026-08-27,Washington D.C. Temple,330,2,state,Maryland
2026-08-27,Willamette Valley Oregon Temple,159,0,state,Oregon
2026-08-27,Winnipeg Manitoba Temple,32,0,country,Canada
2026-08-27,Winter Quarters Nebraska Temple,55,0,state,Nebraska
2026-08-27,Yorba Linda California Temple,160,1,state,California
2026-08-28,Abidjan Ivory Coast Temple,66,0,country,Ivory Coast
2026-08-28,Accra Ghana Temple,197,5,country,Ghana
2026-08-28,Adelaide Australia Temple,24,0,country,Australia
2026-08-28,Alabang Philippines Temple,219,4,country,Philippines
2026-08-28,Albuquerque New Mexico Temple,150,2,state,New Mexico
2026-08-28,Antofagasta Chile Temple,82,2,country,Chile
2026-08-28,Apia Samoa Temple,336,9,country,Samoa
2026-08-28,Arequipa Peru Temple,184,8,country,Peru
2026-08-28,Asunción Paraguay Temple,26,0,country,Paraguay
2026-08-28,Atlanta Georgia Temple,179,3,state,Georgia
2026-08-28,Auckland New Zealand Temple,332,1,country,New Zealand
2026-08-28,Bacolod Philippines Temple,150,8,country,Philippines
2026-08-28,Bahía Blanca Argentina Temple,46,0,country,Argentina
2026-08-28,Bangkok Thailand Temple,81,1,country,Thailand
2026-08-28,Barranquilla Colombia Temple,45,2,country,Colombia
2026-08-28,Baton Rouge Louisiana Temple,78,1,state,Louisiana
2026-08-28,Belo Horizonte Brazil Temple,106,0,country,Brazil
2026-08-28,Belém Brazil Temple,53,0,country,Brazil
2026-08-28,Bentonville Arkansas Temple,237,0,state,Arkansas
2026-08-28,Bern Switzerland Temple,184,0,country,Switzerland
2026-08-28,Billings Montana Temple,88,2,state,Montana
2026-08-28,Birmingham Alabama Temple,51,0,state,Alabama
2026-08-28,Bogotá Colombia Temple,184,2,country,Colombia
2026-08-28,Boise Idaho Temple,402,2,state,Idaho
2026-08-28,Boston Massachusetts Temple,127,3,state,Massachusetts
2026-08-28,Bountiful Utah Temple,559,7,state,Utah
2026-08-28,Brigham City Utah Temple,401,1,state,Utah
2026-08-28,Brisbane Australia Temple,189,0,country,Australia
2026-08-28,Buenos Aires Argentina Temple,67,0,country,Argentina
2026-08-28,Burley Idaho Temple,479,9,state,Idaho
2026-08-28,Calgary Alberta Temple,217,0,country,Canada
2026-08-28,Campinas Brazil Temple,116,5,country,Brazil
2026-08-28,Caracas Venezuela Temple,32,5,country,Venezuela
2026-08-28,Cardston Alberta Temple,330,2,country,Canada
2026-08-28,Casper Wyoming Temple,46,0,state,Wyoming
2026-08-28,Cebu City Philippines Temple,102,1,country,Philippines
2026-08-28,Cedar City Utah Temple,351,2,state,Utah
2026-08-28,Chicago Illinois Temple,142,7,state,Illinois
2026-08-28,Ciudad Juárez Mexico Temple,93,1,country,Mexico
2026-08-28,Cleveland Ohio Temple,132,1,state,Ohio
2026-08-28,Cobán Guatemala Temple,49,2,country,Guatemala
2026-08-28,Cochabamba Bolivia Temple,70,18,country,Bolivia
2026-08-28,Colonia Juárez Chihuahua Mexico Temple,25,0,country,Mexico
2026-08-28,Columbia River Washington Temple,294,7,state,Washington
2026-08-28,Columbia South Carolina Temple,80,1,state,South Carolina
2026-08-28,Columbus Ohio Temple,130,0,state,Ohio
2026-08-28,Concepción Chile Temple,84,0,country,Chile
2026-08-28,Copenhagen Denmark Temple,18,0,country,Denmark
2026-08-28,Córdoba Argentina Temple,14,2,country,Argentina
2026-08-28,Dallas Texas Temple,434,5,state,Texas
2026-08-28,Davao Philippines Temple,150,15,country,Philippines
2026-08-28,Denver Colorado Temple,336,1,state,Colorado
2026-08-28,Deseret Peak Utah Temple,348,2,state,Utah
2026-08-28,Detroit Michigan Temple,115,1,state,Michigan
2026-08-28,Edmonton Alberta Temple,164,1,country,Canada
2026-08-28,Elko Nevada Temple,84,0,state,Nevada
2026-08-28,Farmington New Mexico Temple,153,1,state,New Mexico
2026-08-28,Feather River California Temple,113,1,state,California
2026-08-28,Fort Lauderdale Florida Temple,133,1,state,Florida
2026-08-28,Fortaleza Brazil Temple,100,0,country,Brazil
2026-08-28,Frankfurt Germany Temple,190,0,country,Germany
2026-08-28,Freiberg Germany Temple,27,1,country,Germany
2026-08-28,Fresno California Temple,193,0,state,California
2026-08-28,Fukuoka Japan Temple,49,1,country,Japan
2026-08-28,Gilbert Arizona Temple,1039,12,state,Arizona
2026-08-28,Grand Junction Colorado Temple,58,0,state,Colorado
2026-08-28,Guadalajara Mexico Temple,31,1,country,Mexico
2026-08-28,Guatemala City Guatemala Temple,217,7,country,Guatemala
2026-08-28,Guayaquil Ecuador Temple,193,5,country,Ecuador
2026-08-28,Harare Zimbabwe Temple,22,5,country,Zimbabwe
2026-08-28,Hartford Connecticut Temple,147,3,state,Connecticut
2026-08-28,Helena Montana Temple,94,1,state,Montana
2026-08-28,Helsinki Finland Temple,25,0,country,Finland
2026-08-28,Hong Kong China Temple,133,0,country,Hong Kong
2026-08-28,Idaho Falls Idaho Temple,1135,12,state,Idaho
2026-08-28,Indianapolis Indiana Temple,173,3,state,Indiana
2026-08-28,Johannesburg South Africa Temple,136,12,country,South Africa
2026-08-28,Jordan River Utah Temple,1593,7,state,Utah
2026-08-28,Kansas City Missouri Temple,317,1,state,Missouri
2026-08-28,Kinshasa Democratic Republic of the Congo Temple,80,0,country,Democratic Republic of the Congo
2026-08-28,Kyiv Ukraine Temple,2,1,country,Ukraine
2026-08-28,Laie Hawaii Temple,331,5,state,Hawaii
2026-08-28,Layton Utah Temple,647,6,state,Utah
2026-08-28,Lima Peru Los Olivos Temple,69,6,country,Peru
2026-08-28,Lima Peru Temple,128,3,country,Peru
2026-08-28,Lindon Utah Temple,1015,5,state,Utah
2026-08-28,Lisbon Portugal Temple,58,0,country,Portugal
2026-08-28,Logan Utah Temple,1029,7,state,Utah
2026-08-28,London England Temple,141,0,country,United Kingdom
2026-08-28,Louisville Kentucky Temple,140,0,state,Kentucky
2026-08-28,Lubbock Texas Temple,91,1,state,Texas
2026-08-28,Madrid Spain Temple,144,4,country,Spain
2026-08-28,Manila Philippines Temple,228,10,country,Philippines
2026-08-28,Manti Utah Temple,415,4,state,Utah
2026-08-28,McAllen Texas Temple,51,0,state,Texas
2026-08-28,Melbourne Australia Temple,155,0,country,Australia
2026-08-28,Memphis Tennessee Temple,15,0,state,Tennessee
2026-08-28,Mendoza Argentina Temple,81,2,country,Argentina
2026-08-28,Meridian Idaho Temple,410,3,state,Idaho
2026-08-28,Mexico City Mexico Temple,290,12,country,Mexico
2026-08-28,Monterrey Mexico Temple,135,5,country,Mexico
2026-08-28,Montevideo Uruguay Temple,54,0,country,Uruguay
2026-08-28,Monticello Utah Temple,53,0,state,Utah
2026-08-28,Montreal Quebec Temple,114,0,country,Canada
2026-08-28,Moses Lake Washington Temple,130,3,state,Washington
2026-08-28,Mount Timpanogos Utah Temple,1515,13,state,Utah
2026-08-28,Mérida Mexico Temple,45,3,country,Mexico
2026-08-28,Nairobi Kenya Temple,7,0,country,Kenya
2026-08-28,Nashville Tennessee Temple,187,3,state,Tennessee
2026-08-28,Nauvoo Illinois Temple,127,1,state,Illinois
2026-08-28,Newport Beach California Temple,229,2,state,California
2026-08-28,Nuku'alofa Tonga Temple,97,4,country,Tonga
2026-08-28,Oakland California Temple,206,4,state,California
2026-08-28,Oaxaca Mexico Temple,29,1,country,Mexico
2026-08-28,Ogden Utah Temple,750,7,state,Utah
2026-08-28,Okinawa Japan Temple,30,0,country,Japan
2026-08-28,Oklahoma City Oklahoma Temple,124,2,state,Oklahoma
2026-08-28,Oquirrh Mountain Utah Temple,816,12,state,Utah
2026-08-28,Palmyra New York Temple,43,0,state,New York
2026-08-28,Panama City Panama Temple,17,2,country,Panama
2026-08-28,Papeete Tahiti Temple,298,1,country,French Polynesia
2026-08-28,Paris France Temple,110,0,country,France
2026-08-28,Payson Utah Temple,1302,11,state,Utah
2026-08-28,Perth Australia Temple,69,0,country,Australia
2026-08-28,Philadelphia Pennsylvania Temple,87,2,state,Pennsylvania
2026-08-28,Phoenix Arizona Temple,563,4,state,Arizona
2026-08-28,Pittsburgh Pennsylvania Temple,60,1,state,Pennsylvania
2026-08-28,Pocatello Idaho Temple,464,6,state,Idaho
2026-08-28,Port-au-Prince Haiti Temple,6,1,country,Haiti
2026-08-28,Portland Oregon Temple,275,1,state,Oregon
2026-08-28,Porto Alegre Brazil Temple,112,3,country,Brazil
2026-08-28,Praia Cape Verde Temple,0,0,country,Cape Verde
2026-08-28,Preston England Temple,174,2,country,United Kingdom
2026-08-28,Provo City Center Temple,1285,8,state,Utah
2026-08-28,Puebla Mexico Temple,166,2,country,Mexico
2026-08-28,Quetzaltenango Guatemala Temple,73,1,country,Guatemala
2026-08-28,Raleigh North Carolina Temple,228,1,state,North Carolina
2026-08-28,Recife Brazil Temple,104,1,country,Brazil
2026-08-28,Red Cliffs Utah Temple,672,11,state,Utah
2026-08-28,Redlands California Temple,212,0,state,California
2026-08-28,Regina Saskatchewan Temple,36,0,country,Canada
2026-08-28,Reno Nevada Temple,162,1,state,Nevada
2026-08-28,Richmond Virginia Temple,158,1,state,Virginia
2026-08-28,Rio de Janeiro Brazil Temple,50,1,country,Brazil
2026-08-28,Rome Italy Temple,32,0,country,Italy
2026-08-28,Salta Argentina Temple,10,3,country,Argentina
2026-08-28,Salvador Brazil Temple,130,0,country,Brazil
2026-08-28,San Antonio Texas Temple,268,6,state,Texas
2026-08-28,San Diego California Temple,384,4,state,California
2026-08-28,San José Costa Rica Temple,42,3,country,Costa Rica
2026-08-28,San Juan Puerto Rico Temple,12,0,country,Puerto Rico
2026-08-28,San Salvador El Salvador Temple,50,3,country,El Salvador
2026-08-28,Santiago Chile Temple,319,3,country,Chile
2026-08-28,Santo Domingo Dominican Republic Temple,43,4,country,Dominican Republic
2026-08-28,Sapporo Japan Temple,114,0,country,Japan
2026-08-28,Saratoga Springs Utah Temple,757,13,state,Utah
2026-08-28,Seoul Korea Temple,57,0,country,South Korea
2026-08-28,Snowflake Arizona Temple,403,1,state,Arizona
2026-08-28,Spokane Washington Temple,297,5,state,Washington
2026-08-28,St. George Utah Temple,519,3,state,Utah
2026-08-28,St. Paul Minnesota Temple,134,2,state,Minnesota
2026-08-28,Star Valley Wyoming Temple,219,1,state,Wyoming
2026-08-28,Suva Fiji Temple,57,4,country,Fiji
2026-08-28,Sydney Australia Temple,130,3,country,Australia
2026-08-28,Syracuse Utah Temple,405,3,state,Utah
2026-08-28,São Paulo Brazil Temple,394,2,country,Brazil
2026-08-28,Taipei Taiwan Temple,99,1,country,Taiwan
2026-08-28,Tallahassee Florida Temple,132,2,state,Florida
2026-08-28,Tampico Mexico Temple,19,0,country,Mexico
2026-08-28,Taylorsville Utah Temple,1044,9,state,Utah
2026-08-28,Tegucigalpa Honduras Temple,17,4,country,Honduras
2026-08-28,The Gila Valley Arizona Temple,145,0,state,Arizona
2026-08-28,The Hague Netherlands Temple,83,1,country,Netherlands
2026-08-28,Tijuana Mexico Temple,29,0,country,Mexico
2026-08-28,Toronto Ontario Temple,143,1,country,Canada
2026-08-28,Trujillo Peru Temple,105,7,country,Peru
2026-08-28,Tuxtla Gutiérrez Mexico Temple,0,0,country,Mexico
2026-08-28,Vancouver British Columbia Temple,64,1,country,Canada
2026-08-28,Veracruz Mexico Temple,83,1,country,Mexico
2026-08-28,Vernal Utah Temple,454,2,state,Utah
2026-08-28,Villahermosa Mexico Temple,24,1,country,Mexico
2026-08-28,Washington D.C. Temple,357,4,state,Maryland
2026-08-28,Willamette Valley Oregon Temple,137,0,state,Oregon
2026-08-28,Winnipeg Manitoba Temple,27,0,country,Canada
2026-08-28,Winter Quarters Nebraska Temple,114,1,state,Nebraska
2026-08-28,Yorba Linda California Temple,160,1,state,California
2026-08-29,Abidjan Ivory Coast Temple,130,6,country,Ivory Coast
2026-08-29,Accra Ghana Temple,180,7,country,Ghana
2026-08-29,Adelaide Australia Temple,50,2,country,Australia
2026-08-29,Alabang Philippines Temple,185,4,country,Philippines
2026-08-29,Albuquerque New Mexico Temple,167,5,state,New Mexico
2026-08-29,Antofagasta Chile Temple,81,0,country,Chile
2026-08-29,Apia Samoa Temple,192,6,country,Samoa
2026-08-29,Arequipa Peru Temple,256,12,country,Peru
2026-08-29,Asunción Paraguay Temple,28,1,country,Paraguay
2026-08-29,Atlanta Georgia Temple,245,9,state,Georgia
2026-08-29,Auckland New Zealand Temple,458,6,country,New Zealand
2026-08-29,Bacolod Philippines Temple,200,12,country,Philippines
2026-08-29,Bahía Blanca Argentina Temple,50,0,country,Argentina
2026-08-29,Bangkok Thailand Temple,71,0,country,Thailand
2026-08-29,Barranquilla Colombia Temple,95,0,country,Colombia
2026-08-29,Baton Rouge Louisiana Temple,129,6,state,Louisiana
2026-08-29,Belo Horizonte Brazil Temple,135,3,country,Brazil
2026-08-29,Belém Brazil Temple,50,1,country,Brazil
2026-08-29,Bentonville Arkansas Temple,250,5,state,Arkansas
2026-08-29,Bern Switzerland Temple,182,4,country,Switzerland
2026-08-29,Billings Montana Temple,121,4,state,Montana
2026-08-29,Birmingham Alabama Temple,73,0,state,Alabama
2026-08-29,Bogotá Colombia Temple,161,1,country,Colombia
2026-08-29,Boise Idaho Temple,350,5,state,Idaho
2026-08-29,Boston Massachusetts Temple,139,5,state,Massachusetts
2026-08-29,Bountiful Utah Temple,694,18,state,Utah
2026-08-29,Brigham City Utah Temple,387,6,state,Utah
2026-08-29,Brisbane Australia Temple,247,6,country,Australia
2026-08-29,Buenos Aires Argentina Temple,169,2,country,Argentina
2026-08-29,Burley Idaho Temple,342,5,state,Idaho
2026-08-29,Calgary Alberta Temple,165,3,country,Canada
2026-08-29,Campinas Brazil Temple,325,12,country,Brazil
2026-08-29,Caracas Venezuela Temple,100,13,country,Venezuela
2026-08-29,Cardston Alberta Temple,253,2,country,Canada
2026-08-29,Casper Wyoming Temple,105,0,state,Wyoming
2026-08-29,Cebu City Philippines Temple,273,10,country,Philippines
2026-08-29,Cedar City Utah Temple,317,7,state,Utah
2026-08-29,Chicago Illinois Temple,171,5,state,Illinois
2026-08-29,Ciudad Juárez Mexico Temple,121,2,country,Mexico
2026-08-29,Cleveland Ohio Temple,113,1,state,Ohio
2026-08-29,Cobán Guatemala Temple,121,8,country,Guatemala
2026-08-29,Cochabamba Bolivia Temple,144,8,country,Bolivia
2026-08-29,Colonia Juárez Chihuahua Mexico Temple,31,1,country,Mexico
2026-08-29,Columbia River Washington Temple,285,8,state,Washington
2026-08-29,Columbia South Carolina Temple,239,5,state,South Carolina
2026-08-29,Columbus Ohio Temple,177,4,state,Ohio
2026-08-29,Concepción Chile Temple,179,0,country,Chile
2026-08-29,Copenhagen Denmark Temple,81,1,country,Denmark
2026-08-29,Córdoba Argentina Temple,29,4,country,Argentina
2026-08-29,Dallas Texas Temple,712,17,state,Texas
2026-08-29,Davao Philippines Temple,150,13,country,Philippines
2026-08-29,Denver Colorado Temple,376,5,state,Colorado
2026-08-29,Deseret Peak Utah Temple,370,7,state,Utah
2026-08-29,Detroit Michigan Temple,102,1,state,Michigan
2026-08-29,Edmonton Alberta Temple,184,6,country,Canada
2026-08-29,Elko Nevada Temple,64,1,state,Nevada
2026-08-29,Farmington New Mexico Temple,159,4,state,New Mexico
2026-08-29,Feather River California Temple,159,9,state,California
2026-08-29,Fort Lauderdale Florida Temple,275,8,state,Florida
2026-08-29,Fortaleza Brazil Temple,238,5,country,Brazil
2026-08-29,Frankfurt Germany Temple,197,2,country,Germany
2026-08-29,Freiberg Germany Temple,85,0,country,Germany
2026-08-29,Fresno California Temple,158,5,state,California
2026-08-29,Fukuoka Japan Temple,64,0,country,Japan
2026-08-29,Gilbert Arizona Temple,1127,21,state,Arizona
2026-08-29,Grand Junction Colorado Temple,75,1,state,Colorado
2026-08-29,Guatemala City Guatemala Temple,420,19,country,Guatemala
2026-08-29,Guayaquil Ecuador Temple,375,6,country,Ecuador
2026-08-29,Harare Zimbabwe Temple,96,21,country,Zimbabwe
2026-08-29,Hartford Connecticut Temple,120,2,state,Connecticut
2026-08-29,Helena Montana Temple,138,1,state,Montana
2026-08-29,Helsinki Finland Temple,56,1,country,Finland
2026-08-29,Hong Kong China Temple,134,0,country,Hong Kong
2026-08-29,Idaho Falls Idaho Temple,922,19,state,Idaho
2026-08-29,Indianapolis Indiana Temple,154,4,state,Indiana
2026-08-29,Johannesburg South Africa Temple,103,2,country,South Africa
2026-08-29,Jordan River Utah Temple,1631,23,state,Utah
2026-08-29,Kansas City Missouri Temple,306,5,state,Missouri
2026-08-29,Kinshasa Democratic Republic of the Congo Temple,77,10,country,Democratic Republic of the Congo
2026-08-29,Kyiv Ukraine Temple,0,0,country,Ukraine
2026-08-29,Laie Hawaii Temple,268,5,state,Hawaii
2026-08-29,Layton Utah Temple,661,11,state,Utah
2026-08-29,Lima Peru Los Olivos Temple,363,19,country,Peru
2026-08-29,Lima Peru Temple,392,21,country,Peru
2026-08-29,Lindon Utah Temple,1054,9,state,Utah
2026-08-29,Lisbon Portugal Temple,202,3,country,Portugal
2026-08-29,Logan Utah Temple,1203,17,state,Utah
2026-08-29,London England Temple,199,4,country,United Kingdom
2026-08-29,Louisville Kentucky Temple,156,2,state,Kentucky
2026-08-29,Lubbock Texas Temple,106,2,state,Texas
2026-08-29,Madrid Spain Temple,243,2,country,Spain
2026-08-29,Manila Philippines Temple,176,9,country,Philippines
2026-08-29,Manti Utah Temple,384,7,state,Utah
2026-08-29,McAllen Texas Temple,130,3,state,Texas
2026-08-29,Melbourne Australia Temple,208,1,country,Australia
2026-08-29,Memphis Tennessee Temple,155,5,state,Tennessee
2026-08-29,Mendoza Argentina Temple,73,2,country,Argentina
2026-08-29,Meridian Idaho Temple,635,16,state,Idaho
2026-08-29,Mexico City Mexico Temple,802,31,country,Mexico
2026-08-29,Monterrey Mexico Temple,363,11,country,Mexico
2026-08-29,Montevideo Uruguay Temple,120,2,country,Uruguay
2026-08-29,Monticello Utah Temple,53,2,state,Utah
2026-08-29,Montreal Quebec Temple,83,0,country,Canada
2026-08-29,Moses Lake Washington Temple,148,2,state,Washington
2026-08-29,Mount Timpanogos Utah Temple,1741,28,state,Utah
2026-08-29,Nairobi Kenya Temple,23,1,country,Kenya
2026-08-29,Nashville Tennessee Temple,137,3,state,Tennessee
2026-08-29,Nauvoo Illinois Temple,272,9,state,Illinois
2026-08-29,Newport Beach California Temple,315,5,state,California
2026-08-29,Oakland California Temple,281,12,state,California
2026-08-29,Oaxaca Mexico Temple,77,7,country,Mexico
2026-08-29,Ogden Utah Temple,726,16,state,Utah
2026-08-29,Okinawa Japan Temple,74,1,country,Japan
2026-08-29,Oklahoma City Oklahoma Temple,153,2,state,Oklahoma
2026-08-29,Oquirrh Mountain Utah Temple,888,25,state,Utah
2026-08-29,Palmyra New York Temple,91,2,state,New York
2026-08-29,Panama City Panama Temple,20,2,country,Panama
2026-08-29,Papeete Tahiti Temple,282,2,country,French Polynesia
2026-08-29,Paris France Temple,165,2,country,France
2026-08-29,Payson Utah Temple,1411,24,state,Utah
2026-08-29,Perth Australia Temple,63,1,country,Australia
2026-08-29,Philadelphia Pennsylvania Temple,233,7,state,Pennsylvania
2026-08-29,Phoenix Arizona Temple,526,13,state,Arizona
2026-08-29,Pittsburgh Pennsylvania Temple,135,5,state,Pennsylvania
2026-08-29,Pocatello Idaho Temple,498,12,state,Idaho
2026-08-29,Port-au-Prince Haiti Temple,5,0,country,Haiti
2026-08-29,Portland Oregon Temple,368,8,state,Oregon
2026-08-29,Porto Alegre Brazil Temple,274,7,country,Brazil
2026-08-29,Praia Cape Verde Temple,31,3,country,Cape Verde
2026-08-29,Preston England Temple,275,4,country,United Kingdom
2026-08-29,Provo City Center Temple,1368,14,state,Utah
2026-08-29,Puebla Mexico Temple,383,4,country,Mexico
2026-08-29,Quetzaltenango Guatemala Temple,144,6,country,Guatemala
2026-08-29,Raleigh North Carolina Temple,202,5,state,North Carolina
2026-08-29,Recife Brazil Temple,254,6,country,Brazil
2026-08-29,Red Cliffs Utah Temple,642,5,state,Utah
2026-08-29,Redlands California Temple,243,3,state,California
2026-08-29,Regina Saskatchewan Temple,18,0,country,Canada
2026-08-29,Reno Nevada Temple,141,3,state,Nevada
2026-08-29,Richmond Virginia Temple,241,5,state,Virginia
2026-08-29,Rio de Janeiro Brazil Temple,256,6,country,Brazil
2026-08-29,Rome Italy Temple,73,1,country,Italy
2026-08-29,Salta Argentina Temple,44,1,country,Argentina
2026-08-29,Salvador Brazil Temple,296,8,country,Brazil
2026-08-29,San Antonio Texas Temple,317,8,state,Texas
2026-08-29,San Diego California Temple,300,3,state,California
2026-08-29,San José Costa Rica Temple,144,4,country,Costa Rica
2026-08-29,San Juan Puerto Rico Temple,36,0,country,Puerto Rico
2026-08-29,San Salvador El Salvador Temple,184,6,country,El Salvador
2026-08-29,Santiago Chile Temple,348,8,country,Chile
2026-08-29,Santo Domingo Dominican Republic Temple,86,13,country,Dominican Republic
2026-08-29,Sapporo Japan Temple,111,1,country,Japan
2026-08-29,Saratoga Springs Utah Temple,1009,16,state,Utah
2026-08-29,Seoul Korea Temple,208,0,country,South Korea
2026-08-29,Snowflake Arizona Temple,240,6,state,Arizona
2026-08-29,Spokane Washington Temple,248,4,state,Washington
2026-08-29,St. George Utah Temple,579,9,state,Utah
2026-08-29,St. Paul Minnesota Temple,194,2,state,Minnesota
2026-08-29,Star Valley Wyoming Temple,132,2,state,Wyoming
2026-08-29,Suva Fiji Temple,76,0,country,Fiji
2026-08-29,Sydney Australia Temple,120,0,country,Australia
2026-08-29,Syracuse Utah Temple,467,8,state,Utah
2026-08-29,São Paulo Brazil Temple,666,12,country,Brazil
2026-08-29,Taipei Taiwan Temple,175,2,country,Taiwan
2026-08-29,Tallahassee Florida Temple,253,3,state,Florida
2026-08-29,Tampico Mexico Temple,152,12,country,Mexico
2026-08-29,Taylorsville Utah Temple,1028,16,state,Utah
2026-08-29,Tegucigalpa Honduras Temple,162,6,country,Honduras
2026-08-29,The Gila Valley Arizona Temple,218,2,state,Arizona
2026-08-29,The Hague Netherlands Temple,70,2,country,Netherlands
2026-08-29,Tijuana Mexico Temple,234,13,country,Mexico
2026-08-29,Toronto Ontario Temple,144,1,country,Canada
2026-08-29,Trujillo Peru Temple,166,13,country,Peru
2026-08-29,Tuxtla Gutiérrez Mexico Temple,21,2,country,Mexico
2026-08-29,Vancouver British Columbia Temple,85,1,country,Canada
2026-08-29,Veracruz Mexico Temple,186,9,country,Mexico
2026-08-29,Vernal Utah Temple,481,7,state,Utah
2026-08-29,Villahermosa Mexico Temple,167,5,country,Mexico
2026-08-29,Washington D.C. Temple,410,7,state,Maryland
2026-08-29,Willamette Valley Oregon Temple,112,1,state,Oregon
2026-08-29,Winnipeg Manitoba Temple,38,1,country,Canada
2026-08-29,Winter Quarters Nebraska Temple,172,3,state,Nebraska
2026-08-29,Yorba Linda California Temple,302,6,state,California
2026-08-31,Mount Timpanogos Utah Temple,396,1,state,Utah
2026-09-01,Aba Nigeria Temple,3,1,country,Nigeria
2026-09-01,Accra Ghana Temple,174,57,country,Ghana
2026-09-01,Alabang Philippines Temple,75,1,country,Philippines
2026-09-01,Albuquerque New Mexico Temple,82,0,state,New Mexico
2026-09-01,Anchorage Alaska Temple,80,2,state,Alaska
2026-09-01,Apia Samoa Temple,361,8,country,Samoa
2026-09-01,Arequipa Peru Temple,58,3,country,Peru
2026-09-01,Atlanta Georgia Temple,145,2,state,Georgia
2026-09-01,Auckland New Zealand Temple,290,1,country,New Zealand
2026-09-01,Bacolod Philippines Temple,80,3,country,Philippines
2026-09-01,Bangkok Thailand Temple,35,0,country,Thailand
2026-09-01,Barranquilla Colombia Temple,6,0,country,Colombia
2026-09-01,Baton Rouge Louisiana Temple,10,0,state,Louisiana
2026-09-01,Belém Brazil Temple,1,0,country,Brazil
2026-09-01,Bentonville Arkansas Temple,146,2,state,Arkansas
2026-09-01,Bern Switzerland Temple,195,2,country,Switzerland
2026-09-01,Billings Montana Temple,81,1,state,Montana
2026-09-01,Birmingham Alabama Temple,29,2,state,Alabama
2026-09-01,Bogotá Colombia Temple,33,0,country,Colombia
2026-09-01,Boise Idaho Temple,447,1,state,Idaho
2026-09-01,Boston Massachusetts Temple,114,1,state,Massachusetts
2026-09-01,Bountiful Utah Temple,724,7,state,Utah
2026-09-01,Brisbane Australia Temple,119,0,country,Australia
2026-09-01,Buenos Aires Argentina Temple,32,1,country,Argentina
2026-09-01,Burley Idaho Temple,353,2,state,Idaho
2026-09-01,Calgary Alberta Temple,123,0,country,Canada
2026-09-01,Campinas Brazil Temple,81,0,country,Brazil
2026-09-01,Caracas Venezuela Temple,5,0,country,Venezuela
2026-09-01,Cardston Alberta Temple,424,5,country,Canada
2026-09-01,Casper Wyoming Temple,100,1,state,Wyoming
2026-09-01,Cebu City Philippines Temple,45,1,country,Philippines
2026-09-01,Cedar City Utah Temple,408,1,state,Utah
2026-09-01,Cleveland Ohio Temple,64,0,state,Ohio
2026-09-01,Cochabamba Bolivia Temple,47,2,country,Bolivia
2026-09-01,Colonia Juárez Chihuahua Mexico Temple,29,0,country,Mexico
2026-09-01,Columbia River Washington Temple,235,1,state,Washington
2026-09-01,Columbia South Carolina Temple,97,1,state,South Carolina
2026-09-01,Columbus Ohio Temple,109,2,state,Ohio
2026-09-01,Concepción Chile Temple,9,0,country,Chile
2026-09-01,Copenhagen Denmark Temple,8,0,country,Denmark
2026-09-01,Curitiba Brazil Temple,67,0,country,Brazil
2026-09-01,Córdoba Argentina Temple,13,0,country,Argentina
2026-09-01,Dallas Texas Temple,321,1,state,Texas
2026-09-01,Denver Colorado Temple,408,4,state,Colorado
2026-09-01,Deseret Peak Utah Temple,316,1,state,Utah
2026-09-01,Detroit Michigan Temple,19,0,state,Michigan
2026-09-01,Edmonton Alberta Temple,123,0,country,Canada
2026-09-01,Feather River California Temple,89,0,state,California
2026-09-01,Fort Lauderdale Florida Temple,22,0,state,Florida
2026-09-01,Fortaleza Brazil Temple,54,0,country,Brazil
2026-09-01,Frankfurt Germany Temple,49,0,country,Germany
2026-09-01,Freiberg Germany Temple,24,0,country,Germany
2026-09-01,Fresno California Temple,152,0,state,California
2026-09-01,Gilbert Arizona Temple,878,6,state,Arizona
2026-09-01,Grand Junction Colorado Temple,34,0,state,Colorado
2026-09-01,Guadalajara Mexico Temple,11,0,country,Mexico
2026-09-01,Guatemala City Guatemala Temple,55,1,country,Guatemala
2026-09-01,Guayaquil Ecuador Temple,91,1,country,Ecuador
2026-09-01,Hamilton New Zealand Temple,208,0,country,New Zealand
2026-09-01,Harare Zimbabwe Temple,47,13,country,Zimbabwe
2026-09-01,Helena Montana Temple,73,1,state,Montana
2026-09-01,Hermosillo Sonora Mexico Temple,17,1,country,Mexico
2026-09-01,Hong Kong China Temple,93,0,country,Hong Kong
2026-09-01,Idaho Falls Idaho Temple,1126,4,state,Idaho
2026-09-01,Indianapolis Indiana Temple,75,2,state,Indiana
2026-09-01,Johannesburg South Africa Temple,74,7,country,South Africa
2026-09-01,Jordan River Utah Temple,1806,9,state,Utah
2026-09-01,Kansas City Missouri Temple,243,1,state,Missouri
2026-09-01,Kinshasa Democratic Republic of the Congo Temple,83,14,country,Democratic Republic of the Congo
2026-09-01,Laie Hawaii Temple,310,3,state,Hawaii
2026-09-01,Layton Utah Temple,698,1,state,Utah
2026-09-01,Lima Peru Los Olivos Temple,35,1,country,Peru
2026-09-01,Lima Peru Temple,73,1,country,Peru
2026-09-01,Lindon Utah Temple,1066,6,state,Utah
2026-09-01,Logan Utah Temple,1031,5,state,Utah
2026-09-01,London England Temple,91,0,country,United Kingdom
2026-09-01,Louisville Kentucky Temple,89,2,state,Kentucky
2026-09-01,Lubbock Texas Temple,38,1,state,Texas
2026-09-01,Madrid Spain Temple,71,2,country,Spain
2026-09-01,Manti Utah Temple,388,1,state,Utah
2026-09-01,Melbourne Australia Temple,44,0,country,Australia
2026-09-01,Meridian Idaho Temple,461,5,state,Idaho
2026-09-01,Mexico City Mexico Temple,115,3,country,Mexico
2026-09-01,Monterrey Mexico Temple,38,1,country,Mexico
2026-09-01,Monticello Utah Temple,88,1,state,Utah
2026-09-01,Moses Lake Washington Temple,129,0,state,Washington
2026-09-01,Mount Timpanogos Utah Temple,1645,5,state,Utah
2026-09-01,Nairobi Kenya Temple,29,8,country,Kenya
2026-09-01,Nashville Tennessee Temple,36,0,state,Tennessee
2026-09-01,Nauvoo Illinois Temple,163,0,state,Illinois
2026-09-01,Newport Beach California Temple,305,5,state,California
2026-09-01,Oakland California Temple,99,0,state,California
2026-09-01,Ogden Utah Temple,702,2,state,Utah
2026-09-01,Oklahoma City Oklahoma Temple,78,0,state,Oklahoma
2026-09-01,Oquirrh Mountain Utah Temple,716,4,state,Utah
2026-09-01,Palmyra New York Temple,82,0,state,New York
2026-09-01,Paris France Temple,96,0,country,France
2026-09-01,Payson Utah Temple,1350,7,state,Utah
2026-09-01,Pocatello Idaho Temple,569,1,state,Idaho
2026-09-01,Port-au-Prince Haiti Temple,0,0,country,Haiti
2026-09-01,Portland Oregon Temple,226,2,state,Oregon
2026-09-01,Porto Alegre Brazil Temple,93,1,country,Brazil
2026-09-01,Provo City Center Temple,1373,9,state,Utah
2026-09-01,Puebla Mexico Temple,146,1,country,Mexico
2026-09-01,Quetzaltenango Guatemala Temple,9,0,country,Guatemala
2026-09-01,Raleigh North Carolina Temple,152,0,state,North Carolina
2026-09-01,Recife Brazil Temple,77,4,country,Brazil
2026-09-01,Red Cliffs Utah Temple,662,2,state,Utah
2026-09-01,Redlands California Temple,216,2,state,California
2026-09-01,Reno Nevada Temple,122,1,state,Nevada
2026-09-01,Richmond Virginia Temple,38,0,state,Virginia
2026-09-01,Rio de Janeiro Brazil Temple,42,1,country,Brazil
2026-09-01,Rome Italy Temple,43,2,country,Italy
2026-09-01,Sacramento California Temple,224,1,state,California
2026-09-01,Salvador Brazil Temple,53,3,country,Brazil
2026-09-01,San Antonio Texas Temple,253,6,state,Texas
2026-09-01,San Diego California Temple,240,6,state,California
2026-09-01,San Pedro Sula Honduras Temple,22,1,country,Honduras
2026-09-01,Santiago Chile Temple,232,1,country,Chile
2026-09-01,Saratoga Springs Utah Temple,727,8,state,Utah
2026-09-01,Seattle Washington Temple,233,1,state,Washington
2026-09-01,Seoul Korea Temple,87,0,country,South Korea
2026-09-01,Spokane Washington Temple,246,0,state,Washington
2026-09-01,St. George Utah Temple,689,0,state,Utah
2026-09-01,St. Paul Minnesota Temple,120,1,state,Minnesota
2026-09-01,Star Valley Wyoming Temple,230,1,state,Wyoming
2026-09-01,Suva Fiji Temple,14,0,country,Fiji
2026-09-01,Sydney Australia Temple,50,0,country,Australia
2026-09-01,Syracuse Utah Temple,401,0,state,Utah
2026-09-01,São Paulo Brazil Temple,283,0,country,Brazil
2026-09-01,Taipei Taiwan Temple,48,0,country,Taiwan
2026-09-01,Tallahassee Florida Temple,71,0,state,Florida
2026-09-01,Tampico Mexico Temple,15,0,country,Mexico
2026-09-01,Taylorsville Utah Temple,1062,4,state,Utah
2026-09-01,Tegucigalpa Honduras Temple,8,0,country,Honduras
2026-09-01,The Gila Valley Arizona Temple,159,0,state,Arizona
2026-09-01,Tijuana Mexico Temple,23,0,country,Mexico
2026-09-01,Trujillo Peru Temple,26,2,country,Peru
2026-09-01,Tucson Arizona Temple,183,0,state,Arizona
2026-09-01,Urdaneta Philippines Temple,242,3,country,Philippines
2026-09-01,Vancouver British Columbia Temple,144,0,country,Canada
2026-09-01,Washington D.C. Temple,75,1,state,Maryland
2026-09-01,Winter Quarters Nebraska Temple,26,0,state,Nebraska
2026-09-01,Yorba Linda California Temple,152,0,state,California
2026-09-02,Aba Nigeria Temple,122,0,country,Nigeria
2026-09-02,Accra Ghana Temple,237,26,country,Ghana
2026-09-02,Adelaide Australia Temple,20,0,country,Australia
2026-09-02,Alabang Philippines Temple,41,0,country,Philippines
2026-09-02,Albuquerque New Mexico Temple,123,1,state,New Mexico
2026-09-02,Anchorage Alaska Temple,120,3,state,Alaska
2026-09-02,Antofagasta Chile Temple,24,0,country,Chile
2026-09-02,Apia Samoa Temple,357,4,country,Samoa
2026-09-02,Arequipa Peru Temple,4,0,country,Peru
2026-09-02,Asunción Paraguay Temple,17,0,country,Paraguay
2026-09-02,Atlanta Georgia Temple,142,2,state,Georgia
2026-09-02,Auckland New Zealand Temple,220,0,country,New Zealand
2026-09-02,Bacolod Philippines Temple,56,1,country,Philippines
2026-09-02,Bangkok Thailand Temple,53,1,country,Thailand
2026-09-02,Baton Rouge Louisiana Temple,53,0,state,Louisiana
2026-09-02,Belo Horizonte Brazil Temple,80,0,country,Brazil
2026-09-02,Belém Brazil Temple,5,0,country,Brazil
2026-09-02,Bentonville Arkansas Temple,171,0,state,Arkansas
2026-09-02,Bern Switzerland Temple,113,0,country,Switzerland
2026-09-02,Billings Montana Temple,55,0,state,Montana
2026-09-02,Birmingham Alabama Temple,97,2,state,Alabama
2026-09-02,Bogotá Colombia Temple,91,0,country,Colombia
2026-09-02,Boise Idaho Temple,355,0,state,Idaho
2026-09-02,Boston Massachusetts Temple,84,1,state,Massachusetts
2026-09-02,Bountiful Utah Temple,532,3,state,Utah
2026-09-02,Brasília Brazil Temple,52,2,country,Brazil
2026-09-02,Brisbane Australia Temple,195,0,country,Australia
2026-09-02,Buenos Aires Argentina Temple,28,0,country,Argentina
2026-09-02,Burley Idaho Temple,354,4,state,Idaho
2026-09-02,Calgary Alberta Temple,173,0,country,Canada
2026-09-02,Campinas Brazil Temple,46,0,country,Brazil
2026-09-02,Caracas Venezuela Temple,1,0,country,Venezuela
2026-09-02,Cardston Alberta Temple,308,2,country,Canada
2026-09-02,Cebu City Philippines Temple,79,0,country,Philippines
2026-09-02,Cedar City Utah Temple,310,1,state,Utah
2026-09-02,Chicago Illinois Temple,69,0,state,Illinois
2026-09-02,Ciudad Juárez Mexico Temple,21,0,country,Mexico
2026-09-02,Cleveland Ohio Temple,50,0,state,Ohio
2026-09-02,Cobán Guatemala Temple,15,1,country,Guatemala
2026-09-02,Cochabamba Bolivia Temple,21,0,country,Bolivia
2026-09-02,Colonia Juárez Chihuahua Mexico Temple,14,0,country,Mexico
2026-09-02,Columbia River Washington Temple,241,1,state,Washington
2026-09-02,Columbia South Carolina Temple,185,0,state,South Carolina
2026-09-02,Columbus Ohio Temple,68,0,state,Ohio
2026-09-02,Concepción Chile Temple,17,0,country,Chile
2026-09-02,Copenhagen Denmark Temple,106,0,country,Denmark
2026-09-02,Curitiba Brazil Temple,94,2,country,Brazil
2026-09-02,Córdoba Argentina Temple,17,0,country,Argentina
2026-09-02,Dallas Texas Temple,316,4,state,Texas
2026-09-02,Denver Colorado Temple,329,0,state,Colorado
2026-09-02,Deseret Peak Utah Temple,304,2,state,Utah
2026-09-02,Detroit Michigan Temple,29,1,state,Michigan
2026-09-02,Edmonton Alberta Temple,92,0,country,Canada
2026-09-02,Elko Nevada Temple,35,0,state,Nevada
2026-09-02,Farmington New Mexico Temple,97,0,state,New Mexico
2026-09-02,Feather River California Temple,49,0,state,California
2026-09-02,Fort Lauderdale Florida Temple,30,0,state,Florida
2026-09-02,Fortaleza Brazil Temple,55,1,country,Brazil
2026-09-02,Frankfurt Germany Temple,139,1,country,Germany
2026-09-02,Freiberg Germany Temple,17,0,country,Germany
2026-09-02,Fresno California Temple,113,0,state,California
2026-09-02,Gilbert Arizona Temple,820,6,state,Arizona
2026-09-02,Grand Junction Colorado Temple,73,1,state,Colorado
2026-09-02,Guadalajara Mexico Temple,4,0,country,Mexico
2026-09-02,Guatemala City Guatemala Temple,22,0,country,Guatemala
2026-09-02,Guayaquil Ecuador Temple,54,2,country,Ecuador
2026-09-02,Hamilton New Zealand Temple,119,1,country,New Zealand
2026-09-02,Harare Zimbabwe Temple,28,6,country,Zimbabwe
2026-09-02,Hartford Connecticut Temple,24,0,state,Connecticut
2026-09-02,Helena Montana Temple,52,0,state,Montana
2026-09-02,Helsinki Finland Temple,31,0,country,Finland
2026-09-02,Hong Kong China Temple,42,0,country,Hong Kong
2026-09-02,Idaho Falls Idaho Temple,992,4,state,Idaho
2026-09-02,Indianapolis Indiana Temple,113,1,state,Indiana
2026-09-02,Johannesburg South Africa Temple,51,1,country,South Africa
2026-09-02,Jordan River Utah Temple,1574,6,state,Utah
2026-09-02,Kansas City Missouri Temple,184,0,state,Missouri
2026-09-02,Kinshasa Democratic Republic of the Congo Temple,77,17,country,Democratic Republic of the Congo
2026-09-02,Laie Hawaii Temple,243,2,state,Hawaii
2026-09-02,Layton Utah Temple,532,0,state,Utah
2026-09-02,Lima Peru Los Olivos Temple,70,3,country,Peru
2026-09-02,Lima Peru Temple,69,0,country,Peru
2026-09-02,Lindon Utah Temple,967,3,state,Utah
2026-09-02,Lisbon Portugal Temple,87,0,country,Portugal
2026-09-02,Logan Utah Temple,1144,4,state,Utah
2026-09-02,London England Temple,99,1,country,United Kingdom
2026-09-02,Los Angeles California Temple,67,1,state,California
2026-09-02,Louisville Kentucky Temple,68,0,state,Kentucky
2026-09-02,Lubbock Texas Temple,30,0,state,Texas
2026-09-02,Madrid Spain Temple,43,0,country,Spain
2026-09-02,Manti Utah Temple,330,0,state,Utah
2026-09-02,McAllen Texas Temple,159,0,state,Texas
2026-09-02,Melbourne Australia Temple,104,1,country,Australia
2026-09-02,Mendoza Argentina Temple,26,0,country,Argentina
2026-09-02,Meridian Idaho Temple,409,5,state,Idaho
2026-09-02,Mexico City Mexico Temple,229,2,country,Mexico
2026-09-02,Monterrey Mexico Temple,27,1,country,Mexico
2026-09-02,Montevideo Uruguay Temple,53,0,country,Uruguay
2026-09-02,Monticello Utah Temple,86,0,state,Utah
2026-09-02,Montreal Quebec Temple,22,0,country,Canada
2026-09-02,Moses Lake Washington Temple,55,0,state,Washington
2026-09-02,Mount Timpanogos Utah Temple,1391,9,state,Utah
2026-09-02,Mérida Mexico Temple,101,2,country,Mexico
2026-09-02,Nairobi Kenya Temple,49,7,country,Kenya
2026-09-02,Nashville Tennessee Temple,127,1,state,Tennessee
2026-09-02,Nauvoo Illinois Temple,118,0,state,Illinois
2026-09-02,Newport Beach California Temple,196,0,state,California
2026-09-02,Oakland California Temple,130,0,state,California
2026-09-02,Oaxaca Mexico Temple,4,0,country,Mexico
2026-09-02,Ogden Utah Temple,751,3,state,Utah
2026-09-02,Oklahoma City Oklahoma Temple,76,1,state,Oklahoma
2026-09-02,Oquirrh Mountain Utah Temple,692,6,state,Utah
2026-09-02,Palmyra New York Temple,16,0,state,New York
2026-09-02,Panama City Panama Temple,34,0,country,Panama
2026-09-02,Paris France Temple,104,0,country,France
2026-09-02,Payson Utah Temple,1122,7,state,Utah
2026-09-02,Perth Australia Temple,65,0,country,Australia
2026-09-02,Pocatello Idaho Temple,467,4,state,Idaho
2026-09-02,Portland Oregon Temple,226,1,state,Oregon
2026-09-02,Porto Alegre Brazil Temple,42,0,country,Brazil
2026-09-02,Praia Cape Verde Temple,30,0,country,Cape Verde
2026-09-02,Preston England Temple,319,5,country,United Kingdom
2026-09-02,Provo City Center Temple,1207,5,state,Utah
2026-09-02,Puebla Mexico Temple,87,0,country,Mexico
2026-09-02,Quetzaltenango Guatemala Temple,10,0,country,Guatemala
2026-09-02,Raleigh North Carolina Temple,147,0,state,North Carolina
2026-09-02,Recife Brazil Temple,44,0,country,Brazil
2026-09-02,Red Cliffs Utah Temple,639,1,state,Utah
2026-09-02,Redlands California Temple,172,0,state,California
2026-09-02,Reno Nevada Temple,121,3,state,Nevada
2026-09-02,Richmond Virginia Temple,163,0,state,Virginia
2026-09-02,Rio de Janeiro Brazil Temple,8,0,country,Brazil
2026-09-02,Rome Italy Temple,65,0,country,Italy
2026-09-02,Sacramento California Temple,168,0,state,California
2026-09-02,Salta Argentina Temple,4,0,country,Argentina
2026-09-02,Salvador Brazil Temple,48,0,country,Brazil
2026-09-02,San Antonio Texas Temple,192,0,state,Texas
2026-09-02,San Diego California Temple,321,2,state,California
2026-09-02,San José Costa Rica Temple,39,2,country,Costa Rica
2026-09-02,San Juan Puerto Rico Temple,29,0,country,Puerto Rico
2026-09-02,San Pedro Sula Honduras Temple,11,1,country,Honduras
2026-09-02,Santiago Chile Temple,254,3,country,Chile
2026-09-02,Sapporo Japan Temple,24,0,country,Japan
2026-09-02,Saratoga Springs Utah Temple,575,6,state,Utah
2026-09-02,Seattle Washington Temple,117,2,state,Washington
2026-09-02,Seoul Korea Temple,103,0,country,South Korea
2026-09-02,Spokane Washington Temple,227,0,state,Washington
2026-09-02,St. George Utah Temple,653,3,state,Utah
2026-09-02,St. Paul Minnesota Temple,80,0,state,Minnesota
2026-09-02,Star Valley Wyoming Temple,191,1,state,Wyoming
2026-09-02,Suva Fiji Temple,18,0,country,Fiji
2026-09-02,Sydney Australia Temple,60,0,country,Australia
2026-09-02,Syracuse Utah Temple,324,2,state,Utah
2026-09-02,São Paulo Brazil Temple,188,2,country,Brazil
2026-09-02,Taipei Taiwan Temple,31,0,country,Taiwan
2026-09-02,Tallahassee Florida Temple,31,1,state,Florida
2026-09-02,Tampico Mexico Temple,8,0,country,Mexico
2026-09-02,Taylorsville Utah Temple,933,4,state,Utah
2026-09-02,Tegucigalpa Honduras Temple,8,0,country,Honduras
2026-09-02,The Gila Valley Arizona Temple,161,0,state,Arizona
2026-09-02,The Hague Netherlands Temple,5,0,country,Netherlands
2026-09-02,Tijuana Mexico Temple,12,0,country,Mexico
2026-09-02,Toronto Ontario Temple,83,0,country,Canada
2026-09-02,Trujillo Peru Temple,25,0,country,Peru
2026-09-02,Tucson Arizona Temple,115,0,state,Arizona
2026-09-02,Tuxtla Gutiérrez Mexico Temple,0,0,country,Mexico
2026-09-02,Urdaneta Philippines Temple,300,7,country,Philippines
2026-09-02,Vancouver British Columbia Temple,115,1,country,Canada
2026-09-02,Veracruz Mexico Temple,10,0,country,Mexico
2026-09-02,Villahermosa Mexico Temple,39,1,country,Mexico
2026-09-02,Washington D.C. Temple,37,1,state,Maryland
2026-09-02,Willamette Valley Oregon Temple,131,0,state,Oregon
2026-09-02,Winter Quarters Nebraska Temple,102,0,state,Nebraska
2026-09-02,Yorba Linda California Temple,212,2,state,California
2026-09-03,Aba Nigeria Temple,0,0,country,Nigeria
2026-09-03,Accra Ghana Temple,160,2,country,Ghana
2026-09-03,Adelaide Australia Temple,74,0,country,Australia
2026-09-03,Alabang Philippines Temple,140,11,country,Philippines
2026-09-03,Albuquerque New Mexico Temple,119,0,state,New Mexico
2026-09-03,Anchorage Alaska Temple,68,2,state,Alaska
2026-09-03,Antofagasta Chile Temple,55,3,country,Chile
2026-09-03,Apia Samoa Temple,346,6,country,Samoa
2026-09-03,Arequipa Peru Temple,8,1,country,Peru
2026-09-03,Asunción Paraguay Temple,72,3,country,Paraguay
2026-09-03,Atlanta Georgia Temple,146,0,state,Georgia
2026-09-03,Auckland New Zealand Temple,241,3,country,New Zealand
2026-09-03,Bacolod Philippines Temple,150,9,country,Philippines
2026-09-03,Bahía Blanca Argentina Temple,29,0,country,Argentina
2026-09-03,Bangkok Thailand Temple,53,0,country,Thailand
2026-09-03,Barranquilla Colombia Temple,1,0,country,Colombia
2026-09-03,Baton Rouge Louisiana Temple,14,0,state,Louisiana
2026-09-03,Belo Horizonte Brazil Temple,76,0,country,Brazil
2026-09-03,Belém Brazil Temple,14,1,country,Brazil
2026-09-03,Bentonville Arkansas Temple,222,0,state,Arkansas
2026-09-03,Bern Switzerland Temple,104,0,country,Switzerland
2026-09-03,Billings Montana Temple,71,1,state,Montana
2026-09-03,Birmingham Alabama Temple,30,0,state,Alabama
2026-09-03,Bogotá Colombia Temple,220,16,country,Colombia
2026-09-03,Boise Idaho Temple,396,0,state,Idaho
2026-09-03,Bountiful Utah Temple,523,2,state,Utah
2026-09-03,Brasília Brazil Temple,36,0,country,Brazil
2026-09-03,Brisbane Australia Temple,236,1,country,Australia
2026-09-03,Buenos Aires Argentina Temple,52,1,country,Argentina
2026-09-03,Calgary Alberta Temple,166,1,country,Canada
2026-09-03,Campinas Brazil Temple,99,1,country,Brazil
2026-09-03,Caracas Venezuela Temple,14,0,country,Venezuela
2026-09-03,Cardston Alberta Temple,345,3,country,Canada
2026-09-03,Casper Wyoming Temple,111,0,state,Wyoming
2026-09-03,Cebu City Philippines Temple,56,0,country,Philippines
2026-09-03,Cedar City Utah Temple,322,4,state,Utah
2026-09-03,Chicago Illinois Temple,81,0,state,Illinois
2026-09-03,Ciudad Juárez Mexico Temple,20,0,country,Mexico
2026-09-03,Cleveland Ohio Temple,60,0,state,Ohio
2026-09-03,Cochabamba Bolivia Temple,77,2,country,Bolivia
2026-09-03,Columbia River Washington Temple,250,1,state,Washington
2026-09-03,Columbia South Carolina Temple,203,0,state,South Carolina
2026-09-03,Columbus Ohio Temple,79,0,state,Ohio
2026-09-03,Concepción Chile Temple,17,0,country,Chile
2026-09-03,Copenhagen Denmark Temple,67,0,country,Denmark
2026-09-03,Curitiba Brazil Temple,131,2,country,Brazil
2026-09-03,Córdoba Argentina Temple,1,0,country,Argentina
2026-09-03,Dallas Texas Temple,273,1,state,Texas
2026-09-03,Denver Colorado Temple,332,1,state,Colorado
2026-09-03,Deseret Peak Utah Temple,228,0,state,Utah
2026-09-03,Detroit Michigan Temple,70,0,state,Michigan
2026-09-03,Edmonton Alberta Temple,129,1,country,Canada
2026-09-03,Elko Nevada Temple,75,0,state,Nevada
2026-09-03,Farmington New Mexico Temple,67,0,state,New Mexico
2026-09-03,Feather River California Temple,59,0,state,California
2026-09-03,Fort Lauderdale Florida Temple,39,0,state,Florida
2026-09-03,Fortaleza Brazil Temple,57,0,country,Brazil
2026-09-03,Frankfurt Germany Temple,173,1,country,Germany
2026-09-03,Freiberg Germany Temple,17,0,country,Germany
2026-09-03,Fresno California Temple,70,0,state,California
2026-09-03,Fukuoka Japan Temple,24,0,country,Japan
2026-09-03,Gilbert Arizona Temple,943,6,state,Arizona
2026-09-03,Grand Junction Colorado Temple,112,0,state,Colorado
2026-09-03,Guadalajara Mexico Temple,4,0,country,Mexico
2026-09-03,Guatemala City Guatemala Temple,29,1,country,Guatemala
2026-09-03,Guayaquil Ecuador Temple,94,3,country,Ecuador
2026-09-03,Hamilton New Zealand Temple,191,0,country,New Zealand
2026-09-03,Harare Zimbabwe Temple,47,4,country,Zimbabwe
2026-09-03,Helena Montana Temple,59,1,state,Montana
2026-09-03,Helsinki Finland Temple,34,0,country,Finland
2026-09-03,Hermosillo Sonora Mexico Temple,1,0,country,Mexico
2026-09-03,Hong Kong China Temple,51,0,country,Hong Kong
2026-09-03,Idaho Falls Idaho Temple,1044,4,state,Idaho
2026-09-03,Indianapolis Indiana Temple,25,1,state,Indiana
2026-09-03,Johannesburg South Africa Temple,77,18,country,South Africa
2026-09-03,Jordan River Utah Temple,1566,5,state,Utah
2026-09-03,Kansas City Missouri Temple,152,0,state,Missouri
2026-09-03,Kinshasa Democratic Republic of the Congo Temple,42,10,country,Democratic Republic of the Congo
2026-09-03,Laie Hawaii Temple,157,1,state,Hawaii
2026-09-03,Layton Utah Temple,727,5,state,Utah
2026-09-03,Lima Peru Los Olivos Temple,28,0,country,Peru
2026-09-03,Lima Peru Temple,104,1,country,Peru
2026-09-03,Lindon Utah Temple,979,2,state,Utah
2026-09-03,Lisbon Portugal Temple,45,0,country,Portugal
2026-09-03,Logan Utah Temple,1013,4,state,Utah
2026-09-03,London England Temple,118,1,country,United Kingdom
2026-09-03,Los Angeles California Temple,212,0,state,California
2026-09-03,Louisville Kentucky Temple,33,0,state,Kentucky
2026-09-03,Lubbock Texas Temple,61,0,state,Texas
2026-09-03,Madrid Spain Temple,50,1,country,Spain
2026-09-03,Manti Utah Temple,319,1,state,Utah
2026-09-03,Melbourne Australia Temple,110,0,country,Australia
2026-09-03,Memphis Tennessee Temple,93,0,state,Tennessee
2026-09-03,Mendoza Argentina Temple,38,0,country,Argentina
2026-09-03,Meridian Idaho Temple,454,3,state,Idaho
2026-09-03,Mexico City Mexico Temple,131,7,country,Mexico
2026-09-03,Monterrey Mexico Temple,39,1,country,Mexico
2026-09-03,Montevideo Uruguay Temple,76,0,country,Uruguay
2026-09-03,Monticello Utah Temple,68,0,state,Utah
2026-09-03,Montreal Quebec Temple,93,0,country,Canada
2026-09-03,Moses Lake Washington Temple,75,0,state,Washington
2026-09-03,Mount Timpanogos Utah Temple,1318,6,state,Utah
2026-09-03,Mérida Mexico Temple,26,0,country,Mexico
2026-09-03,Nairobi Kenya Temple,43,0,country,Kenya
2026-09-03,Nashville Tennessee Temple,43,1,state,Tennessee
2026-09-03,Nauvoo Illinois Temple,129,0,state,Illinois
2026-09-03,Newport Beach California Temple,157,1,state,California
2026-09-03,Oakland California Temple,187,1,state,California
2026-09-03,Oaxaca Mexico Temple,2,1,country,Mexico
2026-09-03,Ogden Utah Temple,628,1,state,Utah
2026-09-03,Okinawa Japan Temple,115,1,country,Japan
2026-09-03,Oklahoma City Oklahoma Temple,79,0,state,Oklahoma
2026-09-03,Oquirrh Mountain Utah Temple,665,7,state,Utah
2026-09-03,Palmyra New York Temple,70,0,state,New York
2026-09-03,Panama City Panama Temple,5,0,country,Panama
2026-09-03,Paris France Temple,110,0,country,France
2026-09-03,Payson Utah Temple,1147,10,state,Utah
2026-09-03,Perth Australia Temple,75,0,country,Australia
2026-09-03,Philadelphia Pennsylvania Temple,93,1,state,Pennsylvania
2026-09-03,Pittsburgh Pennsylvania Temple,77,0,state,Pennsylvania
2026-09-03,Pocatello Idaho Temple,437,4,state,Idaho
2026-09-03,Port-au-Prince Haiti Temple,7,2,country,Haiti
2026-09-03,Portland Oregon Temple,266,2,state,Oregon
2026-09-03,Porto Alegre Brazil Temple,83,4,country,Brazil
2026-09-03,Praia Cape Verde Temple,0,0,country,Cape Verde
2026-09-03,Preston England Temple,312,4,country,United Kingdom
2026-09-03,Provo City Center Temple,1210,6,state,Utah
2026-09-03,Puebla Mexico Temple,151,2,country,Mexico
2026-09-03,Quetzaltenango Guatemala Temple,27,0,country,Guatemala
2026-09-03,Raleigh North Carolina Temple,127,1,state,North Carolina
2026-09-03,Recife Brazil Temple,11,0,country,Brazil
2026-09-03,Red Cliffs Utah Temple,626,5,state,Utah
2026-09-03,Redlands California Temple,190,0,state,California
2026-09-03,Reno Nevada Temple,106,0,state,Nevada
2026-09-03,Richmond Virginia Temple,88,0,state,Virginia
2026-09-03,Rio de Janeiro Brazil Temple,18,0,country,Brazil
2026-09-03,Rome Italy Temple,63,1,country,Italy
2026-09-03,Sacramento California Temple,156,1,state,California
2026-09-03,Salta Argentina Temple,5,0,country,Argentina
2026-09-03,Salvador Brazil Temple,30,0,country,Brazil
2026-09-03,San Antonio Texas Temple,238,1,state,Texas
2026-09-03,San Diego California Temple,230,3,state,California
2026-09-03,San José Costa Rica Temple,55,1,country,Costa Rica
2026-09-03,San Juan Puerto Rico Temple,26,0,country,Puerto Rico
2026-09-03,San Pedro Sula Honduras Temple,7,2,country,Honduras
2026-09-03,Santiago Chile Temple,153,0,country,Chile
2026-09-03,Sapporo Japan Temple,109,0,country,Japan
2026-09-03,Saratoga Springs Utah Temple,663,5,state,Utah
2026-09-03,Seattle Washington Temple,129,1,state,Washington
2026-09-03,Seoul Korea Temple,68,0,country,South Korea
2026-09-03,Spokane Washington Temple,266,1,state,Washington
2026-09-03,St. George Utah Temple,616,2,state,Utah
2026-09-03,St. Paul Minnesota Temple,120,2,state,Minnesota
2026-09-03,Star Valley Wyoming Temple,142,0,state,Wyoming
2026-09-03,Suva Fiji Temple,20,0,country,Fiji
2026-09-03,Sydney Australia Temple,53,1,country,Australia
2026-09-03,Syracuse Utah Temple,377,4,state,Utah
2026-09-03,São Paulo Brazil Temple,250,3,country,Brazil
2026-09-03,Taipei Taiwan Temple,30,0,country,Taiwan
2026-09-03,Tallahassee Florida Temple,79,0,state,Florida
2026-09-03,Tampico Mexico Temple,12,0,country,Mexico
2026-09-03,Taylorsville Utah Temple,1050,5,state,Utah
2026-09-03,Tegucigalpa Honduras Temple,6,0,country,Honduras
2026-09-03,The Gila Valley Arizona Temple,122,0,state,Arizona
2026-09-03,The Hague Netherlands Temple,6,0,country,Netherlands
2026-09-03,Tijuana Mexico Temple,20,0,country,Mexico
2026-09-03,Toronto Ontario Temple,85,0,country,Canada
2026-09-03,Trujillo Peru Temple,33,1,country,Peru
2026-09-03,Tucson Arizona Temple,182,2,state,Arizona
2026-09-03,Tuxtla Gutiérrez Mexico Temple,3,1,country,Mexico
2026-09-03,Urdaneta Philippines Temple,175,6,country,Philippines
2026-09-03,Vancouver British Columbia Temple,48,0,country,Canada
2026-09-03,Veracruz Mexico Temple,40,1,country,Mexico
2026-09-03,Villahermosa Mexico Temple,0,0,country,Mexico
2026-09-03,Washington D.C. Temple,249,3,state,Maryland
2026-09-03,Willamette Valley Oregon Temple,148,2,state,Oregon
2026-09-03,Winnipeg Manitoba Temple,44,0,country,Canada
2026-09-03,Winter Quarters Nebraska Temple,38,0,state,Nebraska
2026-09-03,Yorba Linda California Temple,151,0,state,California
2026-09-04,Aba Nigeria Temple,38,12,country,Nigeria
2026-09-04,Accra Ghana Temple,189,2,country,Ghana
2026-09-04,Adelaide Australia Temple,22,0,country,Australia
2026-09-04,Alabang Philippines Temple,117,9,country,Philippines
2026-09-04,Albuquerque New Mexico Temple,155,2,state,New Mexico
2026-09-04,Anchorage Alaska Temple,92,1,state,Alaska
2026-09-04,Antofagasta Chile Temple,77,2,country,Chile
2026-09-04,Apia Samoa Temple,381,5,country,Samoa
2026-09-04,Arequipa Peru Temple,52,2,country,Peru
2026-09-04,Asunción Paraguay Temple,51,3,country,Paraguay
2026-09-04,Atlanta Georgia Temple,121,1,state,Georgia
2026-09-04,Auckland New Zealand Temple,349,2,country,New Zealand
2026-09-04,Bacolod Philippines Temple,160,3,country,Philippines
2026-09-04,Bahía Blanca Argentina Temple,81,0,country,Argentina
2026-09-04,Bangkok Thailand Temple,24,0,country,Thailand
2026-09-04,Barranquilla Colombia Temple,8,0,country,Colombia
2026-09-04,Baton Rouge Louisiana Temple,81,1,state,Louisiana
2026-09-04,Belo Horizonte Brazil Temple,160,1,country,Brazil
2026-09-04,Belém Brazil Temple,16,0,country,Brazil
2026-09-04,Bentonville Arkansas Temple,291,4,state,Arkansas
2026-09-04,Bern Switzerland Temple,170,1,country,Switzerland
2026-09-04,Billings Montana Temple,116,2,state,Montana
2026-09-04,Birmingham Alabama Temple,46,0,state,Alabama
2026-09-04,Bogotá Colombia Temple,308,3,country,Colombia
2026-09-04,Boise Idaho Temple,363,0,state,Idaho
2026-09-04,Boston Massachusetts Temple,104,1,state,Massachusetts
2026-09-04,Bountiful Utah Temple,557,6,state,Utah
2026-09-04,Brasília Brazil Temple,106,0,country,Brazil
2026-09-04,Brisbane Australia Temple,228,1,country,Australia
2026-09-04,Buenos Aires Argentina Temple,85,1,country,Argentina
2026-09-04,Burley Idaho Temple,473,5,state,Idaho
2026-09-04,Calgary Alberta Temple,235,3,country,Canada
2026-09-04,Campinas Brazil Temple,117,3,country,Brazil
2026-09-04,Caracas Venezuela Temple,55,10,country,Venezuela
2026-09-04,Cardston Alberta Temple,401,6,country,Canada
2026-09-04,Casper Wyoming Temple,47,0,state,Wyoming
2026-09-04,Cebu City Philippines Temple,106,5,country,Philippines
2026-09-04,Cedar City Utah Temple,252,0,state,Utah
2026-09-04,Chicago Illinois Temple,99,2,state,Illinois
2026-09-04,Ciudad Juárez Mexico Temple,72,1,country,Mexico
2026-09-04,Cleveland Ohio Temple,123,0,state,Ohio
2026-09-04,Cobán Guatemala Temple,3,0,country,Guatemala
2026-09-04,Cochabamba Bolivia Temple,99,10,country,Bolivia
2026-09-04,Colonia Juárez Chihuahua Mexico Temple,19,0,country,Mexico
2026-09-04,Columbia River Washington Temple,256,0,state,Washington
2026-09-04,Columbia South Carolina Temple,112,1,state,South Carolina
2026-09-04,Columbus Ohio Temple,95,0,state,Ohio
2026-09-04,Concepción Chile Temple,161,4,country,Chile
2026-09-04,Copenhagen Denmark Temple,57,0,country,Denmark
2026-09-04,Curitiba Brazil Temple,120,0,country,Brazil
2026-09-04,Córdoba Argentina Temple,22,1,country,Argentina
2026-09-04,Dallas Texas Temple,415,9,state,Texas
2026-09-04,Denver Colorado Temple,407,4,state,Colorado
2026-09-04,Deseret Peak Utah Temple,248,0,state,Utah
2026-09-04,Detroit Michigan Temple,111,0,state,Michigan
2026-09-04,Edmonton Alberta Temple,145,0,country,Canada
2026-09-04,Elko Nevada Temple,48,0,state,Nevada
2026-09-04,Farmington New Mexico Temple,148,3,state,New Mexico
2026-09-04,Feather River California Temple,52,0,state,California
2026-09-04,Fort Lauderdale Florida Temple,84,0,state,Florida
2026-09-04,Fortaleza Brazil Temple,73,0,country,Brazil
2026-09-04,Frankfurt Germany Temple,163,0,country,Germany
2026-09-04,Freiberg Germany Temple,43,0,country,Germany
2026-09-04,Fresno California Temple,186,0,state,California
2026-09-04,Fukuoka Japan Temple,47,0,country,Japan
2026-09-04,Gilbert Arizona Temple,1037,12,state,Arizona
2026-09-04,Grand Junction Colorado Temple,60,0,state,Colorado
2026-09-04,Guadalajara Mexico Temple,13,3,country,Mexico
2026-09-04,Guatemala City Guatemala Temple,166,3,country,Guatemala
2026-09-04,Guayaquil Ecuador Temple,161,3,country,Ecuador
2026-09-04,Hamilton New Zealand Temple,137,0,country,New Zealand
2026-09-04,Harare Zimbabwe Temple,91,21,country,Zimbabwe
2026-09-04,Hartford Connecticut Temple,80,1,state,Connecticut
2026-09-04,Helena Montana Temple,84,0,state,Montana
2026-09-04,Helsinki Finland Temple,66,0,country,Finland
2026-09-04,Hermosillo Sonora Mexico Temple,82,7,country,Mexico
2026-09-04,Hong Kong China Temple,94,0,country,Hong Kong
2026-09-04,Idaho Falls Idaho Temple,1021,10,state,Idaho
2026-09-04,Indianapolis Indiana Temple,125,4,state,Indiana
2026-09-04,Johannesburg South Africa Temple,115,5,country,South Africa
2026-09-04,Jordan River Utah Temple,1482,9,state,Utah
2026-09-04,Kansas City Missouri Temple,323,1,state,Missouri
2026-09-04,Kinshasa Democratic Republic of the Congo Temple,22,1,country,Democratic Republic of the Congo
2026-09-04,Laie Hawaii Temple,327,4,state,Hawaii
2026-09-04,Layton Utah Temple,555,6,state,Utah
2026-09-04,Lima Peru Los Olivos Temple,148,4,country,Peru
2026-09-04,Lima Peru Temple,125,4,country,Peru
2026-09-04,Lindon Utah Temple,965,8,state,Utah
2026-09-04,Lisbon Portugal Temple,61,0,country,Portugal
2026-09-04,Logan Utah Temple,869,4,state,Utah
2026-09-04,London England Temple,121,1,country,United Kingdom
2026-09-04,Los Angeles California Temple,265,5,state,California
2026-09-04,Louisville Kentucky Temple,79,0,state,Kentucky
2026-09-04,Lubbock Texas Temple,54,0,state,Texas
2026-09-04,Madrid Spain Temple,62,2,country,Spain
2026-09-04,Manti Utah Temple,449,6,state,Utah
2026-09-04,McAllen Texas Temple,32,1,state,Texas
2026-09-04,Melbourne Australia Temple,114,0,country,Australia
2026-09-04,Memphis Tennessee Temple,29,0,state,Tennessee
2026-09-04,Mendoza Argentina Temple,74,1,country,Argentina
2026-09-04,Meridian Idaho Temple,474,6,state,Idaho
2026-09-04,Mexico City Mexico Temple,236,10,country,Mexico
2026-09-04,Monterrey Mexico Temple,114,5,country,Mexico
2026-09-04,Montevideo Uruguay Temple,110,0,country,Uruguay
2026-09-04,Monticello Utah Temple,59,0,state,Utah
2026-09-04,Montreal Quebec Temple,105,2,country,Canada
2026-09-04,Moses Lake Washington Temple,51,0,state,Washington
2026-09-04,Mount Timpanogos Utah Temple,1238,8,state,Utah
2026-09-04,Mérida Mexico Temple,45,2,country,Mexico
2026-09-04,Nairobi Kenya Temple,19,0,country,Kenya
2026-09-04,Nashville Tennessee Temple,179,4,state,Tennessee
2026-09-04,Nauvoo Illinois Temple,162,1,state,Illinois
2026-09-04,Newport Beach California Temple,214,1,state,California
2026-09-04,Oakland California Temple,145,1,state,California
2026-09-04,Oaxaca Mexico Temple,15,2,country,Mexico
2026-09-04,Ogden Utah Temple,595,5,state,Utah
2026-09-04,Okinawa Japan Temple,33,0,country,Japan
2026-09-04,Oklahoma City Oklahoma Temple,107,1,state,Oklahoma
2026-09-04,Oquirrh Mountain Utah Temple,510,3,state,Utah
2026-09-04,Palmyra New York Temple,50,0,state,New York
2026-09-04,Panama City Panama Temple,7,2,country,Panama
2026-09-04,Paris France Temple,87,0,country,France
2026-09-04,Payson Utah Temple,1160,9,state,Utah
2026-09-04,Perth Australia Temple,61,0,country,Australia
2026-09-04,Philadelphia Pennsylvania Temple,62,0,state,Pennsylvania
2026-09-04,Pittsburgh Pennsylvania Temple,69,0,state,Pennsylvania
2026-09-04,Pocatello Idaho Temple,354,1,state,Idaho
2026-09-04,Port-au-Prince Haiti Temple,1,0,country,Haiti
2026-09-04,Portland Oregon Temple,349,2,state,Oregon
2026-09-04,Porto Alegre Brazil Temple,134,2,country,Brazil
2026-09-04,Praia Cape Verde Temple,6,0,country,Cape Verde
2026-09-04,Preston England Temple,183,0,country,United Kingdom
2026-09-04,Provo City Center Temple,1318,11,state,Utah
2026-09-04,Puebla Mexico Temple,143,3,country,Mexico
2026-09-04,Quetzaltenango Guatemala Temple,6,0,country,Guatemala
2026-09-04,Raleigh North Carolina Temple,219,3,state,North Carolina
2026-09-04,Recife Brazil Temple,73,0,country,Brazil
2026-09-04,Red Cliffs Utah Temple,580,6,state,Utah
2026-09-04,Redlands California Temple,188,1,state,California
2026-09-04,Regina Saskatchewan Temple,31,0,country,Canada
2026-09-04,Reno Nevada Temple,129,0,state,Nevada
2026-09-04,Richmond Virginia Temple,160,0,state,Virginia
2026-09-04,Rio de Janeiro Brazil Temple,39,0,country,Brazil
2026-09-04,Rome Italy Temple,96,3,country,Italy
2026-09-04,Sacramento California Temple,265,5,state,California
2026-09-04,Salta Argentina Temple,15,2,country,Argentina
2026-09-04,Salvador Brazil Temple,102,1,country,Brazil
2026-09-04,San Antonio Texas Temple,242,1,state,Texas
2026-09-04,San Diego California Temple,396,4,state,California
2026-09-04,San José Costa Rica Temple,16,0,country,Costa Rica
2026-09-04,San Juan Puerto Rico Temple,19,0,country,Puerto Rico
2026-09-04,San Pedro Sula Honduras Temple,4,0,country,Honduras
2026-09-04,Santiago Chile Temple,287,5,country,Chile
2026-09-04,Sapporo Japan Temple,111,0,country,Japan
2026-09-04,Saratoga Springs Utah Temple,651,6,state,Utah
2026-09-04,Seattle Washington Temple,204,6,state,Washington
2026-09-04,Seoul Korea Temple,73,0,country,South Korea
2026-09-04,Spokane Washington Temple,328,5,state,Washington
2026-09-04,St. George Utah Temple,511,4,state,Utah
2026-09-04,St. Paul Minnesota Temple,160,1,state,Minnesota
2026-09-04,Star Valley Wyoming Temple,189,1,state,Wyoming
2026-09-04,Suva Fiji Temple,33,4,country,Fiji
2026-09-04,Sydney Australia Temple,84,0,country,Australia
2026-09-04,Syracuse Utah Temple,401,4,state,Utah
2026-09-04,São Paulo Brazil Temple,372,1,country,Brazil
2026-09-04,Taipei Taiwan Temple,123,5,country,Taiwan
2026-09-04,Tallahassee Florida Temple,79,0,state,Florida
2026-09-04,Tampico Mexico Temple,27,0,country,Mexico
2026-09-04,Taylorsville Utah Temple,989,7,state,Utah
2026-09-04,Tegucigalpa Honduras Temple,18,1,country,Honduras
2026-09-04,The Gila Valley Arizona Temple,129,0,state,Arizona
2026-09-04,The Hague Netherlands Temple,64,0,country,Netherlands
2026-09-04,Tijuana Mexico Temple,36,1,country,Mexico
2026-09-04,Toronto Ontario Temple,120,3,country,Canada
2026-09-04,Trujillo Peru Temple,37,0,country,Peru
2026-09-04,Tucson Arizona Temple,210,0,state,Arizona
2026-09-04,Tuxtla Gutiérrez Mexico Temple,3,0,country,Mexico
2026-09-04,Urdaneta Philippines Temple,286,10,country,Philippines
2026-09-04,Vancouver British Columbia Temple,98,0,country,Canada
2026-09-04,Veracruz Mexico Temple,52,2,country,Mexico
2026-09-04,Villahermosa Mexico Temple,16,0,country,Mexico
2026-09-04,Washington D.C. Temple,293,4,state,Maryland
2026-09-04,Willamette Valley Oregon Temple,140,1,state,Oregon
2026-09-04,Winnipeg Manitoba Temple,36,0,country,Canada
2026-09-04,Winter Quarters Nebraska Temple,118,1,state,Nebraska
2026-09-04,Yorba Linda California Temple,157,2,state,California
2026-09-05,Aba Nigeria Temple,16,4,country,Nigeria
2026-09-05,Accra Ghana Temple,161,12,country,Ghana
2026-09-05,Adelaide Australia Temple,18,0,country,Australia
2026-09-05,Alabang Philippines Temple,196,9,country,Philippines
2026-09-05,Albuquerque New Mexico Temple,139,2,state,New Mexico
2026-09-05,Anchorage Alaska Temple,120,4,state,Alaska
2026-09-05,Antofagasta Chile Temple,110,2,country,Chile
2026-09-05,Apia Samoa Temple,192,3,country,Samoa
2026-09-05,Arequipa Peru Temple,141,4,country,Peru
2026-09-05,Asunción Paraguay Temple,88,6,country,Paraguay
2026-09-05,Atlanta Georgia Temple,208,6,state,Georgia
2026-09-05,Auckland New Zealand Temple,426,4,country,New Zealand
2026-09-05,Bacolod Philippines Temple,200,26,country,Philippines
2026-09-05,Bahía Blanca Argentina Temple,83,7,country,Argentina
2026-09-05,Bangkok Thailand Temple,103,0,country,Thailand
2026-09-05,Barranquilla Colombia Temple,104,2,country,Colombia
2026-09-05,Baton Rouge Louisiana Temple,113,3,state,Louisiana
2026-09-05,Belo Horizonte Brazil Temple,212,1,country,Brazil
2026-09-05,Belém Brazil Temple,24,1,country,Brazil
2026-09-05,Bentonville Arkansas Temple,272,8,state,Arkansas
2026-09-05,Bern Switzerland Temple,125,1,country,Switzerland
2026-09-05,Billings Montana Temple,90,3,state,Montana
2026-09-05,Birmingham Alabama Temple,126,4,state,Alabama
2026-09-05,Bogotá Colombia Temple,237,5,country,Colombia
2026-09-05,Boise Idaho Temple,315,4,state,Idaho
2026-09-05,Boston Massachusetts Temple,130,2,state,Massachusetts
2026-09-05,Bountiful Utah Temple,617,11,state,Utah
2026-09-05,Brasília Brazil Temple,133,0,country,Brazil
2026-09-05,Brisbane Australia Temple,200,5,country,Australia
2026-09-05,Buenos Aires Argentina Temple,294,10,country,Argentina
2026-09-05,Burley Idaho Temple,334,6,state,Idaho
2026-09-05,Calgary Alberta Temple,261,5,country,Canada
2026-09-05,Campinas Brazil Temple,273,7,country,Brazil
2026-09-05,Caracas Venezuela Temple,18,4,country,Venezuela
2026-09-05,Cardston Alberta Temple,330,3,country,Canada
2026-09-05,Casper Wyoming Temple,95,2,state,Wyoming
2026-09-05,Cebu City Philippines Temple,188,3,country,Philippines
2026-09-05,Cedar City Utah Temple,278,2,state,Utah
2026-09-05,Chicago Illinois Temple,133,4,state,Illinois
2026-09-05,Ciudad Juárez Mexico Temple,104,1,country,Mexico
2026-09-05,Cleveland Ohio Temple,85,1,state,Ohio
2026-09-05,Cobán Guatemala Temple,74,5,country,Guatemala
2026-09-05,Cochabamba Bolivia Temple,169,15,country,Bolivia
2026-09-05,Colonia Juárez Chihuahua Mexico Temple,24,1,country,Mexico
2026-09-05,Columbia River Washington Temple,265,5,state,Washington
2026-09-05,Columbia South Carolina Temple,228,6,state,South Carolina
2026-09-05,Columbus Ohio Temple,101,3,state,Ohio
2026-09-05,Concepción Chile Temple,201,4,country,Chile
2026-09-05,Copenhagen Denmark Temple,44,0,country,Denmark
2026-09-05,Curitiba Brazil Temple,203,6,country,Brazil
2026-09-05,Córdoba Argentina Temple,55,2,country,Argentina
2026-09-05,Dallas Texas Temple,627,18,state,Texas
2026-09-05,Denver Colorado Temple,349,1,state,Colorado
2026-09-05,Deseret Peak Utah Temple,293,7,state,Utah
2026-09-05,Detroit Michigan Temple,119,3,state,Michigan
2026-09-05,Edmonton Alberta Temple,170,6,country,Canada
2026-09-05,Elko Nevada Temple,105,1,state,Nevada
2026-09-05,Farmington New Mexico Temple,139,1,state,New Mexico
2026-09-05,Feather River California Temple,93,2,state,California
2026-09-05,Fort Lauderdale Florida Temple,212,7,state,Florida
2026-09-05,Fortaleza Brazil Temple,211,9,country,Brazil
2026-09-05,Frankfurt Germany Temple,198,2,country,Germany
2026-09-05,Freiberg Germany Temple,100,1,country,Germany
2026-09-05,Fresno California Temple,98,0,state,California
2026-09-05,Fukuoka Japan Temple,93,0,country,Japan
2026-09-05,Gilbert Arizona Temple,1136,20,state,Arizona
2026-09-05,Grand Junction Colorado Temple,115,1,state,Colorado
2026-09-05,Guatemala City Guatemala Temple,359,15,country,Guatemala
2026-09-05,Guayaquil Ecuador Temple,274,8,country,Ecuador
2026-09-05,Hamilton New Zealand Temple,139,5,country,New Zealand
2026-09-05,Harare Zimbabwe Temple,7,2,country,Zimbabwe
2026-09-05,Hartford Connecticut Temple,135,3,state,Connecticut
2026-09-05,Helena Montana Temple,94,1,state,Montana
2026-09-05,Helsinki Finland Temple,59,2,country,Finland
2026-09-05,Hermosillo Sonora Mexico Temple,165,3,country,Mexico
2026-09-05,Hong Kong China Temple,100,0,country,Hong Kong
2026-09-05,Idaho Falls Idaho Temple,851,9,state,Idaho
2026-09-05,Indianapolis Indiana Temple,134,2,state,Indiana
2026-09-05,Johannesburg South Africa Temple,131,14,country,South Africa
2026-09-05,Jordan River Utah Temple,1168,12,state,Utah
2026-09-05,Kansas City Missouri Temple,310,6,state,Missouri
2026-09-05,Kinshasa Democratic Republic of the Congo Temple,90,2,country,Democratic Republic of the Congo
2026-09-05,Laie Hawaii Temple,256,2,state,Hawaii
2026-09-05,Layton Utah Temple,650,14,state,Utah
2026-09-05,Lima Peru Los Olivos Temple,313,13,country,Peru
2026-09-05,Lima Peru Temple,396,25,country,Peru
2026-09-05,Lindon Utah Temple,968,10,state,Utah
2026-09-05,Lisbon Portugal Temple,140,2,country,Portugal
2026-09-05,Logan Utah Temple,1007,13,state,Utah
2026-09-05,London England Temple,272,4,country,United Kingdom
2026-09-05,Los Angeles California Temple,482,14,state,California
2026-09-05,Louisville Kentucky Temple,107,2,state,Kentucky
2026-09-05,Lubbock Texas Temple,93,2,state,Texas
2026-09-05,Madrid Spain Temple,277,2,country,Spain
2026-09-05,Manti Utah Temple,613,9,state,Utah
2026-09-05,McAllen Texas Temple,102,3,state,Texas
2026-09-05,Melbourne Australia Temple,198,2,country,Australia
2026-09-05,Memphis Tennessee Temple,129,3,state,Tennessee
2026-09-05,Mendoza Argentina Temple,180,7,country,Argentina
2026-09-05,Meridian Idaho Temple,558,17,state,Idaho
2026-09-05,Mexico City Mexico Temple,861,27,country,Mexico
2026-09-05,Monterrey Mexico Temple,295,7,country,Mexico
2026-09-05,Montevideo Uruguay Temple,187,4,country,Uruguay
2026-09-05,Monticello Utah Temple,27,0,state,Utah
2026-09-05,Montreal Quebec Temple,93,2,country,Canada
2026-09-05,Moses Lake Washington Temple,143,5,state,Washington
2026-09-05,Mount Timpanogos Utah Temple,1349,20,state,Utah
2026-09-05,Nairobi Kenya Temple,9,0,country,Kenya
2026-09-05,Nashville Tennessee Temple,158,3,state,Tennessee
2026-09-05,Nauvoo Illinois Temple,282,3,state,Illinois
2026-09-05,Newport Beach California Temple,205,3,state,California
2026-09-05,Oakland California Temple,243,4,state,California
2026-09-05,Oaxaca Mexico Temple,41,3,country,Mexico
2026-09-05,Ogden Utah Temple,595,16,state,Utah
2026-09-05,Okinawa Japan Temple,98,1,country,Japan
2026-09-05,Oklahoma City Oklahoma Temple,126,3,state,Oklahoma
2026-09-05,Oquirrh Mountain Utah Temple,735,13,state,Utah
2026-09-05,Palmyra New York Temple,99,1,state,New York
2026-09-05,Panama City Panama Temple,54,5,country,Panama
2026-09-05,Paris France Temple,128,1,country,France
2026-09-05,Payson Utah Temple,1205,21,state,Utah
2026-09-05,Perth Australia Temple,23,0,country,Australia
2026-09-05,Philadelphia Pennsylvania Temple,207,4,state,Pennsylvania
2026-09-05,Pittsburgh Pennsylvania Temple,144,4,state,Pennsylvania
2026-09-05,Pocatello Idaho Temple,362,5,state,Idaho
2026-09-05,Port-au-Prince Haiti Temple,5,1,country,Haiti
2026-09-05,Portland Oregon Temple,315,4,state,Oregon
2026-09-05,Porto Alegre Brazil Temple,215,9,country,Brazil
2026-09-05,Praia Cape Verde Temple,42,5,country,Cape Verde
2026-09-05,Preston England Temple,242,3,country,United Kingdom
2026-09-05,Provo City Center Temple,1364,15,state,Utah
2026-09-05,Puebla Mexico Temple,235,9,country,Mexico
2026-09-05,Quetzaltenango Guatemala Temple,162,2,country,Guatemala
2026-09-05,Raleigh North Carolina Temple,215,6,state,North Carolina
2026-09-05,Recife Brazil Temple,233,4,country,Brazil
2026-09-05,Red Cliffs Utah Temple,482,4,state,Utah
2026-09-05,Redlands California Temple,229,4,state,California
2026-09-05,Regina Saskatchewan Temple,25,0,country,Canada
2026-09-05,Reno Nevada Temple,125,2,state,Nevada
2026-09-05,Richmond Virginia Temple,207,4,state,Virginia
2026-09-05,Rio de Janeiro Brazil Temple,214,5,country,Brazil
2026-09-05,Rome Italy Temple,127,1,country,Italy
2026-09-05,Sacramento California Temple,308,9,state,California
2026-09-05,Salta Argentina Temple,32,1,country,Argentina
2026-09-05,Salvador Brazil Temple,165,2,country,Brazil
2026-09-05,San Antonio Texas Temple,304,4,state,Texas
2026-09-05,San Diego California Temple,300,8,state,California
2026-09-05,San José Costa Rica Temple,163,7,country,Costa Rica
2026-09-05,San Juan Puerto Rico Temple,48,1,country,Puerto Rico
2026-09-05,San Pedro Sula Honduras Temple,63,9,country,Honduras
2026-09-05,Santiago Chile Temple,377,7,country,Chile
2026-09-05,Sapporo Japan Temple,112,0,country,Japan
2026-09-05,Saratoga Springs Utah Temple,696,12,state,Utah
2026-09-05,Seattle Washington Temple,345,15,state,Washington
2026-09-05,Seoul Korea Temple,322,0,country,South Korea
2026-09-05,Spokane Washington Temple,223,2,state,Washington
2026-09-05,St. George Utah Temple,614,5,state,Utah
2026-09-05,St. Paul Minnesota Temple,199,4,state,Minnesota
2026-09-05,Star Valley Wyoming Temple,108,3,state,Wyoming
2026-09-05,Suva Fiji Temple,62,1,country,Fiji
2026-09-05,Sydney Australia Temple,185,6,country,Australia
2026-09-05,Syracuse Utah Temple,374,8,state,Utah
2026-09-05,São Paulo Brazil Temple,665,11,country,Brazil
2026-09-05,Taipei Taiwan Temple,158,3,country,Taiwan
2026-09-05,Tallahassee Florida Temple,216,7,state,Florida
2026-09-05,Tampico Mexico Temple,95,1,country,Mexico
2026-09-05,Taylorsville Utah Temple,916,15,state,Utah
2026-09-05,Tegucigalpa Honduras Temple,280,2,country,Honduras
2026-09-05,The Gila Valley Arizona Temple,211,5,state,Arizona
2026-09-05,The Hague Netherlands Temple,118,1,country,Netherlands
2026-09-05,Tijuana Mexico Temple,161,3,country,Mexico
2026-09-05,Toronto Ontario Temple,190,4,country,Canada
2026-09-05,Trujillo Peru Temple,160,11,country,Peru
2026-09-05,Tucson Arizona Temple,225,8,state,Arizona
2026-09-05,Tuxtla Gutiérrez Mexico Temple,30,5,country,Mexico
2026-09-05,Urdaneta Philippines Temple,250,14,country,Philippines
2026-09-05,Vancouver British Columbia Temple,124,4,country,Canada
2026-09-05,Veracruz Mexico Temple,55,0,country,Mexico
2026-09-05,Villahermosa Mexico Temple,138,1,country,Mexico
2026-09-05,Washington D.C. Temple,456,8,state,Maryland
2026-09-05,Willamette Valley Oregon Temple,87,1,state,Oregon
2026-09-05,Winnipeg Manitoba Temple,35,1,country,Canada
2026-09-05,Winter Quarters Nebraska Temple,149,4,state,Nebraska
2026-09-05,Yorba Linda California Temple,277,1,state,California
2026-09-07,Chicago Illinois Temple,67,0,state,Illinois
2026-09-07,Mount Timpanogos Utah Temple,396,1,state,Utah
2026-09-08,Aba Nigeria Temple,28,8,country,Nigeria
2026-09-08,Accra Ghana Temple,247,77,country,Ghana
2026-09-08,Alabang Philippines Temple,73,0,country,Philippines
2026-09-08,Albuquerque New Mexico Temple,108,0,state,New Mexico
2026-09-08,Anchorage Alaska Temple,70,0,state,Alaska
2026-09-08,Arequipa Peru Temple,98,2,country,Peru
2026-09-08,Atlanta Georgia Temple,145,0,state,Georgia
2026-09-08,Bacolod Philippines Temple,75,1,country,Philippines
2026-09-08,Bangkok Thailand Temple,40,3,country,Thailand
2026-09-08,Barranquilla Colombia Temple,11,0,country,Colombia
2026-09-08,Baton Rouge Louisiana Temple,40,1,state,Louisiana
2026-09-08,Belém Brazil Temple,19,7,country,Brazil
2026-09-08,Bentonville Arkansas Temple,163,2,state,Arkansas
2026-09-08,Bern Switzerland Temple,133,0,country,Switzerland
2026-09-08,Billings Montana Temple,84,0,state,Montana
2026-09-08,Birmingham Alabama Temple,25,0,state,Alabama
2026-09-08,Boise Idaho Temple,420,1,state,Idaho
2026-09-08,Boston Massachusetts Temple,156,1,state,Massachusetts
2026-09-08,Bountiful Utah Temple,771,5,state,Utah
2026-09-08,Brisbane Australia Temple,120,4,country,Australia
2026-09-08,Buenos Aires Argentina Temple,102,0,country,Argentina
2026-09-08,Burley Idaho Temple,335,1,state,Idaho
2026-09-08,Calgary Alberta Temple,204,2,country,Canada
2026-09-08,Campinas Brazil Temple,63,0,country,Brazil
2026-09-08,Caracas Venezuela Temple,14,3,country,Venezuela
2026-09-08,Cardston Alberta Temple,442,3,country,Canada
2026-09-08,Casper Wyoming Temple,100,0,state,Wyoming
2026-09-08,Cebu City Philippines Temple,64,1,country,Philippines
2026-09-08,Cedar City Utah Temple,333,3,state,Utah
2026-09-08,Cleveland Ohio Temple,44,0,state,Ohio
2026-09-08,Cochabamba Bolivia Temple,17,1,country,Bolivia
2026-09-08,Colonia Juárez Chihuahua Mexico Temple,21,0,country,Mexico
2026-09-08,Columbia South Carolina Temple,196,0,state,South Carolina
2026-09-08,Columbus Ohio Temple,84,0,state,Ohio
2026-09-08,Concepción Chile Temple,56,1,country,Chile
2026-09-08,Copenhagen Denmark Temple,16,0,country,Denmark
2026-09-08,Curitiba Brazil Temple,80,2,country,Brazil
2026-09-08,Córdoba Argentina Temple,9,0,country,Argentina
2026-09-08,Dallas Texas Temple,315,4,state,Texas
2026-09-08,Denver Colorado Temple,341,1,state,Colorado
2026-09-08,Deseret Peak Utah Temple,276,1,state,Utah
2026-09-08,Detroit Michigan Temple,29,0,state,Michigan
2026-09-08,Durban South Africa Temple,63,4,country,South Africa
2026-09-08,Edmonton Alberta Temple,177,1,country,Canada
2026-09-08,Feather River California Temple,77,0,state,California
2026-09-08,Fort Collins Colorado Temple,211,4,state,Colorado
2026-09-08,Fort Lauderdale Florida Temple,23,0,state,Florida
2026-09-08,Fortaleza Brazil Temple,68,1,country,Brazil
2026-09-08,Frankfurt Germany Temple,60,0,country,Germany
2026-09-08,Freiberg Germany Temple,36,0,country,Germany
2026-09-08,Fresno California Temple,163,2,state,California
2026-09-08,Gilbert Arizona Temple,594,2,state,Arizona
2026-09-08,Grand Junction Colorado Temple,46,0,state,Colorado
2026-09-08,Guadalajara Mexico Temple,3,0,country,Mexico
2026-09-08,Guatemala City Guatemala Temple,46,1,country,Guatemala
2026-09-08,Guayaquil Ecuador Temple,117,1,country,Ecuador
2026-09-08,Hamilton New Zealand Temple,214,0,country,New Zealand
2026-09-08,Harare Zimbabwe Temple,104,29,country,Zimbabwe
2026-09-08,Helena Montana Temple,56,0,state,Montana
2026-09-08,Hermosillo Sonora Mexico Temple,15,0,country,Mexico
2026-09-08,Hong Kong China Temple,127,0,country,Hong Kong
2026-09-08,Houston Texas Temple,340,2,state,Texas
2026-09-08,Idaho Falls Idaho Temple,936,2,state,Idaho
2026-09-08,Indianapolis Indiana Temple,33,1,state,Indiana
2026-09-08,Jordan River Utah Temple,2100,10,state,Utah
2026-09-08,Kansas City Missouri Temple,250,1,state,Missouri
2026-09-08,Kinshasa Democratic Republic of the Congo Temple,80,2,country,Democratic Republic of the Congo
2026-09-08,Las Vegas Nevada Temple,455,8,state,Nevada
2026-09-08,Layton Utah Temple,605,1,state,Utah
2026-09-08,Lima Peru Los Olivos Temple,82,7,country,Peru
2026-09-08,Lima Peru Temple,121,4,country,Peru
2026-09-08,Lindon Utah Temple,934,5,state,Utah
2026-09-08,Logan Utah Temple,962,5,state,Utah
2026-09-08,London England Temple,138,0,country,United Kingdom
2026-09-08,Louisville Kentucky Temple,118,2,state,Kentucky
2026-09-08,Lubbock Texas Temple,33,0,state,Texas
2026-09-08,Madrid Spain Temple,141,0,country,Spain
2026-09-08,Manti Utah Temple,443,0,state,Utah
2026-09-08,Melbourne Australia Temple,42,1,country,Australia
2026-09-08,Meridian Idaho Temple,462,3,state,Idaho
2026-09-08,Mesa Arizona Temple,777,3,state,Arizona
2026-09-08,Mexico City Mexico Temple,177,0,country,Mexico
2026-09-08,Monterrey Mexico Temple,24,0,country,Mexico
2026-09-08,Monticello Utah Temple,66,0,state,Utah
2026-09-08,Moses Lake Washington Temple,136,0,state,Washington
2026-09-08,Mount Timpanogos Utah Temple,1374,10,state,Utah
2026-09-08,Nairobi Kenya Temple,36,4,country,Kenya
2026-09-08,Nashville Tennessee Temple,38,1,state,Tennessee
2026-09-08,Nauvoo Illinois Temple,172,2,state,Illinois
2026-09-08,Newport Beach California Temple,229,0,state,California
2026-09-08,Oakland California Temple,107,0,state,California
2026-09-08,Ogden Utah Temple,797,6,state,Utah
2026-09-08,Oklahoma City Oklahoma Temple,84,0,state,Oklahoma
2026-09-08,Orem Utah Temple,943,5,state,Utah
2026-09-08,Palmyra New York Temple,106,0,state,New York
2026-09-08,Paris France Temple,116,0,country,France
2026-09-08,Phnom Penh Cambodia Temple,27,0,country,Cambodia
2026-09-08,Pocatello Idaho Temple,435,0,state,Idaho
2026-09-08,Port-au-Prince Haiti Temple,2,0,country,Haiti
2026-09-08,Portland Oregon Temple,265,0,state,Oregon
2026-09-08,Porto Alegre Brazil Temple,47,2,country,Brazil
2026-09-08,Provo City Center Temple,1266,7,state,Utah
2026-09-08,Puebla Mexico Temple,143,2,country,Mexico
2026-09-08,Quetzaltenango Guatemala Temple,12,1,country,Guatemala
2026-09-08,Quito Ecuador Temple,28,1,country,Ecuador
2026-09-08,Raleigh North Carolina Temple,137,0,state,North Carolina
2026-09-08,Recife Brazil Temple,73,1,country,Brazil
2026-09-08,Red Cliffs Utah Temple,645,5,state,Utah
2026-09-08,Redlands California Temple,231,1,state,California
2026-09-08,Reno Nevada Temple,139,1,state,Nevada
2026-09-08,Rexburg Idaho Temple,898,4,state,Idaho
2026-09-08,Richmond Virginia Temple,39,0,state,Virginia
2026-09-08,Rio de Janeiro Brazil Temple,25,0,country,Brazil
2026-09-08,Rome Italy Temple,137,5,country,Italy
2026-09-08,Sacramento California Temple,231,3,state,California
2026-09-08,Salvador Brazil Temple,35,0,country,Brazil
2026-09-08,San Antonio Texas Temple,213,0,state,Texas
2026-09-08,San Diego California Temple,236,4,state,California
2026-09-08,San Pedro Sula Honduras Temple,27,1,country,Honduras
2026-09-08,Santiago Chile Temple,194,1,country,Chile
2026-09-08,Saratoga Springs Utah Temple,638,9,state,Utah
2026-09-08,Seattle Washington Temple,156,4,state,Washington
2026-09-08,Seoul Korea Temple,73,0,country,South Korea
2026-09-08,Spokane Washington Temple,256,1,state,Washington
2026-09-08,St. George Utah Temple,667,3,state,Utah
2026-09-08,Star Valley Wyoming Temple,199,0,state,Wyoming
2026-09-08,Suva Fiji Temple,17,0,country,Fiji
2026-09-08,Sydney Australia Temple,84,0,country,Australia
2026-09-08,Syracuse Utah Temple,426,3,state,Utah
2026-09-08,São Paulo Brazil Temple,187,1,country,Brazil
2026-09-08,Taipei Taiwan Temple,55,1,country,Taiwan
2026-09-08,Tallahassee Florida Temple,145,0,state,Florida
2026-09-08,Tampico Mexico Temple,18,0,country,Mexico
2026-09-08,Taylorsville Utah Temple,1090,3,state,Utah
2026-09-08,Tegucigalpa Honduras Temple,23,0,country,Honduras
2026-09-08,The Gila Valley Arizona Temple,181,2,state,Arizona
2026-09-08,Tijuana Mexico Temple,9,0,country,Mexico
2026-09-08,Tokyo Japan Temple,74,0,country,Japan
2026-09-08,Trujillo Peru Temple,28,0,country,Peru
2026-09-08,Tucson Arizona Temple,157,1,state,Arizona
2026-09-08,Urdaneta Philippines Temple,202,4,country,Philippines
2026-09-08,Vancouver British Columbia Temple,110,0,country,Canada
2026-09-08,Washington D.C. Temple,46,1,state,Maryland
2026-09-08,Winter Quarters Nebraska Temple,44,0,state,Nebraska
2026-09-08,Yorba Linda California Temple,145,1,state,California
2026-09-09,Aba Nigeria Temple,22,7,country,Nigeria
2026-09-09,Accra Ghana Temple,230,13,country,Ghana
2026-09-09,Adelaide Australia Temple,21,0,country,Australia
2026-09-09,Alabang Philippines Temple,73,0,country,Philippines
2026-09-09,Albuquerque New Mexico Temple,99,0,state,New Mexico
2026-09-09,Anchorage Alaska Temple,83,1,state,Alaska
2026-09-09,Antofagasta Chile Temple,10,0,country,Chile
2026-09-09,Arequipa Peru Temple,5,0,country,Peru
2026-09-09,Asunción Paraguay Temple,8,0,country,Paraguay
2026-09-09,Atlanta Georgia Temple,80,0,state,Georgia
2026-09-09,Bacolod Philippines Temple,71,3,country,Philippines
2026-09-09,Bangkok Thailand Temple,50,1,country,Thailand
2026-09-09,Baton Rouge Louisiana Temple,37,0,state,Louisiana
2026-09-09,Belo Horizonte Brazil Temple,80,1,country,Brazil
2026-09-09,Belém Brazil Temple,4,0,country,Brazil
2026-09-09,Bentonville Arkansas Temple,191,1,state,Arkansas
2026-09-09,Bern Switzerland Temple,115,1,country,Switzerland
2026-09-09,Billings Montana Temple,47,0,state,Montana
2026-09-09,Birmingham Alabama Temple,73,0,state,Alabama
2026-09-09,Boise Idaho Temple,363,0,state,Idaho
2026-09-09,Boston Massachusetts Temple,60,0,state,Massachusetts
2026-09-09,Bountiful Utah Temple,687,6,state,Utah
2026-09-09,Brasília Brazil Temple,13,0,country,Brazil
2026-09-09,Brisbane Australia Temple,226,0,country,Australia
2026-09-09,Buenos Aires Argentina Temple,55,1,country,Argentina
2026-09-09,Burley Idaho Temple,348,2,state,Idaho
2026-09-09,Calgary Alberta Temple,190,3,country,Canada
2026-09-09,Campinas Brazil Temple,27,0,country,Brazil
2026-09-09,Caracas Venezuela Temple,0,0,country,Venezuela
2026-09-09,Cardston Alberta Temple,303,2,country,Canada
2026-09-09,Cebu City Philippines Temple,119,2,country,Philippines
2026-09-09,Cedar City Utah Temple,293,1,state,Utah
2026-09-09,Chicago Illinois Temple,55,0,state,Illinois
2026-09-09,Ciudad Juárez Mexico Temple,50,2,country,Mexico
2026-09-09,Cleveland Ohio Temple,56,0,state,Ohio
2026-09-09,Cobán Guatemala Temple,2,0,country,Guatemala
2026-09-09,Cochabamba Bolivia Temple,25,0,country,Bolivia
2026-09-09,Colonia Juárez Chihuahua Mexico Temple,11,0,country,Mexico
2026-09-09,Columbia South Carolina Temple,179,0,state,South Carolina
2026-09-09,Columbus Ohio Temple,98,0,state,Ohio
2026-09-09,Concepción Chile Temple,42,0,country,Chile
2026-09-09,Copenhagen Denmark Temple,52,0,country,Denmark
2026-09-09,Curitiba Brazil Temple,85,2,country,Brazil
2026-09-09,Córdoba Argentina Temple,21,0,country,Argentina
2026-09-09,Dallas Texas Temple,363,3,state,Texas
2026-09-09,Denver Colorado Temple,238,2,state,Colorado
2026-09-09,Deseret Peak Utah Temple,278,2,state,Utah
2026-09-09,Detroit Michigan Temple,14,0,state,Michigan
2026-09-09,Durban South Africa Temple,26,0,country,South Africa
2026-09-09,Edmonton Alberta Temple,96,0,country,Canada
2026-09-09,Elko Nevada Temple,38,0,state,Nevada
2026-09-09,Farmington New Mexico Temple,114,0,state,New Mexico
2026-09-09,Feather River California Temple,76,1,state,California
2026-09-09,Fort Collins Colorado Temple,71,0,state,Colorado
2026-09-09,Fort Lauderdale Florida Temple,8,0,state,Florida
2026-09-09,Fortaleza Brazil Temple,31,1,country,Brazil
2026-09-09,Frankfurt Germany Temple,122,0,country,Germany
2026-09-09,Freiberg Germany Temple,14,0,country,Germany
2026-09-09,Fresno California Temple,110,0,state,California
2026-09-09,Gilbert Arizona Temple,461,1,state,Arizona
2026-09-09,Grand Junction Colorado Temple,111,0,state,Colorado
2026-09-09,Guadalajara Mexico Temple,10,1,country,Mexico
2026-09-09,Guatemala City Guatemala Temple,22,0,country,Guatemala
2026-09-09,Guayaquil Ecuador Temple,59,2,country,Ecuador
2026-09-09,Hamilton New Zealand Temple,186,2,country,New Zealand
2026-09-09,Harare Zimbabwe Temple,72,20,country,Zimbabwe
2026-09-09,Hartford Connecticut Temple,14,0,state,Connecticut
2026-09-09,Helena Montana Temple,55,0,state,Montana
2026-09-09,Helsinki Finland Temple,52,1,country,Finland
2026-09-09,Hong Kong China Temple,72,1,country,Hong Kong
2026-09-09,Houston Texas Temple,279,1,state,Texas
2026-09-09,Idaho Falls Idaho Temple,760,4,state,Idaho
2026-09-09,Indianapolis Indiana Temple,110,0,state,Indiana
2026-09-09,Jordan River Utah Temple,1856,6,state,Utah
2026-09-09,Kansas City Missouri Temple,183,2,state,Missouri
2026-09-09,Kinshasa Democratic Republic of the Congo Temple,130,5,country,Democratic Republic of the Congo
2026-09-09,Las Vegas Nevada Temple,309,2,state,Nevada
2026-09-09,Layton Utah Temple,585,4,state,Utah
2026-09-09,Lima Peru Los Olivos Temple,133,2,country,Peru
2026-09-09,Lima Peru Temple,72,0,country,Peru
2026-09-09,Lindon Utah Temple,824,3,state,Utah
2026-09-09,Lisbon Portugal Temple,111,0,country,Portugal
2026-09-09,Logan Utah Temple,1032,3,state,Utah
2026-09-09,London England Temple,115,0,country,United Kingdom
2026-09-09,Los Angeles California Temple,25,0,state,California
2026-09-09,Louisville Kentucky Temple,54,1,state,Kentucky
2026-09-09,Lubbock Texas Temple,29,0,state,Texas
2026-09-09,Madrid Spain Temple,62,1,country,Spain
2026-09-09,Manti Utah Temple,445,2,state,Utah
2026-09-09,McAllen Texas Temple,138,1,state,Texas
2026-09-09,Melbourne Australia Temple,100,1,country,Australia
2026-09-09,Mendoza Argentina Temple,31,1,country,Argentina
2026-09-09,Meridian Idaho Temple,334,1,state,Idaho
2026-09-09,Mesa Arizona Temple,542,3,state,Arizona
2026-09-09,Mexico City Mexico Temple,172,2,country,Mexico
2026-09-09,Monterrey Mexico Temple,12,0,country,Mexico
2026-09-09,Montevideo Uruguay Temple,70,2,country,Uruguay
2026-09-09,Monticello Utah Temple,69,0,state,Utah
2026-09-09,Montreal Quebec Temple,34,0,country,Canada
2026-09-09,Moses Lake Washington Temple,110,1,state,Washington
2026-09-09,Mount Timpanogos Utah Temple,1144,4,state,Utah
2026-09-09,Mérida Mexico Temple,59,1,country,Mexico
2026-09-09,Nairobi Kenya Temple,55,10,country,Kenya
2026-09-09,Nashville Tennessee Temple,129,1,state,Tennessee
2026-09-09,Nauvoo Illinois Temple,100,2,state,Illinois
2026-09-09,Newport Beach California Temple,142,0,state,California
2026-09-09,Oakland California Temple,236,2,state,California
2026-09-09,Oaxaca Mexico Temple,0,0,country,Mexico
2026-09-09,Ogden Utah Temple,754,5,state,Utah
2026-09-09,Oklahoma City Oklahoma Temple,80,0,state,Oklahoma
2026-09-09,Orem Utah Temple,950,2,state,Utah
2026-09-09,Palmyra New York Temple,61,1,state,New York
2026-09-09,Panama City Panama Temple,41,16,country,Panama
2026-09-09,Paris France Temple,102,0,country,France
2026-09-09,Perth Australia Temple,56,1,country,Australia
2026-09-09,Philadelphia Pennsylvania Temple,27,1,state,Pennsylvania
2026-09-09,Phnom Penh Cambodia Temple,28,0,country,Cambodia
2026-09-09,Pocatello Idaho Temple,350,1,state,Idaho
2026-09-09,Portland Oregon Temple,260,2,state,Oregon
2026-09-09,Porto Alegre Brazil Temple,23,0,country,Brazil
2026-09-09,Praia Cape Verde Temple,10,0,country,Cape Verde
2026-09-09,Preston England Temple,236,0,country,United Kingdom
2026-09-09,Provo City Center Temple,1223,4,state,Utah
2026-09-09,Puebla Mexico Temple,87,2,country,Mexico
2026-09-09,Quetzaltenango Guatemala Temple,2,0,country,Guatemala
2026-09-09,Quito Ecuador Temple,23,0,country,Ecuador
2026-09-09,Raleigh North Carolina Temple,121,1,state,North Carolina
2026-09-09,Recife Brazil Temple,60,1,country,Brazil
2026-09-09,Red Cliffs Utah Temple,698,3,state,Utah
2026-09-09,Redlands California Temple,184,0,state,California
2026-09-09,Reno Nevada Temple,92,0,state,Nevada
2026-09-09,Rexburg Idaho Temple,783,1,state,Idaho
2026-09-09,Richmond Virginia Temple,172,1,state,Virginia
2026-09-09,Rio de Janeiro Brazil Temple,6,0,country,Brazil
2026-09-09,Rome Italy Temple,115,1,country,Italy
2026-09-09,Sacramento California Temple,164,2,state,California
2026-09-09,Salta Argentina Temple,6,0,country,Argentina
2026-09-09,Salvador Brazil Temple,36,1,country,Brazil
2026-09-09,San Antonio Texas Temple,163,0,state,Texas
2026-09-09,San Diego California Temple,330,3,state,California
2026-09-09,San José Costa Rica Temple,52,2,country,Costa Rica
2026-09-09,San Juan Puerto Rico Temple,18,0,country,Puerto Rico
2026-09-09,San Pedro Sula Honduras Temple,1,0,country,Honduras
2026-09-09,Santiago Chile Temple,192,2,country,Chile
2026-09-09,Sapporo Japan Temple,35,0,country,Japan
2026-09-09,Saratoga Springs Utah Temple,633,5,state,Utah
2026-09-09,Seattle Washington Temple,76,0,state,Washington
2026-09-09,Seoul Korea Temple,113,0,country,South Korea
2026-09-09,Spokane Washington Temple,203,0,state,Washington
2026-09-09,St. George Utah Temple,745,5,state,Utah
2026-09-09,Star Valley Wyoming Temple,156,1,state,Wyoming
2026-09-09,Suva Fiji Temple,27,2,country,Fiji
2026-09-09,Sydney Australia Temple,71,0,country,Australia
2026-09-09,Syracuse Utah Temple,321,1,state,Utah
2026-09-09,São Paulo Brazil Temple,172,1,country,Brazil
2026-09-09,Taipei Taiwan Temple,49,1,country,Taiwan
2026-09-09,Tallahassee Florida Temple,11,0,state,Florida
2026-09-09,Tampico Mexico Temple,6,0,country,Mexico
2026-09-09,Taylorsville Utah Temple,1113,5,state,Utah
2026-09-09,Tegucigalpa Honduras Temple,2,0,country,Honduras
2026-09-09,The Gila Valley Arizona Temple,164,0,state,Arizona
2026-09-09,Tijuana Mexico Temple,7,0,country,Mexico
2026-09-09,Tokyo Japan Temple,70,0,country,Japan
2026-09-09,Toronto Ontario Temple,93,1,country,Canada
2026-09-09,Trujillo Peru Temple,35,2,country,Peru
2026-09-09,Tucson Arizona Temple,80,0,state,Arizona
2026-09-09,Tuxtla Gutiérrez Mexico Temple,22,2,country,Mexico
2026-09-09,Urdaneta Philippines Temple,181,5,country,Philippines
2026-09-09,Vancouver British Columbia Temple,57,0,country,Canada
2026-09-09,Villahermosa Mexico Temple,51,1,country,Mexico
2026-09-09,Washington D.C. Temple,56,1,state,Maryland
2026-09-09,Willamette Valley Oregon Temple,90,1,state,Oregon
2026-09-09,Winter Quarters Nebraska Temple,99,0,state,Nebraska
2026-09-09,Yorba Linda California Temple,176,0,state,California
2026-09-10,Aba Nigeria Temple,58,17,country,Nigeria
2026-09-10,Accra Ghana Temple,217,29,country,Ghana
2026-09-10,Adelaide Australia Temple,74,0,country,Australia
2026-09-10,Alabang Philippines Temple,111,3,country,Philippines
2026-09-10,Albuquerque New Mexico Temple,136,2,state,New Mexico
2026-09-10,Anchorage Alaska Temple,69,0,state,Alaska
2026-09-10,Antofagasta Chile Temple,57,1,country,Chile
2026-09-10,Arequipa Peru Temple,3,1,country,Peru
2026-09-10,Asunción Paraguay Temple,47,2,country,Paraguay
2026-09-10,Atlanta Georgia Temple,133,2,state,Georgia
2026-09-10,Bacolod Philippines Temple,160,10,country,Philippines
2026-09-10,Bahía Blanca Argentina Temple,25,0,country,Argentina
2026-09-10,Bangkok Thailand Temple,73,1,country,Thailand
2026-09-10,Barranquilla Colombia Temple,20,0,country,Colombia
2026-09-10,Baton Rouge Louisiana Temple,16,0,state,Louisiana
2026-09-10,Belo Horizonte Brazil Temple,80,0,country,Brazil
2026-09-10,Belém Brazil Temple,13,2,country,Brazil
2026-09-10,Bentonville Arkansas Temple,263,1,state,Arkansas
2026-09-10,Bern Switzerland Temple,128,1,country,Switzerland
2026-09-10,Billings Montana Temple,56,0,state,Montana
2026-09-10,Birmingham Alabama Temple,15,0,state,Alabama
2026-09-10,Boise Idaho Temple,346,3,state,Idaho
2026-09-10,Bountiful Utah Temple,703,7,state,Utah
2026-09-10,Brasília Brazil Temple,40,0,country,Brazil
2026-09-10,Brisbane Australia Temple,208,0,country,Australia
2026-09-10,Buenos Aires Argentina Temple,31,0,country,Argentina
2026-09-10,Calgary Alberta Temple,243,0,country,Canada
2026-09-10,Campinas Brazil Temple,52,3,country,Brazil
2026-09-10,Caracas Venezuela Temple,7,0,country,Venezuela
2026-09-10,Cardston Alberta Temple,302,1,country,Canada
2026-09-10,Casper Wyoming Temple,102,1,state,Wyoming
2026-09-10,Cebu City Philippines Temple,160,12,country,Philippines
2026-09-10,Cedar City Utah Temple,374,4,state,Utah
2026-09-10,Chicago Illinois Temple,77,1,state,Illinois
2026-09-10,Ciudad Juárez Mexico Temple,14,0,country,Mexico
2026-09-10,Cleveland Ohio Temple,65,0,state,Ohio
2026-09-10,Cochabamba Bolivia Temple,15,1,country,Bolivia
2026-09-10,Columbia South Carolina Temple,216,3,state,South Carolina
2026-09-10,Columbus Ohio Temple,110,1,state,Ohio
2026-09-10,Concepción Chile Temple,33,1,country,Chile
2026-09-10,Copenhagen Denmark Temple,45,0,country,Denmark
2026-09-10,Curitiba Brazil Temple,131,0,country,Brazil
2026-09-10,Córdoba Argentina Temple,5,0,country,Argentina
2026-09-10,Dallas Texas Temple,299,0,state,Texas
2026-09-10,Denver Colorado Temple,369,0,state,Colorado
2026-09-10,Deseret Peak Utah Temple,198,0,state,Utah
2026-09-10,Detroit Michigan Temple,90,0,state,Michigan
2026-09-10,Durban South Africa Temple,14,0,country,South Africa
2026-09-10,Edmonton Alberta Temple,142,0,country,Canada
2026-09-10,Elko Nevada Temple,63,1,state,Nevada
2026-09-10,Farmington New Mexico Temple,54,1,state,New Mexico
2026-09-10,Feather River California Temple,79,2,state,California
2026-09-10,Fort Collins Colorado Temple,88,1,state,Colorado
2026-09-10,Fort Lauderdale Florida Temple,50,0,state,Florida
2026-09-10,Fortaleza Brazil Temple,43,1,country,Brazil
2026-09-10,Frankfurt Germany Temple,144,0,country,Germany
2026-09-10,Freiberg Germany Temple,30,0,country,Germany
2026-09-10,Fresno California Temple,89,0,state,California
2026-09-10,Fukuoka Japan Temple,11,0,country,Japan
2026-09-10,Gilbert Arizona Temple,671,5,state,Arizona
2026-09-10,Grand Junction Colorado Temple,111,2,state,Colorado
2026-09-10,Guadalajara Mexico Temple,0,0,country,Mexico
2026-09-10,Guatemala City Guatemala Temple,44,0,country,Guatemala
2026-09-10,Guayaquil Ecuador Temple,164,2,country,Ecuador
2026-09-10,Halifax Nova Scotia Temple,22,0,country,Canada
2026-09-10,Hamilton New Zealand Temple,217,0,country,New Zealand
2026-09-10,Harare Zimbabwe Temple,63,7,country,Zimbabwe
2026-09-10,Helena Montana Temple,64,0,state,Montana
2026-09-10,Helsinki Finland Temple,53,1,country,Finland
2026-09-10,Hermosillo Sonora Mexico Temple,24,2,country,Mexico
2026-09-10,Hong Kong China Temple,94,1,country,Hong Kong
2026-09-10,Houston Texas Temple,207,0,state,Texas
2026-09-10,Idaho Falls Idaho Temple,839,5,state,Idaho
2026-09-10,Indianapolis Indiana Temple,17,0,state,Indiana
2026-09-10,Jordan River Utah Temple,2119,8,state,Utah
2026-09-10,Kansas City Missouri Temple,170,0,state,Missouri
2026-09-10,Kinshasa Democratic Republic of the Congo Temple,22,4,country,Democratic Republic of the Congo
2026-09-10,Las Vegas Nevada Temple,275,1,state,Nevada
2026-09-10,Layton Utah Temple,587,2,state,Utah
2026-09-10,Lima Peru Los Olivos Temple,49,2,country,Peru
2026-09-10,Lima Peru Temple,81,2,country,Peru
2026-09-10,Lindon Utah Temple,939,2,state,Utah
2026-09-10,Lisbon Portugal Temple,55,0,country,Portugal
2026-09-10,Logan Utah Temple,994,6,state,Utah
2026-09-10,London England Temple,132,1,country,United Kingdom
2026-09-10,Los Angeles California Temple,212,4,state,California
2026-09-10,Louisville Kentucky Temple,28,0,state,Kentucky
2026-09-10,Lubbock Texas Temple,58,0,state,Texas
2026-09-10,Madrid Spain Temple,41,0,country,Spain
2026-09-10,Manti Utah Temple,481,1,state,Utah
2026-09-10,Melbourne Australia Temple,73,0,country,Australia
2026-09-10,Memphis Tennessee Temple,89,0,state,Tennessee
2026-09-10,Mendoza Argentina Temple,57,1,country,Argentina
2026-09-10,Meridian Idaho Temple,436,3,state,Idaho
2026-09-10,Mesa Arizona Temple,604,3,state,Arizona
2026-09-10,Mexico City Mexico Temple,154,0,country,Mexico
2026-09-10,Monterrey Mexico Temple,17,2,country,Mexico
2026-09-10,Montevideo Uruguay Temple,61,0,country,Uruguay
2026-09-10,Monticello Utah Temple,53,0,state,Utah
2026-09-10,Montreal Quebec Temple,112,0,country,Canada
2026-09-10,Moses Lake Washington Temple,79,0,state,Washington
2026-09-10,Mount Timpanogos Utah Temple,1414,8,state,Utah
2026-09-10,Mérida Mexico Temple,46,3,country,Mexico
2026-09-10,Nairobi Kenya Temple,39,2,country,Kenya
2026-09-10,Nashville Tennessee Temple,34,0,state,Tennessee
2026-09-10,Nauvoo Illinois Temple,157,0,state,Illinois
2026-09-10,Newport Beach California Temple,220,1,state,California
2026-09-10,Oakland California Temple,358,2,state,California
2026-09-10,Oaxaca Mexico Temple,2,0,country,Mexico
2026-09-10,Ogden Utah Temple,820,6,state,Utah
2026-09-10,Oklahoma City Oklahoma Temple,68,1,state,Oklahoma
2026-09-10,Orem Utah Temple,895,3,state,Utah
2026-09-10,Palmyra New York Temple,104,0,state,New York
2026-09-10,Panama City Panama Temple,10,0,country,Panama
2026-09-10,Paris France Temple,83,0,country,France
2026-09-10,Perth Australia Temple,77,0,country,Australia
2026-09-10,Philadelphia Pennsylvania Temple,80,1,state,Pennsylvania
2026-09-10,Phnom Penh Cambodia Temple,14,0,country,Cambodia
2026-09-10,Pocatello Idaho Temple,431,1,state,Idaho
2026-09-10,Port-au-Prince Haiti Temple,2,0,country,Haiti
2026-09-10,Portland Oregon Temple,257,0,state,Oregon
2026-09-10,Porto Alegre Brazil Temple,72,3,country,Brazil
2026-09-10,Praia Cape Verde Temple,14,5,country,Cape Verde
2026-09-10,Preston England Temple,211,0,country,United Kingdom
2026-09-10,Provo City Center Temple,1285,5,state,Utah
2026-09-10,Puebla Mexico Temple,128,1,country,Mexico
2026-09-10,Quetzaltenango Guatemala Temple,6,3,country,Guatemala
2026-09-10,Quito Ecuador Temple,105,6,country,Ecuador
2026-09-10,Raleigh North Carolina Temple,137,1,state,North Carolina
2026-09-10,Recife Brazil Temple,31,2,country,Brazil
2026-09-10,Red Cliffs Utah Temple,606,2,state,Utah
2026-09-10,Redlands California Temple,192,0,state,California
2026-09-10,Reno Nevada Temple,89,0,state,Nevada
2026-09-10,Rexburg Idaho Temple,1017,3,state,Idaho
2026-09-10,Richmond Virginia Temple,101,0,state,Virginia
2026-09-10,Rio de Janeiro Brazil Temple,57,1,country,Brazil
2026-09-10,Rome Italy Temple,99,1,country,Italy
2026-09-10,Sacramento California Temple,147,3,state,California
2026-09-10,Salta Argentina Temple,9,0,country,Argentina
2026-09-10,Salvador Brazil Temple,37,0,country,Brazil
2026-09-10,San Antonio Texas Temple,238,1,state,Texas
2026-09-10,San Diego California Temple,229,1,state,California
2026-09-10,San José Costa Rica Temple,56,2,country,Costa Rica
2026-09-10,San Juan Puerto Rico Temple,15,0,country,Puerto Rico
2026-09-10,San Pedro Sula Honduras Temple,0,0,country,Honduras
2026-09-10,Santiago Chile Temple,170,1,country,Chile
2026-09-10,Sapporo Japan Temple,143,0,country,Japan
2026-09-10,Saratoga Springs Utah Temple,589,6,state,Utah
2026-09-10,Seattle Washington Temple,159,1,state,Washington
2026-09-10,Seoul Korea Temple,56,0,country,South Korea
2026-09-10,Spokane Washington Temple,226,0,state,Washington
2026-09-10,St. George Utah Temple,646,1,state,Utah
2026-09-10,Star Valley Wyoming Temple,169,2,state,Wyoming
2026-09-10,Suva Fiji Temple,38,0,country,Fiji
2026-09-10,Sydney Australia Temple,62,0,country,Australia
2026-09-10,Syracuse Utah Temple,440,1,state,Utah
2026-09-10,São Paulo Brazil Temple,214,1,country,Brazil
2026-09-10,Taipei Taiwan Temple,57,1,country,Taiwan
2026-09-10,Tallahassee Florida Temple,115,1,state,Florida
2026-09-10,Tampico Mexico Temple,12,0,country,Mexico
2026-09-10,Taylorsville Utah Temple,1057,2,state,Utah
2026-09-10,Tegucigalpa Honduras Temple,13,0,country,Honduras
2026-09-10,The Gila Valley Arizona Temple,146,0,state,Arizona
2026-09-10,Tijuana Mexico Temple,31,0,country,Mexico
2026-09-10,Tokyo Japan Temple,246,0,country,Japan
2026-09-10,Toronto Ontario Temple,81,0,country,Canada
2026-09-10,Trujillo Peru Temple,49,4,country,Peru
2026-09-10,Tucson Arizona Temple,141,0,state,Arizona
2026-09-10,Tuxtla Gutiérrez Mexico Temple,0,0,country,Mexico
2026-09-10,Urdaneta Philippines Temple,243,10,country,Philippines
2026-09-10,Vancouver British Columbia Temple,66,0,country,Canada
2026-09-10,Villahermosa Mexico Temple,14,1,country,Mexico
2026-09-10,Washington D.C. Temple,363,2,state,Maryland
2026-09-10,Willamette Valley Oregon Temple,125,0,state,Oregon
2026-09-10,Winnipeg Manitoba Temple,31,0,country,Canada
2026-09-10,Winter Quarters Nebraska Temple,22,0,state,Nebraska
2026-09-10,Yorba Linda California Temple,141,0,state,California
2026-09-11,Aba Nigeria Temple,14,5,country,Nigeria
2026-09-11,Accra Ghana Temple,223,7,country,Ghana
2026-09-11,Adelaide Australia Temple,24,0,country,Australia
2026-09-11,Alabang Philippines Temple,207,9,country,Philippines
2026-09-11,Albuquerque New Mexico Temple,126,0,state,New Mexico
2026-09-11,Anchorage Alaska Temple,103,1,state,Alaska
2026-09-11,Antofagasta Chile Temple,39,0,country,Chile
2026-09-11,Arequipa Peru Temple,86,0,country,Peru
2026-09-11,Asunción Paraguay Temple,14,1,country,Paraguay
2026-09-11,Atlanta Georgia Temple,148,0,state,Georgia
2026-09-11,Bacolod Philippines Temple,160,8,country,Philippines
2026-09-11,Bahía Blanca Argentina Temple,79,1,country,Argentina
2026-09-11,Bangkok Thailand Temple,102,0,country,Thailand
2026-09-11,Barranquilla Colombia Temple,4,0,country,Colombia
2026-09-11,Baton Rouge Louisiana Temple,68,2,state,Louisiana
2026-09-11,Belo Horizonte Brazil Temple,160,0,country,Brazil
2026-09-11,Belém Brazil Temple,17,0,country,Brazil
2026-09-11,Bentonville Arkansas Temple,309,0,state,Arkansas
2026-09-11,Bern Switzerland Temple,144,0,country,Switzerland
2026-09-11,Billings Montana Temple,48,0,state,Montana
2026-09-11,Birmingham Alabama Temple,75,1,state,Alabama
2026-09-11,Boise Idaho Temple,414,1,state,Idaho
2026-09-11,Boston Massachusetts Temple,149,2,state,Massachusetts
2026-09-11,Bountiful Utah Temple,673,7,state,Utah
2026-09-11,Brasília Brazil Temple,54,0,country,Brazil
2026-09-11,Brisbane Australia Temple,250,4,country,Australia
2026-09-11,Buenos Aires Argentina Temple,104,0,country,Argentina
2026-09-11,Burley Idaho Temple,399,2,state,Idaho
2026-09-11,Calgary Alberta Temple,229,2,country,Canada
2026-09-11,Campinas Brazil Temple,65,2,country,Brazil
2026-09-11,Caracas Venezuela Temple,26,3,country,Venezuela
2026-09-11,Cardston Alberta Temple,351,3,country,Canada
2026-09-11,Casper Wyoming Temple,45,0,state,Wyoming
2026-09-11,Cebu City Philippines Temple,150,6,country,Philippines
2026-09-11,Cedar City Utah Temple,267,1,state,Utah
2026-09-11,Chicago Illinois Temple,144,2,state,Illinois
2026-09-11,Ciudad Juárez Mexico Temple,64,1,country,Mexico
2026-09-11,Cleveland Ohio Temple,105,0,state,Ohio
2026-09-11,Cobán Guatemala Temple,46,1,country,Guatemala
2026-09-11,Cochabamba Bolivia Temple,78,0,country,Bolivia
2026-09-11,Colonia Juárez Chihuahua Mexico Temple,10,0,country,Mexico
2026-09-11,Columbia South Carolina Temple,116,1,state,South Carolina
2026-09-11,Columbus Ohio Temple,101,0,state,Ohio
2026-09-11,Concepción Chile Temple,63,0,country,Chile
2026-09-11,Copenhagen Denmark Temple,25,0,country,Denmark
2026-09-11,Curitiba Brazil Temple,98,3,country,Brazil
2026-09-11,Córdoba Argentina Temple,59,0,country,Argentina
2026-09-11,Dallas Texas Temple,415,5,state,Texas
2026-09-11,Denver Colorado Temple,404,2,state,Colorado
2026-09-11,Deseret Peak Utah Temple,256,1,state,Utah
2026-09-11,Detroit Michigan Temple,124,0,state,Michigan
2026-09-11,Durban South Africa Temple,31,2,country,South Africa
2026-09-11,Edmonton Alberta Temple,147,0,country,Canada
2026-09-11,Elko Nevada Temple,56,0,state,Nevada
2026-09-11,Farmington New Mexico Temple,116,0,state,New Mexico
2026-09-11,Feather River California Temple,44,0,state,California
2026-09-11,Fort Collins Colorado Temple,226,2,state,Colorado
2026-09-11,Fort Lauderdale Florida Temple,108,1,state,Florida
2026-09-11,Fortaleza Brazil Temple,129,2,country,Brazil
2026-09-11,Frankfurt Germany Temple,212,0,country,Germany
2026-09-11,Freiberg Germany Temple,12,0,country,Germany
2026-09-11,Fresno California Temple,133,0,state,California
2026-09-11,Fukuoka Japan Temple,70,0,country,Japan
2026-09-11,Gilbert Arizona Temple,725,5,state,Arizona
2026-09-11,Grand Junction Colorado Temple,85,2,state,Colorado
2026-09-11,Guadalajara Mexico Temple,28,2,country,Mexico
2026-09-11,Guatemala City Guatemala Temple,29,1,country,Guatemala
2026-09-11,Guayaquil Ecuador Temple,142,3,country,Ecuador
2026-09-11,Halifax Nova Scotia Temple,34,0,country,Canada
2026-09-11,Hamilton New Zealand Temple,114,0,country,New Zealand
2026-09-11,Harare Zimbabwe Temple,79,14,country,Zimbabwe
2026-09-11,Hartford Connecticut Temple,76,0,state,Connecticut
2026-09-11,Helena Montana Temple,86,0,state,Montana
2026-09-11,Helsinki Finland Temple,41,0,country,Finland
2026-09-11,Hermosillo Sonora Mexico Temple,2,0,country,Mexico
2026-09-11,Hong Kong China Temple,125,0,country,Hong Kong
2026-09-11,Houston Texas Temple,360,4,state,Texas
2026-09-11,Idaho Falls Idaho Temple,691,5,state,Idaho
2026-09-11,Indianapolis Indiana Temple,184,1,state,Indiana
2026-09-11,Jordan River Utah Temple,1880,5,state,Utah
2026-09-11,Kansas City Missouri Temple,254,0,state,Missouri
2026-09-11,Kinshasa Democratic Republic of the Congo Temple,26,2,country,Democratic Republic of the Congo
2026-09-11,Las Vegas Nevada Temple,417,6,state,Nevada
2026-09-11,Layton Utah Temple,702,6,state,Utah
2026-09-11,Lima Peru Los Olivos Temple,72,2,country,Peru
2026-09-11,Lima Peru Temple,99,3,country,Peru
2026-09-11,Lindon Utah Temple,939,6,state,Utah
2026-09-11,Lisbon Portugal Temple,62,0,country,Portugal
2026-09-11,Logan Utah Temple,918,6,state,Utah
2026-09-11,London England Temple,159,1,country,United Kingdom
2026-09-11,Los Angeles California Temple,196,3,state,California
2026-09-11,Louisville Kentucky Temple,87,1,state,Kentucky
2026-09-11,Lubbock Texas Temple,77,0,state,Texas
2026-09-11,Madrid Spain Temple,108,1,country,Spain
2026-09-11,Manti Utah Temple,629,4,state,Utah
2026-09-11,McAllen Texas Temple,20,0,state,Texas
2026-09-11,Melbourne Australia Temple,120,0,country,Australia
2026-09-11,Memphis Tennessee Temple,37,1,state,Tennessee
2026-09-11,Mendoza Argentina Temple,151,2,country,Argentina
2026-09-11,Meridian Idaho Temple,426,3,state,Idaho
2026-09-11,Mesa Arizona Temple,695,6,state,Arizona
2026-09-11,Mexico City Mexico Temple,218,8,country,Mexico
2026-09-11,Monterrey Mexico Temple,73,2,country,Mexico
2026-09-11,Montevideo Uruguay Temple,134,0,country,Uruguay
2026-09-11,Monticello Utah Temple,46,0,state,Utah
2026-09-11,Montreal Quebec Temple,114,2,country,Canada
2026-09-11,Moses Lake Washington Temple,127,0,state,Washington
2026-09-11,Mount Timpanogos Utah Temple,1521,9,state,Utah
2026-09-11,Mérida Mexico Temple,33,0,country,Mexico
2026-09-11,Nairobi Kenya Temple,25,4,country,Kenya
2026-09-11,Nashville Tennessee Temple,93,0,state,Tennessee
2026-09-11,Nauvoo Illinois Temple,195,3,state,Illinois
2026-09-11,Newport Beach California Temple,256,4,state,California
2026-09-11,Oakland California Temple,179,0,state,California
2026-09-11,Oaxaca Mexico Temple,2,1,country,Mexico
2026-09-11,Ogden Utah Temple,581,6,state,Utah
2026-09-11,Oklahoma City Oklahoma Temple,109,1,state,Oklahoma
2026-09-11,Orem Utah Temple,991,6,state,Utah
2026-09-11,Palmyra New York Temple,72,0,state,New York
2026-09-11,Panama City Panama Temple,4,0,country,Panama
2026-09-11,Paris France Temple,91,0,country,France
2026-09-11,Perth Australia Temple,51,0,country,Australia
2026-09-11,Philadelphia Pennsylvania Temple,100,2,state,Pennsylvania
2026-09-11,Phnom Penh Cambodia Temple,33,2,country,Cambodia
2026-09-11,Pocatello Idaho Temple,435,6,state,Idaho
2026-09-11,Port-au-Prince Haiti Temple,0,0,country,Haiti
2026-09-11,Portland Oregon Temple,282,3,state,Oregon
2026-09-11,Porto Alegre Brazil Temple,88,0,country,Brazil
2026-09-11,Praia Cape Verde Temple,0,0,country,Cape Verde
2026-09-11,Preston England Temple,226,3,country,United Kingdom
2026-09-11,Provo City Center Temple,1363,7,state,Utah
2026-09-11,Puebla Mexico Temple,87,1,country,Mexico
2026-09-11,Quetzaltenango Guatemala Temple,9,0,country,Guatemala
2026-09-11,Quito Ecuador Temple,64,3,country,Ecuador
2026-09-11,Raleigh North Carolina Temple,196,2,state,North Carolina
2026-09-11,Recife Brazil Temple,61,0,country,Brazil
2026-09-11,Red Cliffs Utah Temple,623,3,state,Utah
2026-09-11,Redlands California Temple,239,1,state,California
2026-09-11,Regina Saskatchewan Temple,20,0,country,Canada
2026-09-11,Reno Nevada Temple,109,0,state,Nevada
2026-09-11,Rexburg Idaho Temple,1007,2,state,Idaho
2026-09-11,Richmond Virginia Temple,155,0,state,Virginia
2026-09-11,Rio de Janeiro Brazil Temple,116,0,country,Brazil
2026-09-11,Rome Italy Temple,76,0,country,Italy
2026-09-11,Sacramento California Temple,201,0,state,California
2026-09-11,Salta Argentina Temple,17,0,country,Argentina
2026-09-11,Salvador Brazil Temple,111,2,country,Brazil
2026-09-11,San Antonio Texas Temple,269,0,state,Texas
2026-09-11,San Diego California Temple,385,3,state,California
2026-09-11,San José Costa Rica Temple,52,1,country,Costa Rica
2026-09-11,San Juan Puerto Rico Temple,60,0,country,Puerto Rico
2026-09-11,San Pedro Sula Honduras Temple,2,0,country,Honduras
2026-09-11,Santiago Chile Temple,179,2,country,Chile
2026-09-11,Sapporo Japan Temple,114,0,country,Japan
2026-09-11,Saratoga Springs Utah Temple,712,12,state,Utah
2026-09-11,Seattle Washington Temple,169,4,state,Washington
2026-09-11,Seoul Korea Temple,73,0,country,South Korea
2026-09-11,Spokane Washington Temple,271,1,state,Washington
2026-09-11,St. George Utah Temple,509,0,state,Utah
2026-09-11,Star Valley Wyoming Temple,161,0,state,Wyoming
2026-09-11,Suva Fiji Temple,32,0,country,Fiji
2026-09-11,Sydney Australia Temple,80,1,country,Australia
2026-09-11,Syracuse Utah Temple,448,2,state,Utah
2026-09-11,São Paulo Brazil Temple,275,1,country,Brazil
2026-09-11,Taipei Taiwan Temple,92,2,country,Taiwan
2026-09-11,Tallahassee Florida Temple,126,2,state,Florida
2026-09-11,Tampico Mexico Temple,31,3,country,Mexico
2026-09-11,Taylorsville Utah Temple,1040,5,state,Utah
2026-09-11,Tegucigalpa Honduras Temple,17,0,country,Honduras
2026-09-11,The Gila Valley Arizona Temple,192,0,state,Arizona
2026-09-11,Tijuana Mexico Temple,21,2,country,Mexico
2026-09-11,Tokyo Japan Temple,309,1,country,Japan
2026-09-11,Toronto Ontario Temple,91,0,country,Canada
2026-09-11,Trujillo Peru Temple,58,1,country,Peru
2026-09-11,Tucson Arizona Temple,157,0,state,Arizona
2026-09-11,Tuxtla Gutiérrez Mexico Temple,0,0,country,Mexico
2026-09-11,Urdaneta Philippines Temple,300,18,country,Philippines
2026-09-11,Vancouver British Columbia Temple,131,3,country,Canada
2026-09-11,Villahermosa Mexico Temple,14,0,country,Mexico
2026-09-11,Washington D.C. Temple,321,5,state,Maryland
2026-09-11,Willamette Valley Oregon Temple,147,0,state,Oregon
2026-09-11,Winnipeg Manitoba Temple,16,0,country,Canada
2026-09-11,Winter Quarters Nebraska Temple,147,1,state,Nebraska
2026-09-11,Yorba Linda California Temple,139,0,state,California
2026-09-12,Aba Nigeria Temple,32,10,country,Nigeria
2026-09-12,Accra Ghana Temple,152,24,country,Ghana
2026-09-12,Adelaide Australia Temple,24,2,country,Australia
2026-09-12,Alabang Philippines Temple,190,9,country,Philippines
2026-09-12,Albuquerque New Mexico Temple,152,0,state,New Mexico
2026-09-12,Anchorage Alaska Temple,101,0,state,Alaska
2026-09-12,Antofagasta Chile Temple,86,3,country,Chile
2026-09-12,Arequipa Peru Temple,189,2,country,Peru
2026-09-12,Asunción Paraguay Temple,62,4,country,Paraguay
2026-09-12,Atlanta Georgia Temple,237,8,state,Georgia
2026-09-12,Bacolod Philippines Temple,198,27,country,Philippines
2026-09-12,Bahía Blanca Argentina Temple,42,1,country,Argentina
2026-09-12,Bangkok Thailand Temple,88,2,country,Thailand
2026-09-12,Barranquilla Colombia Temple,35,0,country,Colombia
2026-09-12,Baton Rouge Louisiana Temple,44,0,state,Louisiana
2026-09-12,Belo Horizonte Brazil Temple,240,6,country,Brazil
2026-09-12,Belém Brazil Temple,32,2,country,Brazil
2026-09-12,Bentonville Arkansas Temple,297,4,state,Arkansas
2026-09-12,Bern Switzerland Temple,101,2,country,Switzerland
2026-09-12,Billings Montana Temple,51,1,state,Montana
2026-09-12,Birmingham Alabama Temple,118,4,state,Alabama
2026-09-12,Boise Idaho Temple,296,3,state,Idaho
2026-09-12,Boston Massachusetts Temple,215,5,state,Massachusetts
2026-09-12,Bountiful Utah Temple,828,16,state,Utah
2026-09-12,Brasília Brazil Temple,216,10,country,Brazil
2026-09-12,Brisbane Australia Temple,308,3,country,Australia
2026-09-12,Buenos Aires Argentina Temple,289,24,country,Argentina
2026-09-12,Burley Idaho Temple,300,4,state,Idaho
2026-09-12,Calgary Alberta Temple,276,5,country,Canada
2026-09-12,Campinas Brazil Temple,196,5,country,Brazil
2026-09-12,Caracas Venezuela Temple,59,7,country,Venezuela
2026-09-12,Cardston Alberta Temple,344,7,country,Canada
2026-09-12,Casper Wyoming Temple,132,2,state,Wyoming
2026-09-12,Cebu City Philippines Temple,238,3,country,Philippines
2026-09-12,Cedar City Utah Temple,216,1,state,Utah
2026-09-12,Chicago Illinois Temple,74,1,state,Illinois
2026-09-12,Ciudad Juárez Mexico Temple,70,2,country,Mexico
2026-09-12,Cleveland Ohio Temple,80,1,state,Ohio
2026-09-12,Cobán Guatemala Temple,67,2,country,Guatemala
2026-09-12,Cochabamba Bolivia Temple,229,10,country,Bolivia
2026-09-12,Colonia Juárez Chihuahua Mexico Temple,56,2,country,Mexico
2026-09-12,Columbia South Carolina Temple,236,4,state,South Carolina
2026-09-12,Columbus Ohio Temple,81,2,state,Ohio
2026-09-12,Concepción Chile Temple,124,2,country,Chile
2026-09-12,Copenhagen Denmark Temple,76,1,country,Denmark
2026-09-12,Curitiba Brazil Temple,227,8,country,Brazil
2026-09-12,Córdoba Argentina Temple,50,4,country,Argentina
2026-09-12,Dallas Texas Temple,584,11,state,Texas
2026-09-12,Denver Colorado Temple,363,8,state,Colorado
2026-09-12,Deseret Peak Utah Temple,337,5,state,Utah
2026-09-12,Detroit Michigan Temple,137,4,state,Michigan
2026-09-12,Durban South Africa Temple,33,0,country,South Africa
2026-09-12,Edmonton Alberta Temple,176,3,country,Canada
2026-09-12,Elko Nevada Temple,48,0,state,Nevada
2026-09-12,Farmington New Mexico Temple,101,1,state,New Mexico
2026-09-12,Feather River California Temple,102,4,state,California
2026-09-12,Fort Collins Colorado Temple,265,4,state,Colorado
2026-09-12,Fort Lauderdale Florida Temple,235,4,state,Florida
2026-09-12,Fortaleza Brazil Temple,264,7,country,Brazil
2026-09-12,Frankfurt Germany Temple,161,4,country,Germany
2026-09-12,Freiberg Germany Temple,78,0,country,Germany
2026-09-12,Fresno California Temple,148,2,state,California
2026-09-12,Fukuoka Japan Temple,103,1,country,Japan
2026-09-12,Gilbert Arizona Temple,878,19,state,Arizona
2026-09-12,Grand Junction Colorado Temple,96,0,state,Colorado
2026-09-12,Guatemala City Guatemala Temple,233,13,country,Guatemala
2026-09-12,Guayaquil Ecuador Temple,308,9,country,Ecuador
2026-09-12,Halifax Nova Scotia Temple,37,0,country,Canada
2026-09-12,Hamilton New Zealand Temple,192,3,country,New Zealand
2026-09-12,Harare Zimbabwe Temple,74,15,country,Zimbabwe
2026-09-12,Hartford Connecticut Temple,93,2,state,Connecticut
2026-09-12,Helena Montana Temple,146,1,state,Montana
2026-09-12,Helsinki Finland Temple,44,0,country,Finland
2026-09-12,Hermosillo Sonora Mexico Temple,209,7,country,Mexico
2026-09-12,Hong Kong China Temple,144,1,country,Hong Kong
2026-09-12,Houston Texas Temple,549,11,state,Texas
2026-09-12,Idaho Falls Idaho Temple,827,19,state,Idaho
2026-09-12,Indianapolis Indiana Temple,159,4,state,Indiana
2026-09-12,Jordan River Utah Temple,1651,22,state,Utah
2026-09-12,Kansas City Missouri Temple,237,1,state,Missouri
2026-09-12,Kinshasa Democratic Republic of the Congo Temple,81,18,country,Democratic Republic of the Congo
2026-09-12,Las Vegas Nevada Temple,554,17,state,Nevada
2026-09-12,Layton Utah Temple,532,11,state,Utah
2026-09-12,Lima Peru Los Olivos Temple,320,9,country,Peru
2026-09-12,Lima Peru Temple,342,24,country,Peru
2026-09-12,Lindon Utah Temple,960,10,state,Utah
2026-09-12,Lisbon Portugal Temple,278,7,country,Portugal
2026-09-12,Logan Utah Temple,1209,18,state,Utah
2026-09-12,London England Temple,383,7,country,United Kingdom
2026-09-12,Los Angeles California Temple,552,13,state,California
2026-09-12,Louisville Kentucky Temple,124,1,state,Kentucky
2026-09-12,Lubbock Texas Temple,130,2,state,Texas
2026-09-12,Madrid Spain Temple,360,7,country,Spain
2026-09-12,Manti Utah Temple,546,9,state,Utah
2026-09-12,McAllen Texas Temple,91,2,state,Texas
2026-09-12,Melbourne Australia Temple,148,2,country,Australia
2026-09-12,Memphis Tennessee Temple,54,1,state,Tennessee
2026-09-12,Mendoza Argentina Temple,180,5,country,Argentina
2026-09-12,Meridian Idaho Temple,444,9,state,Idaho
2026-09-12,Mesa Arizona Temple,855,16,state,Arizona
2026-09-12,Mexico City Mexico Temple,885,26,country,Mexico
2026-09-12,Monterrey Mexico Temple,269,6,country,Mexico
2026-09-12,Montevideo Uruguay Temple,253,4,country,Uruguay
2026-09-12,Monticello Utah Temple,48,2,state,Utah
2026-09-12,Montreal Quebec Temple,113,6,country,Canada
2026-09-12,Moses Lake Washington Temple,222,5,state,Washington
2026-09-12,Mount Timpanogos Utah Temple,1219,26,state,Utah
2026-09-12,Nairobi Kenya Temple,11,1,country,Kenya
2026-09-12,Nashville Tennessee Temple,142,4,state,Tennessee
2026-09-12,Nauvoo Illinois Temple,263,3,state,Illinois
2026-09-12,Newport Beach California Temple,183,4,state,California
2026-09-12,Oakland California Temple,453,6,state,California
2026-09-12,Oaxaca Mexico Temple,86,1,country,Mexico
2026-09-12,Ogden Utah Temple,528,10,state,Utah
2026-09-12,Oklahoma City Oklahoma Temple,89,1,state,Oklahoma
2026-09-12,Orem Utah Temple,996,12,state,Utah
2026-09-12,Palmyra New York Temple,146,0,state,New York
2026-09-12,Panama City Panama Temple,52,9,country,Panama
2026-09-12,Paris France Temple,145,3,country,France
2026-09-12,Perth Australia Temple,28,1,country,Australia
2026-09-12,Philadelphia Pennsylvania Temple,276,13,state,Pennsylvania
2026-09-12,Phnom Penh Cambodia Temple,37,0,country,Cambodia
2026-09-12,Pocatello Idaho Temple,348,8,state,Idaho
2026-09-12,Port-au-Prince Haiti Temple,3,1,country,Haiti
2026-09-12,Portland Oregon Temple,369,8,state,Oregon
2026-09-12,Porto Alegre Brazil Temple,184,12,country,Brazil
2026-09-12,Praia Cape Verde Temple,10,1,country,Cape Verde
2026-09-12,Preston England Temple,274,4,country,United Kingdom
2026-09-12,Provo City Center Temple,1399,14,state,Utah
2026-09-12,Puebla Mexico Temple,324,9,country,Mexico
2026-09-12,Quetzaltenango Guatemala Temple,88,6,country,Guatemala
2026-09-12,Quito Ecuador Temple,180,3,country,Ecuador
2026-09-12,Raleigh North Carolina Temple,214,5,state,North Carolina
2026-09-12,Recife Brazil Temple,371,17,country,Brazil
2026-09-12,Red Cliffs Utah Temple,688,15,state,Utah
2026-09-12,Redlands California Temple,209,2,state,California
2026-09-12,Regina Saskatchewan Temple,7,0,country,Canada
2026-09-12,Reno Nevada Temple,110,4,state,Nevada
2026-09-12,Rexburg Idaho Temple,1100,7,state,Idaho
2026-09-12,Richmond Virginia Temple,250,5,state,Virginia
2026-09-12,Rio de Janeiro Brazil Temple,73,2,country,Brazil
2026-09-12,Rome Italy Temple,145,1,country,Italy
2026-09-12,Sacramento California Temple,298,9,state,California
2026-09-12,Salta Argentina Temple,37,5,country,Argentina
2026-09-12,Salvador Brazil Temple,139,3,country,Brazil
2026-09-12,San Antonio Texas Temple,256,4,state,Texas
2026-09-12,San Diego California Temple,352,7,state,California
2026-09-12,San José Costa Rica Temple,96,3,country,Costa Rica
2026-09-12,San Juan Puerto Rico Temple,40,3,country,Puerto Rico
2026-09-12,San Pedro Sula Honduras Temple,1,0,country,Honduras
2026-09-12,Santiago Chile Temple,373,12,country,Chile
2026-09-12,Sapporo Japan Temple,114,0,country,Japan
2026-09-12,Saratoga Springs Utah Temple,684,17,state,Utah
2026-09-12,Seattle Washington Temple,304,10,state,Washington
2026-09-12,Seoul Korea Temple,367,3,country,South Korea
2026-09-12,Spokane Washington Temple,309,7,state,Washington
2026-09-12,St. George Utah Temple,461,4,state,Utah
2026-09-12,Star Valley Wyoming Temple,100,1,state,Wyoming
2026-09-12,Suva Fiji Temple,65,7,country,Fiji
2026-09-12,Sydney Australia Temple,146,1,country,Australia
2026-09-12,Syracuse Utah Temple,358,4,state,Utah
2026-09-12,São Paulo Brazil Temple,666,21,country,Brazil
2026-09-12,Taipei Taiwan Temple,249,1,country,Taiwan
2026-09-12,Tallahassee Florida Temple,234,0,state,Florida
2026-09-12,Tampico Mexico Temple,133,9,country,Mexico
2026-09-12,Taylorsville Utah Temple,1036,19,state,Utah
2026-09-12,Tegucigalpa Honduras Temple,88,7,country,Honduras
2026-09-12,The Gila Valley Arizona Temple,202,2,state,Arizona
2026-09-12,Tijuana Mexico Temple,239,5,country,Mexico
2026-09-12,Tokyo Japan Temple,524,7,country,Japan
2026-09-12,Toronto Ontario Temple,198,3,country,Canada
2026-09-12,Trujillo Peru Temple,95,8,country,Peru
2026-09-12,Tucson Arizona Temple,272,5,state,Arizona
2026-09-12,Tuxtla Gutiérrez Mexico Temple,3,1,country,Mexico
2026-09-12,Urdaneta Philippines Temple,250,13,country,Philippines
2026-09-12,Vancouver British Columbia Temple,205,8,country,Canada
2026-09-12,Villahermosa Mexico Temple,135,3,country,Mexico
2026-09-12,Washington D.C. Temple,553,6,state,Maryland
2026-09-12,Willamette Valley Oregon Temple,118,3,state,Oregon
2026-09-12,Winnipeg Manitoba Temple,49,1,country,Canada
2026-09-12,Winter Quarters Nebraska Temple,143,3,state,Nebraska
2026-09-12,Yorba Linda California Temple,282,10,state,California
2026-09-14,Mount Timpanogos Utah Temple,396,2,state,Utah
2026-09-15,Aba Nigeria Temple,31,9,country,Nigeria
2026-09-15,Abidjan Ivory Coast Temple,53,5,country,Ivory Coast
2026-09-15,Alabang Philippines Temple,82,4,country,Philippines
2026-09-15,Albuquerque New Mexico Temple,87,0,state,New Mexico
2026-09-15,Anchorage Alaska Temple,47,0,state,Alaska
2026-09-15,Arequipa Peru Temple,13,2,country,Peru
2026-09-15,Atlanta Georgia Temple,151,1,state,Georgia
2026-09-15,Bangkok Thailand Temple,69,8,country,Thailand
2026-09-15,Barranquilla Colombia Temple,10,0,country,Colombia
2026-09-15,Baton Rouge Louisiana Temple,24,0,state,Louisiana
2026-09-15,Belém Brazil Temple,18,6,country,Brazil
2026-09-15,Bern Switzerland Temple,49,1,country,Switzerland
2026-09-15,Billings Montana Temple,82,0,state,Montana
2026-09-15,Boise Idaho Temple,442,1,state,Idaho
2026-09-15,Brisbane Australia Temple,120,0,country,Australia
2026-09-15,Buenos Aires Argentina Temple,149,0,country,Argentina
2026-09-15,Burley Idaho Temple,354,1,state,Idaho
2026-09-15,Campinas Brazil Temple,99,1,country,Brazil
2026-09-15,Caracas Venezuela Temple,7,0,country,Venezuela
2026-09-15,Cardston Alberta Temple,392,1,country,Canada
2026-09-15,Casper Wyoming Temple,102,0,state,Wyoming
2026-09-15,Cebu City Philippines Temple,82,9,country,Philippines
2026-09-15,Cedar City Utah Temple,406,1,state,Utah
2026-09-15,Cleveland Ohio Temple,62,0,state,Ohio
2026-09-15,Cochabamba Bolivia Temple,80,2,country,Bolivia
2026-09-15,Colonia Juárez Chihuahua Mexico Temple,21,0,country,Mexico
2026-09-15,Columbus Ohio Temple,101,0,state,Ohio
2026-09-15,Concepción Chile Temple,62,0,country,Chile
2026-09-15,Copenhagen Denmark Temple,18,0,country,Denmark
2026-09-15,Curitiba Brazil Temple,80,2,country,Brazil
2026-09-15,Córdoba Argentina Temple,9,0,country,Argentina
2026-09-15,Dallas Texas Temple,280,2,state,Texas
2026-09-15,Davao Philippines Temple,90,9,country,Philippines
2026-09-15,Deseret Peak Utah Temple,298,0,state,Utah
2026-09-15,Detroit Michigan Temple,25,0,state,Michigan
2026-09-15,Durban South Africa Temple,33,5,country,South Africa
2026-09-15,Edmonton Alberta Temple,178,0,country,Canada
2026-09-15,Feather River California Temple,67,0,state,California
2026-09-15,Fort Collins Colorado Temple,204,2,state,Colorado
2026-09-15,Fort Lauderdale Florida Temple,22,0,state,Florida
2026-09-15,Fortaleza Brazil Temple,50,0,country,Brazil
2026-09-15,Frankfurt Germany Temple,36,0,country,Germany
2026-09-15,Freiberg Germany Temple,23,0,country,Germany
2026-09-15,Fresno California Temple,162,0,state,California
2026-09-15,Gilbert Arizona Temple,648,5,state,Arizona
2026-09-15,Grand Junction Colorado Temple,54,0,state,Colorado
2026-09-15,Guadalajara Mexico Temple,4,0,country,Mexico
2026-09-15,Guayaquil Ecuador Temple,166,2,country,Ecuador
2026-09-15,Hamilton New Zealand Temple,180,0,country,New Zealand
2026-09-15,Helena Montana Temple,70,0,state,Montana
2026-09-15,Hermosillo Sonora Mexico Temple,11,1,country,Mexico
2026-09-15,Hong Kong China Temple,144,1,country,Hong Kong
2026-09-15,Houston Texas Temple,262,0,state,Texas
2026-09-15,Idaho Falls Idaho Temple,776,1,state,Idaho
2026-09-15,Indianapolis Indiana Temple,50,1,state,Indiana
2026-09-15,Jordan River Utah Temple,2474,10,state,Utah
2026-09-15,Kansas City Missouri Temple,259,2,state,Missouri
2026-09-15,Kinshasa Democratic Republic of the Congo Temple,29,4,country,Democratic Republic of the Congo
2026-09-15,Las Vegas Nevada Temple,280,1,state,Nevada
2026-09-15,Layton Utah Temple,883,4,state,Utah
2026-09-15,Lima Peru Los Olivos Temple,68,3,country,Peru
2026-09-15,Lima Peru Temple,79,3,country,Peru
2026-09-15,Lindon Utah Temple,923,2,state,Utah
2026-09-15,Logan Utah Temple,1012,4,state,Utah
2026-09-15,Louisville Kentucky Temple,121,1,state,Kentucky
2026-09-15,Lubbock Texas Temple,61,1,state,Texas
2026-09-15,Manila Philippines Temple,140,6,country,Philippines
2026-09-15,Manti Utah Temple,492,1,state,Utah
2026-09-15,Medford Oregon Temple,75,0,state,Oregon
2026-09-15,Melbourne Australia Temple,43,1,country,Australia
2026-09-15,Meridian Idaho Temple,409,0,state,Idaho
2026-09-15,Mesa Arizona Temple,657,4,state,Arizona
2026-09-15,Mexico City Mexico Temple,143,2,country,Mexico
2026-09-15,Monterrey Mexico Temple,8,0,country,Mexico
2026-09-15,Monticello Utah Temple,89,0,state,Utah
2026-09-15,Moses Lake Washington Temple,152,0,state,Washington
2026-09-15,Mount Timpanogos Utah Temple,1609,9,state,Utah
2026-09-15,Nairobi Kenya Temple,55,16,country,Kenya
2026-09-15,Nashville Tennessee Temple,36,1,state,Tennessee
2026-09-15,Nauvoo Illinois Temple,236,0,state,Illinois
2026-09-15,Newport Beach California Temple,177,1,state,California
2026-09-15,Nuku'alofa Tonga Temple,90,2,country,Tonga
2026-09-15,Ogden Utah Temple,831,5,state,Utah
2026-09-15,Oklahoma City Oklahoma Temple,121,0,state,Oklahoma
2026-09-15,Orem Utah Temple,976,6,state,Utah
2026-09-15,Papeete Tahiti Temple,335,7,country,French Polynesia
2026-09-15,Paris France Temple,111,0,country,France
2026-09-15,Phnom Penh Cambodia Temple,19,0,country,Cambodia
2026-09-15,Pocatello Idaho Temple,482,2,state,Idaho
2026-09-15,Port-au-Prince Haiti Temple,2,0,country,Haiti
2026-09-15,Portland Oregon Temple,215,1,state,Oregon
2026-09-15,Porto Alegre Brazil Temple,48,1,country,Brazil
2026-09-15,Provo City Center Temple,1302,4,state,Utah
2026-09-15,Puebla Mexico Temple,120,1,country,Mexico
2026-09-15,Quito Ecuador Temple,47,1,country,Ecuador
2026-09-15,Raleigh North Carolina Temple,170,0,state,North Carolina
2026-09-15,Recife Brazil Temple,59,0,country,Brazil
2026-09-15,Redlands California Temple,218,0,state,California
2026-09-15,Reno Nevada Temple,97,0,state,Nevada
2026-09-15,Rexburg Idaho Temple,1029,2,state,Idaho
2026-09-15,Richmond Virginia Temple,49,0,state,Virginia
2026-09-15,Rio de Janeiro Brazil Temple,18,0,country,Brazil
2026-09-15,Rome Italy Temple,95,2,country,Italy
2026-09-15,Sacramento California Temple,253,0,state,California
2026-09-15,Salvador Brazil Temple,40,0,country,Brazil
2026-09-15,San Antonio Texas Temple,190,0,state,Texas
2026-09-15,San Diego California Temple,308,0,state,California
2026-09-15,San Salvador El Salvador Temple,94,3,country,El Salvador
2026-09-15,Santiago Chile Temple,213,2,country,Chile
2026-09-15,Saratoga Springs Utah Temple,759,11,state,Utah
2026-09-15,Seattle Washington Temple,123,1,state,Washington
2026-09-15,Seoul Korea Temple,118,1,country,South Korea
2026-09-15,Spokane Washington Temple,286,0,state,Washington
2026-09-15,St. George Utah Temple,1126,4,state,Utah
2026-09-15,Star Valley Wyoming Temple,198,0,state,Wyoming
2026-09-15,Suva Fiji Temple,36,0,country,Fiji
2026-09-15,Sydney Australia Temple,87,1,country,Australia
2026-09-15,Syracuse Utah Temple,483,1,state,Utah
2026-09-15,São Paulo Brazil Temple,182,1,country,Brazil
2026-09-15,Taipei Taiwan Temple,54,0,country,Taiwan
2026-09-15,Tallahassee Florida Temple,62,2,state,Florida
2026-09-15,Tampico Mexico Temple,10,0,country,Mexico
2026-09-15,Taylorsville Utah Temple,1118,4,state,Utah
2026-09-15,Tegucigalpa Honduras Temple,64,2,country,Honduras
2026-09-15,Tijuana Mexico Temple,30,0,country,Mexico
2026-09-15,Tokyo Japan Temple,83,0,country,Japan
2026-09-15,Trujillo Peru Temple,57,3,country,Peru
2026-09-15,Tucson Arizona Temple,91,0,state,Arizona
2026-09-15,Urdaneta Philippines Temple,300,10,country,Philippines
2026-09-15,Washington D.C. Temple,65,1,state,Maryland
2026-09-15,Winter Quarters Nebraska Temple,29,0,state,Nebraska
2026-09-15,Yorba Linda California Temple,127,0,state,California
2026-09-16,Aba Nigeria Temple,2,0,country,Nigeria
2026-09-16,Abidjan Ivory Coast Temple,59,2,country,Ivory Coast
2026-09-16,Adelaide Australia Temple,27,0,country,Australia
2026-09-16,Alabang Philippines Temple,73,2,country,Philippines
2026-09-16,Albuquerque New Mexico Temple,82,1,state,New Mexico
2026-09-16,Anchorage Alaska Temple,111,2,state,Alaska
2026-09-16,Antofagasta Chile Temple,59,2,country,Chile
2026-09-16,Arequipa Peru Temple,48,0,country,Peru
2026-09-16,Asunción Paraguay Temple,7,0,country,Paraguay
2026-09-16,Atlanta Georgia Temple,142,0,state,Georgia
2026-09-16,Bangkok Thailand Temple,76,4,country,Thailand
2026-09-16,Baton Rouge Louisiana Temple,60,0,state,Louisiana
2026-09-16,Belo Horizonte Brazil Temple,80,0,country,Brazil
2026-09-16,Belém Brazil Temple,8,0,country,Brazil
2026-09-16,Bern Switzerland Temple,74,0,country,Switzerland
2026-09-16,Billings Montana Temple,75,0,state,Montana
2026-09-16,Boise Idaho Temple,337,1,state,Idaho
2026-09-16,Brasília Brazil Temple,6,0,country,Brazil
2026-09-16,Brisbane Australia Temple,230,0,country,Australia
2026-09-16,Buenos Aires Argentina Temple,92,0,country,Argentina
2026-09-16,Burley Idaho Temple,350,3,state,Idaho
2026-09-16,Campinas Brazil Temple,55,0,country,Brazil
2026-09-16,Caracas Venezuela Temple,6,2,country,Venezuela
2026-09-16,Cardston Alberta Temple,356,1,country,Canada
2026-09-16,Cebu City Philippines Temple,119,0,country,Philippines
2026-09-16,Cedar City Utah Temple,340,1,state,Utah
2026-09-16,Chicago Illinois Temple,130,1,state,Illinois
2026-09-16,Ciudad Juárez Mexico Temple,34,0,country,Mexico
2026-09-16,Cleveland Ohio Temple,48,0,state,Ohio
2026-09-16,Cobán Guatemala Temple,1,0,country,Guatemala
2026-09-16,Cochabamba Bolivia Temple,78,3,country,Bolivia
2026-09-16,Colonia Juárez Chihuahua Mexico Temple,20,0,country,Mexico
2026-09-16,Columbus Ohio Temple,106,0,state,Ohio
2026-09-16,Concepción Chile Temple,27,0,country,Chile
2026-09-16,Copenhagen Denmark Temple,64,0,country,Denmark
2026-09-16,Curitiba Brazil Temple,102,3,country,Brazil
2026-09-16,Córdoba Argentina Temple,6,0,country,Argentina
2026-09-16,Dallas Texas Temple,311,1,state,Texas
2026-09-16,Davao Philippines Temple,90,7,country,Philippines
2026-09-16,Deseret Peak Utah Temple,215,0,state,Utah
2026-09-16,Detroit Michigan Temple,22,0,state,Michigan
2026-09-16,Durban South Africa Temple,24,0,country,South Africa
2026-09-16,Edmonton Alberta Temple,122,1,country,Canada
2026-09-16,Elko Nevada Temple,40,1,state,Nevada
2026-09-16,Farmington New Mexico Temple,137,1,state,New Mexico
2026-09-16,Feather River California Temple,51,0,state,California
2026-09-16,Fort Collins Colorado Temple,118,0,state,Colorado
2026-09-16,Fort Lauderdale Florida Temple,34,0,state,Florida
2026-09-16,Fortaleza Brazil Temple,57,1,country,Brazil
2026-09-16,Frankfurt Germany Temple,130,0,country,Germany
2026-09-16,Freiberg Germany Temple,21,0,country,Germany
2026-09-16,Fresno California Temple,105,0,state,California
2026-09-16,Gilbert Arizona Temple,573,2,state,Arizona
2026-09-16,Grand Junction Colorado Temple,125,0,state,Colorado
2026-09-16,Guadalajara Mexico Temple,0,0,country,Mexico
2026-09-16,Guatemala City Guatemala Temple,112,0,country,Guatemala
2026-09-16,Guayaquil Ecuador Temple,153,5,country,Ecuador
2026-09-16,Hamilton New Zealand Temple,161,1,country,New Zealand
2026-09-16,Hartford Connecticut Temple,84,3,state,Connecticut
2026-09-16,Helena Montana Temple,55,0,state,Montana
2026-09-16,Helsinki Finland Temple,23,0,country,Finland
2026-09-16,Hong Kong China Temple,65,0,country,Hong Kong
2026-09-16,Houston Texas Temple,325,0,state,Texas
2026-09-16,Idaho Falls Idaho Temple,787,4,state,Idaho
2026-09-16,Indianapolis Indiana Temple,97,1,state,Indiana
2026-09-16,Jordan River Utah Temple,2134,9,state,Utah
2026-09-16,Kansas City Missouri Temple,247,1,state,Missouri
2026-09-16,Kinshasa Democratic Republic of the Congo Temple,143,4,country,Democratic Republic of the Congo
2026-09-16,Kyiv Ukraine Temple,0,0,country,Ukraine
2026-09-16,Las Vegas Nevada Temple,210,1,state,Nevada
2026-09-16,Layton Utah Temple,964,3,state,Utah
2026-09-16,Lima Peru Los Olivos Temple,60,5,country,Peru
2026-09-16,Lima Peru Temple,89,2,country,Peru
2026-09-16,Lindon Utah Temple,861,1,state,Utah
2026-09-16,Lisbon Portugal Temple,44,0,country,Portugal
2026-09-16,Logan Utah Temple,1129,4,state,Utah
2026-09-16,Los Angeles California Temple,45,0,state,California
2026-09-16,Louisville Kentucky Temple,69,0,state,Kentucky
2026-09-16,Lubbock Texas Temple,23,0,state,Texas
2026-09-16,Manila Philippines Temple,170,5,country,Philippines
2026-09-16,Manti Utah Temple,454,3,state,Utah
2026-09-16,McAllen Texas Temple,80,0,state,Texas
2026-09-16,Medford Oregon Temple,74,0,state,Oregon
2026-09-16,Melbourne Australia Temple,67,0,country,Australia
2026-09-16,Meridian Idaho Temple,371,0,state,Idaho
2026-09-16,Mesa Arizona Temple,504,0,state,Arizona
2026-09-16,Mexico City Mexico Temple,185,7,country,Mexico
2026-09-16,Monterrey Mexico Temple,198,0,country,Mexico
2026-09-16,Montevideo Uruguay Temple,135,1,country,Uruguay
2026-09-16,Monticello Utah Temple,76,0,state,Utah
2026-09-16,Moses Lake Washington Temple,97,0,state,Washington
2026-09-16,Mount Timpanogos Utah Temple,1342,7,state,Utah
2026-09-16,Mérida Mexico Temple,84,2,country,Mexico
2026-09-16,Nairobi Kenya Temple,38,2,country,Kenya
2026-09-16,Nashville Tennessee Temple,121,0,state,Tennessee
2026-09-16,Nauvoo Illinois Temple,232,0,state,Illinois
2026-09-16,Newport Beach California Temple,165,0,state,California
2026-09-16,Nuku'alofa Tonga Temple,65,1,country,Tonga
2026-09-16,Oaxaca Mexico Temple,50,1,country,Mexico
2026-09-16,Ogden Utah Temple,690,3,state,Utah
2026-09-16,Oklahoma City Oklahoma Temple,112,0,state,Oklahoma
2026-09-16,Orem Utah Temple,952,6,state,Utah
2026-09-16,Panama City Panama Temple,4,0,country,Panama
2026-09-16,Papeete Tahiti Temple,308,2,country,French Polynesia
2026-09-16,Paris France Temple,98,0,country,France
2026-09-16,Perth Australia Temple,81,0,country,Australia
2026-09-16,Phnom Penh Cambodia Temple,21,0,country,Cambodia
2026-09-16,Pocatello Idaho Temple,331,0,state,Idaho
2026-09-16,Portland Oregon Temple,179,0,state,Oregon
2026-09-16,Porto Alegre Brazil Temple,63,1,country,Brazil
2026-09-16,Praia Cape Verde Temple,9,1,country,Cape Verde
2026-09-16,Preston England Temple,197,1,country,United Kingdom
2026-09-16,Provo City Center Temple,1230,2,state,Utah
2026-09-16,Puebla Mexico Temple,140,5,country,Mexico
2026-09-16,Quito Ecuador Temple,40,3,country,Ecuador
2026-09-16,Raleigh North Carolina Temple,165,2,state,North Carolina
2026-09-16,Recife Brazil Temple,63,1,country,Brazil
2026-09-16,Redlands California Temple,170,1,state,California
2026-09-16,Reno Nevada Temple,76,1,state,Nevada
2026-09-16,Rexburg Idaho Temple,874,0,state,Idaho
2026-09-16,Richmond Virginia Temple,184,0,state,Virginia
2026-09-16,Rio de Janeiro Brazil Temple,14,0,country,Brazil
2026-09-16,Rome Italy Temple,177,0,country,Italy
2026-09-16,Sacramento California Temple,143,0,state,California
2026-09-16,Salvador Brazil Temple,47,0,country,Brazil
2026-09-16,San Antonio Texas Temple,200,0,state,Texas
2026-09-16,San Diego California Temple,408,5,state,California
2026-09-16,San José Costa Rica Temple,82,0,country,Costa Rica
2026-09-16,San Juan Puerto Rico Temple,31,1,country,Puerto Rico
2026-09-16,San Pedro Sula Honduras Temple,3,0,country,Honduras
2026-09-16,San Salvador El Salvador Temple,21,1,country,El Salvador
2026-09-16,Santiago Chile Temple,195,3,country,Chile
2026-09-16,Saratoga Springs Utah Temple,470,3,state,Utah
2026-09-16,Seattle Washington Temple,121,0,state,Washington
2026-09-16,Seoul Korea Temple,97,1,country,South Korea
2026-09-16,Spokane Washington Temple,192,0,state,Washington
2026-09-16,St. George Utah Temple,1195,6,state,Utah
2026-09-16,Star Valley Wyoming Temple,160,1,state,Wyoming
2026-09-16,Suva Fiji Temple,51,10,country,Fiji
2026-09-16,Sydney Australia Temple,66,0,country,Australia
2026-09-16,Syracuse Utah Temple,448,4,state,Utah
2026-09-16,São Paulo Brazil Temple,206,0,country,Brazil
2026-09-16,Taipei Taiwan Temple,52,1,country,Taiwan
2026-09-16,Tallahassee Florida Temple,21,0,state,Florida
2026-09-16,Tampico Mexico Temple,27,2,country,Mexico
2026-09-16,Taylorsville Utah Temple,1107,2,state,Utah
2026-09-16,Tegucigalpa Honduras Temple,9,0,country,Honduras
2026-09-16,Tijuana Mexico Temple,8,0,country,Mexico
2026-09-16,Tokyo Japan Temple,35,0,country,Japan
2026-09-16,Toronto Ontario Temple,67,0,country,Canada
2026-09-16,Trujillo Peru Temple,50,1,country,Peru
2026-09-16,Tucson Arizona Temple,80,0,state,Arizona
2026-09-16,Urdaneta Philippines Temple,200,14,country,Philippines
2026-09-16,Villahermosa Mexico Temple,44,1,country,Mexico
2026-09-16,Washington D.C. Temple,58,1,state,Maryland
2026-09-16,Willamette Valley Oregon Temple,173,0,state,Oregon
2026-09-16,Winter Quarters Nebraska Temple,81,0,state,Nebraska
2026-09-16,Yorba Linda California Temple,156,0,state,California
2026-09-17,Aba Nigeria Temple,0,0,country,Nigeria
2026-09-17,Abidjan Ivory Coast Temple,9,0,country,Ivory Coast
2026-09-17,Adelaide Australia Temple,43,0,country,Australia
2026-09-17,Alabang Philippines Temple,184,16,country,Philippines
2026-09-17,Albuquerque New Mexico Temple,151,0,state,New Mexico
2026-09-17,Anchorage Alaska Temple,52,0,state,Alaska
2026-09-17,Antofagasta Chile Temple,49,2,country,Chile
2026-09-17,Arequipa Peru Temple,4,0,country,Peru
2026-09-17,Asunción Paraguay Temple,76,0,country,Paraguay
2026-09-17,Atlanta Georgia Temple,201,1,state,Georgia
2026-09-17,Bahía Blanca Argentina Temple,46,0,country,Argentina
2026-09-17,Bangkok Thailand Temple,83,0,country,Thailand
2026-09-17,Barranquilla Colombia Temple,14,0,country,Colombia
2026-09-17,Baton Rouge Louisiana Temple,30,1,state,Louisiana
2026-09-17,Belo Horizonte Brazil Temple,80,1,country,Brazil
2026-09-17,Belém Brazil Temple,13,1,country,Brazil
2026-09-17,Bern Switzerland Temple,79,0,country,Switzerland
2026-09-17,Billings Montana Temple,113,1,state,Montana
2026-09-17,Boise Idaho Temple,400,0,state,Idaho
2026-09-17,Brasília Brazil Temple,45,0,country,Brazil
2026-09-17,Brisbane Australia Temple,222,0,country,Australia
2026-09-17,Buenos Aires Argentina Temple,51,2,country,Argentina
2026-09-17,Campinas Brazil Temple,37,0,country,Brazil
2026-09-17,Caracas Venezuela Temple,5,1,country,Venezuela
2026-09-17,Cardston Alberta Temple,341,0,country,Canada
2026-09-17,Casper Wyoming Temple,89,0,state,Wyoming
2026-09-17,Cebu City Philippines Temple,126,9,country,Philippines
2026-09-17,Cedar City Utah Temple,348,2,state,Utah
2026-09-17,Chicago Illinois Temple,82,0,state,Illinois
2026-09-17,Ciudad Juárez Mexico Temple,23,0,country,Mexico
2026-09-17,Cleveland Ohio Temple,54,0,state,Ohio
2026-09-17,Cochabamba Bolivia Temple,27,3,country,Bolivia
2026-09-17,Columbus Ohio Temple,106,0,state,Ohio
2026-09-17,Concepción Chile Temple,30,0,country,Chile
2026-09-17,Copenhagen Denmark Temple,43,0,country,Denmark
2026-09-17,Curitiba Brazil Temple,148,1,country,Brazil
2026-09-17,Córdoba Argentina Temple,12,0,country,Argentina
2026-09-17,Dallas Texas Temple,286,1,state,Texas
2026-09-17,Davao Philippines Temple,90,4,country,Philippines
2026-09-17,Deseret Peak Utah Temple,292,1,state,Utah
2026-09-17,Detroit Michigan Temple,105,0,state,Michigan
2026-09-17,Durban South Africa Temple,42,4,country,South Africa
2026-09-17,Edmonton Alberta Temple,117,2,country,Canada
2026-09-17,Elko Nevada Temple,50,0,state,Nevada
2026-09-17,Farmington New Mexico Temple,59,0,state,New Mexico
2026-09-17,Feather River California Temple,64,0,state,California
2026-09-17,Fort Collins Colorado Temple,111,0,state,Colorado
2026-09-17,Fort Lauderdale Florida Temple,32,0,state,Florida
2026-09-17,Fortaleza Brazil Temple,38,0,country,Brazil
2026-09-17,Frankfurt Germany Temple,147,0,country,Germany
2026-09-17,Freiberg Germany Temple,30,0,country,Germany
2026-09-17,Fresno California Temple,131,2,state,California
2026-09-17,Fukuoka Japan Temple,26,0,country,Japan
2026-09-17,Gilbert Arizona Temple,652,2,state,Arizona
2026-09-17,Grand Junction Colorado Temple,117,0,state,Colorado
2026-09-17,Guadalajara Mexico Temple,2,0,country,Mexico
2026-09-17,Guatemala City Guatemala Temple,38,0,country,Guatemala
2026-09-17,Guayaquil Ecuador Temple,99,5,country,Ecuador
2026-09-17,Halifax Nova Scotia Temple,36,0,country,Canada
2026-09-17,Hamilton New Zealand Temple,174,0,country,New Zealand
2026-09-17,Helena Montana Temple,68,0,state,Montana
2026-09-17,Helsinki Finland Temple,16,0,country,Finland
2026-09-17,Hermosillo Sonora Mexico Temple,10,0,country,Mexico
2026-09-17,Hong Kong China Temple,109,1,country,Hong Kong
2026-09-17,Houston Texas Temple,227,0,state,Texas
2026-09-17,Idaho Falls Idaho Temple,932,2,state,Idaho
2026-09-17,Indianapolis Indiana Temple,29,0,state,Indiana
2026-09-17,Jordan River Utah Temple,2323,4,state,Utah
2026-09-17,Kansas City Missouri Temple,195,0,state,Missouri
2026-09-17,Kinshasa Democratic Republic of the Congo Temple,42,7,country,Democratic Republic of the Congo
2026-09-17,Las Vegas Nevada Temple,260,0,state,Nevada
2026-09-17,Layton Utah Temple,968,5,state,Utah
2026-09-17,Lima Peru Los Olivos Temple,43,1,country,Peru
2026-09-17,Lima Peru Temple,84,1,country,Peru
2026-09-17,Lindon Utah Temple,850,3,state,Utah
2026-09-17,Lisbon Portugal Temple,85,0,country,Portugal
2026-09-17,Logan Utah Temple,1039,2,state,Utah
2026-09-17,Los Angeles California Temple,142,0,state,California
2026-09-17,Louisville Kentucky Temple,76,1,state,Kentucky
2026-09-17,Lubbock Texas Temple,72,0,state,Texas
2026-09-17,Manila Philippines Temple,167,5,country,Philippines
2026-09-17,Manti Utah Temple,370,1,state,Utah
2026-09-17,Medford Oregon Temple,141,1,state,Oregon
2026-09-17,Melbourne Australia Temple,87,0,country,Australia
2026-09-17,Memphis Tennessee Temple,123,0,state,Tennessee
2026-09-17,Meridian Idaho Temple,447,1,state,Idaho
2026-09-17,Mesa Arizona Temple,521,3,state,Arizona
2026-09-17,Mexico City Mexico Temple,256,1,country,Mexico
2026-09-17,Monterrey Mexico Temple,60,2,country,Mexico
2026-09-17,Montevideo Uruguay Temple,114,0,country,Uruguay
2026-09-17,Monticello Utah Temple,96,0,state,Utah
2026-09-17,Moses Lake Washington Temple,112,0,state,Washington
2026-09-17,Mount Timpanogos Utah Temple,1478,7,state,Utah
2026-09-17,Mérida Mexico Temple,11,0,country,Mexico
2026-09-17,Nairobi Kenya Temple,3,1,country,Kenya
2026-09-17,Nashville Tennessee Temple,50,0,state,Tennessee
2026-09-17,Nauvoo Illinois Temple,352,0,state,Illinois
2026-09-17,Newport Beach California Temple,149,1,state,California
2026-09-17,Nuku'alofa Tonga Temple,124,2,country,Tonga
2026-09-17,Oaxaca Mexico Temple,11,0,country,Mexico
2026-09-17,Ogden Utah Temple,902,3,state,Utah
2026-09-17,Oklahoma City Oklahoma Temple,130,0,state,Oklahoma
2026-09-17,Orem Utah Temple,923,5,state,Utah
2026-09-17,Panama City Panama Temple,8,2,country,Panama
2026-09-17,Papeete Tahiti Temple,290,1,country,French Polynesia
2026-09-17,Paris France Temple,142,0,country,France
2026-09-17,Perth Australia Temple,54,0,country,Australia
2026-09-17,Philadelphia Pennsylvania Temple,105,1,state,Pennsylvania
2026-09-17,Phnom Penh Cambodia Temple,39,2,country,Cambodia
2026-09-17,Pocatello Idaho Temple,460,1,state,Idaho
2026-09-17,Port-au-Prince Haiti Temple,6,1,country,Haiti
2026-09-17,Portland Oregon Temple,240,1,state,Oregon
2026-09-17,Porto Alegre Brazil Temple,74,1,country,Brazil
2026-09-17,Praia Cape Verde Temple,30,0,country,Cape Verde
2026-09-17,Preston England Temple,204,0,country,United Kingdom
2026-09-17,Provo City Center Temple,1215,4,state,Utah
2026-09-17,Puebla Mexico Temple,48,0,country,Mexico
2026-09-17,Quetzaltenango Guatemala Temple,22,0,country,Guatemala
2026-09-17,Quito Ecuador Temple,48,1,country,Ecuador
2026-09-17,Raleigh North Carolina Temple,117,0,state,North Carolina
2026-09-17,Recife Brazil Temple,52,1,country,Brazil
2026-09-17,Redlands California Temple,242,1,state,California
2026-09-17,Reno Nevada Temple,108,1,state,Nevada
2026-09-17,Rexburg Idaho Temple,968,4,state,Idaho
2026-09-17,Richmond Virginia Temple,124,0,state,Virginia
2026-09-17,Rio de Janeiro Brazil Temple,30,0,country,Brazil
2026-09-17,Rome Italy Temple,140,0,country,Italy
2026-09-17,Sacramento California Temple,147,1,state,California
2026-09-17,Salvador Brazil Temple,55,0,country,Brazil
2026-09-17,San Antonio Texas Temple,240,0,state,Texas
2026-09-17,San Diego California Temple,353,2,state,California
2026-09-17,San José Costa Rica Temple,43,1,country,Costa Rica
2026-09-17,San Juan Puerto Rico Temple,17,0,country,Puerto Rico
2026-09-17,San Pedro Sula Honduras Temple,3,0,country,Honduras
2026-09-17,San Salvador El Salvador Temple,4,0,country,El Salvador
2026-09-17,Santiago Chile Temple,178,0,country,Chile
2026-09-17,Saratoga Springs Utah Temple,683,5,state,Utah
2026-09-17,Seattle Washington Temple,99,1,state,Washington
2026-09-17,Seoul Korea Temple,55,0,country,South Korea
2026-09-17,Spokane Washington Temple,238,0,state,Washington
2026-09-17,St. George Utah Temple,1069,3,state,Utah
2026-09-17,Star Valley Wyoming Temple,171,0,state,Wyoming
2026-09-17,Suva Fiji Temple,51,0,country,Fiji
2026-09-17,Sydney Australia Temple,48,0,country,Australia
2026-09-17,Syracuse Utah Temple,432,0,state,Utah
2026-09-17,São Paulo Brazil Temple,332,0,country,Brazil
2026-09-17,Taipei Taiwan Temple,46,0,country,Taiwan
2026-09-17,Tallahassee Florida Temple,83,2,state,Florida
2026-09-17,Tampico Mexico Temple,44,0,country,Mexico
2026-09-17,Taylorsville Utah Temple,1144,4,state,Utah
2026-09-17,Tegucigalpa Honduras Temple,36,0,country,Honduras
2026-09-17,Tijuana Mexico Temple,35,1,country,Mexico
2026-09-17,Tokyo Japan Temple,201,1,country,Japan
2026-09-17,Toronto Ontario Temple,91,0,country,Canada
2026-09-17,Trujillo Peru Temple,64,1,country,Peru
2026-09-17,Tucson Arizona Temple,137,2,state,Arizona
2026-09-17,Urdaneta Philippines Temple,272,9,country,Philippines
2026-09-17,Villahermosa Mexico Temple,2,0,country,Mexico
2026-09-17,Washington D.C. Temple,331,3,state,Maryland
2026-09-17,Willamette Valley Oregon Temple,143,0,state,Oregon
2026-09-17,Winnipeg Manitoba Temple,27,0,country,Canada
2026-09-17,Winter Quarters Nebraska Temple,43,0,state,Nebraska
2026-09-17,Yorba Linda California Temple,160,0,state,California
2026-09-18,Aba Nigeria Temple,16,5,country,Nigeria
2026-09-18,Abidjan Ivory Coast Temple,18,0,country,Ivory Coast
2026-09-18,Adelaide Australia Temple,47,1,country,Australia
2026-09-18,Alabang Philippines Temple,252,10,country,Philippines
2026-09-18,Albuquerque New Mexico Temple,186,1,state,New Mexico
2026-09-18,Anchorage Alaska Temple,128,3,state,Alaska
2026-09-18,Arequipa Peru Temple,68,0,country,Peru
2026-09-18,Asunción Paraguay Temple,32,2,country,Paraguay
2026-09-18,Atlanta Georgia Temple,196,0,state,Georgia
2026-09-18,Bahía Blanca Argentina Temple,74,1,country,Argentina
2026-09-18,Bangkok Thailand Temple,79,2,country,Thailand
2026-09-18,Barranquilla Colombia Temple,9,1,country,Colombia
2026-09-18,Baton Rouge Louisiana Temple,78,0,state,Louisiana
2026-09-18,Belo Horizonte Brazil Temple,145,1,country,Brazil
2026-09-18,Belém Brazil Temple,21,3,country,Brazil
2026-09-18,Bern Switzerland Temple,124,1,country,Switzerland
2026-09-18,Billings Montana Temple,79,0,state,Montana
2026-09-18,Boise Idaho Temple,441,0,state,Idaho
2026-09-18,Brasília Brazil Temple,51,0,country,Brazil
2026-09-18,Brisbane Australia Temple,222,0,country,Australia
2026-09-18,Buenos Aires Argentina Temple,53,1,country,Argentina
2026-09-18,Burley Idaho Temple,425,4,state,Idaho
2026-09-18,Campinas Brazil Temple,106,5,country,Brazil
2026-09-18,Caracas Venezuela Temple,110,14,country,Venezuela
2026-09-18,Cardston Alberta Temple,403,4,country,Canada
2026-09-18,Casper Wyoming Temple,37,0,state,Wyoming
2026-09-18,Cebu City Philippines Temple,117,2,country,Philippines
2026-09-18,Cedar City Utah Temple,316,3,state,Utah
2026-09-18,Chicago Illinois Temple,133,0,state,Illinois
2026-09-18,Ciudad Juárez Mexico Temple,61,0,country,Mexico
2026-09-18,Cleveland Ohio Temple,124,0,state,Ohio
2026-09-18,Cobán Guatemala Temple,34,0,country,Guatemala
2026-09-18,Cochabamba Bolivia Temple,64,2,country,Bolivia
2026-09-18,Colonia Juárez Chihuahua Mexico Temple,10,1,country,Mexico
2026-09-18,Columbus Ohio Temple,125,1,state,Ohio
2026-09-18,Copenhagen Denmark Temple,42,0,country,Denmark
2026-09-18,Curitiba Brazil Temple,110,2,country,Brazil
2026-09-18,Córdoba Argentina Temple,12,0,country,Argentina
2026-09-18,Dallas Texas Temple,467,2,state,Texas
2026-09-18,Davao Philippines Temple,150,11,country,Philippines
2026-09-18,Deseret Peak Utah Temple,322,3,state,Utah
2026-09-18,Detroit Michigan Temple,130,1,state,Michigan
2026-09-18,Durban South Africa Temple,36,2,country,South Africa
2026-09-18,Edmonton Alberta Temple,157,1,country,Canada
2026-09-18,Elko Nevada Temple,49,0,state,Nevada
2026-09-18,Farmington New Mexico Temple,163,1,state,New Mexico
2026-09-18,Feather River California Temple,69,0,state,California
2026-09-18,Fort Collins Colorado Temple,248,2,state,Colorado
2026-09-18,Fort Lauderdale Florida Temple,142,1,state,Florida
2026-09-18,Fortaleza Brazil Temple,121,2,country,Brazil
2026-09-18,Frankfurt Germany Temple,229,1,country,Germany
2026-09-18,Freiberg Germany Temple,38,0,country,Germany
2026-09-18,Fresno California Temple,172,1,state,California
2026-09-18,Fukuoka Japan Temple,60,0,country,Japan
2026-09-18,Gilbert Arizona Temple,734,1,state,Arizona
2026-09-18,Grand Junction Colorado Temple,105,0,state,Colorado
2026-09-18,Guadalajara Mexico Temple,55,3,country,Mexico
2026-09-18,Guatemala City Guatemala Temple,41,0,country,Guatemala
2026-09-18,Guayaquil Ecuador Temple,229,6,country,Ecuador
2026-09-18,Halifax Nova Scotia Temple,22,0,country,Canada
2026-09-18,Hamilton New Zealand Temple,226,3,country,New Zealand
2026-09-18,Hartford Connecticut Temple,87,0,state,Connecticut
2026-09-18,Helena Montana Temple,100,2,state,Montana
2026-09-18,Helsinki Finland Temple,53,1,country,Finland
2026-09-18,Hermosillo Sonora Mexico Temple,81,1,country,Mexico
2026-09-18,Hong Kong China Temple,135,0,country,Hong Kong
2026-09-18,Houston Texas Temple,343,2,state,Texas
2026-09-18,Idaho Falls Idaho Temple,799,7,state,Idaho
2026-09-18,Indianapolis Indiana Temple,128,0,state,Indiana
2026-09-18,Jordan River Utah Temple,2206,12,state,Utah
2026-09-18,Kansas City Missouri Temple,337,1,state,Missouri
2026-09-18,Kinshasa Democratic Republic of the Congo Temple,39,4,country,Democratic Republic of the Congo
2026-09-18,Kyiv Ukraine Temple,0,0,country,Ukraine
2026-09-18,Las Vegas Nevada Temple,388,4,state,Nevada
2026-09-18,Layton Utah Temple,853,2,state,Utah
2026-09-18,Lima Peru Los Olivos Temple,104,2,country,Peru
2026-09-18,Lima Peru Temple,113,2,country,Peru
2026-09-18,Lindon Utah Temple,927,3,state,Utah
2026-09-18,Lisbon Portugal Temple,70,1,country,Portugal
2026-09-18,Logan Utah Temple,1027,9,state,Utah
2026-09-18,Los Angeles California Temple,173,1,state,California
2026-09-18,Louisville Kentucky Temple,141,3,state,Kentucky
2026-09-18,Lubbock Texas Temple,96,0,state,Texas
2026-09-18,Manila Philippines Temple,174,3,country,Philippines
2026-09-18,Manti Utah Temple,477,6,state,Utah
2026-09-18,McAllen Texas Temple,57,2,state,Texas
2026-09-18,Medford Oregon Temple,108,1,state,Oregon
2026-09-18,Melbourne Australia Temple,126,0,country,Australia
2026-09-18,Memphis Tennessee Temple,49,0,state,Tennessee
2026-09-18,Meridian Idaho Temple,570,3,state,Idaho
2026-09-18,Mesa Arizona Temple,589,3,state,Arizona
2026-09-18,Mexico City Mexico Temple,267,3,country,Mexico
2026-09-18,Monterrey Mexico Temple,68,1,country,Mexico
2026-09-18,Montevideo Uruguay Temple,118,0,country,Uruguay
2026-09-18,Monticello Utah Temple,73,0,state,Utah
2026-09-18,Moses Lake Washington Temple,136,3,state,Washington
2026-09-18,Mount Timpanogos Utah Temple,1446,8,state,Utah
2026-09-18,Mérida Mexico Temple,58,0,country,Mexico
2026-09-18,Nairobi Kenya Temple,18,3,country,Kenya
2026-09-18,Nashville Tennessee Temple,165,0,state,Tennessee
2026-09-18,Nauvoo Illinois Temple,323,1,state,Illinois
2026-09-18,Newport Beach California Temple,233,1,state,California
2026-09-18,Nuku'alofa Tonga Temple,109,4,country,Tonga
2026-09-18,Oaxaca Mexico Temple,3,1,country,Mexico
2026-09-18,Ogden Utah Temple,880,8,state,Utah
2026-09-18,Oklahoma City Oklahoma Temple,117,1,state,Oklahoma
2026-09-18,Orem Utah Temple,1000,7,state,Utah
2026-09-18,Panama City Panama Temple,5,2,country,Panama
2026-09-18,Papeete Tahiti Temple,332,1,country,French Polynesia
2026-09-18,Paris France Temple,127,0,country,France
2026-09-18,Perth Australia Temple,61,0,country,Australia
2026-09-18,Philadelphia Pennsylvania Temple,160,1,state,Pennsylvania
2026-09-18,Phnom Penh Cambodia Temple,32,3,country,Cambodia
2026-09-18,Pocatello Idaho Temple,510,1,state,Idaho
2026-09-18,Port-au-Prince Haiti Temple,1,0,country,Haiti
2026-09-18,Portland Oregon Temple,221,2,state,Oregon
2026-09-18,Porto Alegre Brazil Temple,95,2,country,Brazil
2026-09-18,Praia Cape Verde Temple,9,1,country,Cape Verde
2026-09-18,Preston England Temple,207,4,country,United Kingdom
2026-09-18,Provo City Center Temple,1352,7,state,Utah
2026-09-18,Puebla Mexico Temple,99,2,country,Mexico
2026-09-18,Quetzaltenango Guatemala Temple,20,5,country,Guatemala
2026-09-18,Quito Ecuador Temple,162,6,country,Ecuador
2026-09-18,Raleigh North Carolina Temple,199,2,state,North Carolina
2026-09-18,Recife Brazil Temple,83,0,country,Brazil
2026-09-18,Redlands California Temple,175,2,state,California
2026-09-18,Regina Saskatchewan Temple,19,1,country,Canada
2026-09-18,Reno Nevada Temple,126,1,state,Nevada
2026-09-18,Rexburg Idaho Temple,1095,4,state,Idaho
2026-09-18,Richmond Virginia Temple,176,1,state,Virginia
2026-09-18,Rio de Janeiro Brazil Temple,75,2,country,Brazil
2026-09-18,Rome Italy Temple,153,0,country,Italy
2026-09-18,Sacramento California Temple,225,3,state,California
2026-09-18,Salvador Brazil Temple,117,2,country,Brazil
2026-09-18,San Antonio Texas Temple,211,1,state,Texas
2026-09-18,San Diego California Temple,540,4,state,California
2026-09-18,San José Costa Rica Temple,45,0,country,Costa Rica
2026-09-18,San Juan Puerto Rico Temple,54,0,country,Puerto Rico
2026-09-18,San Pedro Sula Honduras Temple,29,4,country,Honduras
2026-09-18,San Salvador El Salvador Temple,49,0,country,El Salvador
2026-09-18,Saratoga Springs Utah Temple,663,7,state,Utah
2026-09-18,Seattle Washington Temple,167,2,state,Washington
2026-09-18,Seoul Korea Temple,70,0,country,South Korea
2026-09-18,Spokane Washington Temple,281,0,state,Washington
2026-09-18,St. George Utah Temple,989,4,state,Utah
2026-09-18,Star Valley Wyoming Temple,126,0,state,Wyoming
2026-09-18,Suva Fiji Temple,59,1,country,Fiji
2026-09-18,Sydney Australia Temple,111,1,country,Australia
2026-09-18,Syracuse Utah Temple,471,4,state,Utah
2026-09-18,São Paulo Brazil Temple,444,4,country,Brazil
2026-09-18,Taipei Taiwan Temple,100,2,country,Taiwan
2026-09-18,Tallahassee Florida Temple,137,2,state,Florida
2026-09-18,Tampico Mexico Temple,20,2,country,Mexico
2026-09-18,Taylorsville Utah Temple,1117,5,state,Utah
2026-09-18,Tegucigalpa Honduras Temple,6,0,country,Honduras
2026-09-18,Tijuana Mexico Temple,21,0,country,Mexico
2026-09-18,Tokyo Japan Temple,217,0,country,Japan
2026-09-18,Toronto Ontario Temple,187,0,country,Canada
2026-09-18,Trujillo Peru Temple,124,6,country,Peru
2026-09-18,Tucson Arizona Temple,260,1,state,Arizona
2026-09-18,Urdaneta Philippines Temple,300,10,country,Philippines
2026-09-18,Villahermosa Mexico Temple,6,0,country,Mexico
2026-09-18,Washington D.C. Temple,280,4,state,Maryland
2026-09-18,Willamette Valley Oregon Temple,141,2,state,Oregon
2026-09-18,Winnipeg Manitoba Temple,22,0,country,Canada
2026-09-18,Winter Quarters Nebraska Temple,119,0,state,Nebraska
2026-09-18,Yorba Linda California Temple,160,0,state,California
2026-09-19,Aba Nigeria Temple,8,2,country,Nigeria
2026-09-19,Abidjan Ivory Coast Temple,50,3,country,Ivory Coast
2026-09-19,Adelaide Australia Temple,71,0,country,Australia
2026-09-19,Alabang Philippines Temple,224,17,country,Philippines
2026-09-19,Albuquerque New Mexico Temple,173,2,state,New Mexico
2026-09-19,Anchorage Alaska Temple,110,2,state,Alaska
2026-09-19,Arequipa Peru Temple,242,7,country,Peru
2026-09-19,Asunción Paraguay Temple,67,6,country,Paraguay
2026-09-19,Atlanta Georgia Temple,259,6,state,Georgia
2026-09-19,Bahía Blanca Argentina Temple,108,1,country,Argentina
2026-09-19,Bangkok Thailand Temple,89,5,country,Thailand
2026-09-19,Barranquilla Colombia Temple,121,3,country,Colombia
2026-09-19,Baton Rouge Louisiana Temple,147,3,state,Louisiana
2026-09-19,Belo Horizonte Brazil Temple,240,2,country,Brazil
2026-09-19,Belém Brazil Temple,30,3,country,Brazil
2026-09-19,Bern Switzerland Temple,125,2,country,Switzerland
2026-09-19,Billings Montana Temple,121,2,state,Montana
2026-09-19,Boise Idaho Temple,366,4,state,Idaho
2026-09-19,Brasília Brazil Temple,179,6,country,Brazil
2026-09-19,Brisbane Australia Temple,290,1,country,Australia
2026-09-19,Buenos Aires Argentina Temple,359,10,country,Argentina
2026-09-19,Burley Idaho Temple,307,3,state,Idaho
2026-09-19,Campinas Brazil Temple,441,18,country,Brazil
2026-09-19,Caracas Venezuela Temple,123,4,country,Venezuela
2026-09-19,Cardston Alberta Temple,362,5,country,Canada
2026-09-19,Casper Wyoming Temple,105,3,state,Wyoming
2026-09-19,Cebu City Philippines Temple,226,6,country,Philippines
2026-09-19,Cedar City Utah Temple,316,6,state,Utah
2026-09-19,Chicago Illinois Temple,124,1,state,Illinois
2026-09-19,Ciudad Juárez Mexico Temple,187,4,country,Mexico
2026-09-19,Cleveland Ohio Temple,112,0,state,Ohio
2026-09-19,Cobán Guatemala Temple,40,0,country,Guatemala
2026-09-19,Cochabamba Bolivia Temple,180,23,country,Bolivia
2026-09-19,Colonia Juárez Chihuahua Mexico Temple,27,0,country,Mexico
2026-09-19,Columbus Ohio Temple,181,2,state,Ohio
2026-09-19,Copenhagen Denmark Temple,102,1,country,Denmark
2026-09-19,Córdoba Argentina Temple,28,3,country,Argentina
2026-09-19,Dallas Texas Temple,493,8,state,Texas
2026-09-19,Davao Philippines Temple,149,14,country,Philippines
2026-09-19,Deseret Peak Utah Temple,296,4,state,Utah
2026-09-19,Detroit Michigan Temple,118,1,state,Michigan
2026-09-19,Durban South Africa Temple,53,1,country,South Africa
2026-09-19,Edmonton Alberta Temple,85,0,country,Canada
2026-09-19,Elko Nevada Temple,105,1,state,Nevada
2026-09-19,Farmington New Mexico Temple,162,4,state,New Mexico
2026-09-19,Feather River California Temple,77,1,state,California
2026-09-19,Fort Collins Colorado Temple,341,6,state,Colorado
2026-09-19,Fort Lauderdale Florida Temple,261,5,state,Florida
2026-09-19,Fortaleza Brazil Temple,270,7,country,Brazil
2026-09-19,Frankfurt Germany Temple,273,1,country,Germany
2026-09-19,Freiberg Germany Temple,63,0,country,Germany
2026-09-19,Fresno California Temple,172,6,state,California
2026-09-19,Fukuoka Japan Temple,114,1,country,Japan
2026-09-19,Gilbert Arizona Temple,812,17,state,Arizona
2026-09-19,Grand Junction Colorado Temple,146,1,state,Colorado
2026-09-19,Guatemala City Guatemala Temple,295,2,country,Guatemala
2026-09-19,Guayaquil Ecuador Temple,378,9,country,Ecuador
2026-09-19,Halifax Nova Scotia Temple,60,2,country,Canada
2026-09-19,Hamilton New Zealand Temple,205,6,country,New Zealand
2026-09-19,Hartford Connecticut Temple,184,3,state,Connecticut
2026-09-19,Helena Montana Temple,126,0,state,Montana
2026-09-19,Helsinki Finland Temple,48,0,country,Finland
2026-09-19,Hermosillo Sonora Mexico Temple,61,1,country,Mexico
2026-09-19,Hong Kong China Temple,121,0,country,Hong Kong
2026-09-19,Houston Texas Temple,450,12,state,Texas
2026-09-19,Idaho Falls Idaho Temple,760,11,state,Idaho
2026-09-19,Indianapolis Indiana Temple,93,0,state,Indiana
2026-09-19,Jordan River Utah Temple,2100,17,state,Utah
2026-09-19,Kansas City Missouri Temple,271,3,state,Missouri
2026-09-19,Kinshasa Democratic Republic of the Congo Temple,108,9,country,Democratic Republic of the Congo
2026-09-19,Kyiv Ukraine Temple,0,0,country,Ukraine
2026-09-19,Las Vegas Nevada Temple,346,6,state,Nevada
2026-09-19,Layton Utah Temple,887,13,state,Utah
2026-09-19,Lima Peru Los Olivos Temple,288,16,country,Peru
2026-09-19,Lima Peru Temple,364,12,country,Peru
2026-09-19,Lindon Utah Temple,1009,8,state,Utah
2026-09-19,Lisbon Portugal Temple,182,1,country,Portugal
2026-09-19,Logan Utah Temple,1183,17,state,Utah
2026-09-19,Los Angeles California Temple,584,15,state,California
2026-09-19,Louisville Kentucky Temple,139,3,state,Kentucky
2026-09-19,Lubbock Texas Temple,134,0,state,Texas
2026-09-19,Manila Philippines Temple,177,8,country,Philippines
2026-09-19,Manti Utah Temple,518,6,state,Utah
2026-09-19,McAllen Texas Temple,161,1,state,Texas
2026-09-19,Medford Oregon Temple,130,3,state,Oregon
2026-09-19,Melbourne Australia Temple,229,5,country,Australia
2026-09-19,Memphis Tennessee Temple,119,4,state,Tennessee
2026-09-19,Meridian Idaho Temple,533,9,state,Idaho
2026-09-19,Mesa Arizona Temple,541,10,state,Arizona
2026-09-19,Mexico City Mexico Temple,884,22,country,Mexico
2026-09-19,Monterrey Mexico Temple,351,10,country,Mexico
2026-09-19,Montevideo Uruguay Temple,179,2,country,Uruguay
2026-09-19,Monticello Utah Temple,80,1,state,Utah
2026-09-19,Moses Lake Washington Temple,192,2,state,Washington
2026-09-19,Mount Timpanogos Utah Temple,1540,20,state,Utah
2026-09-19,Nairobi Kenya Temple,11,1,country,Kenya
2026-09-19,Nashville Tennessee Temple,150,1,state,Tennessee
2026-09-19,Nauvoo Illinois Temple,349,0,state,Illinois
2026-09-19,Newport Beach California Temple,224,2,state,California
2026-09-19,Oaxaca Mexico Temple,73,3,country,Mexico
2026-09-19,Ogden Utah Temple,865,14,state,Utah
2026-09-19,Oklahoma City Oklahoma Temple,178,5,state,Oklahoma
2026-09-19,Orem Utah Temple,999,15,state,Utah
2026-09-19,Panama City Panama Temple,56,4,country,Panama
2026-09-19,Papeete Tahiti Temple,241,2,country,French Polynesia
2026-09-19,Paris France Temple,165,1,country,France
2026-09-19,Perth Australia Temple,78,1,country,Australia
2026-09-19,Philadelphia Pennsylvania Temple,199,5,state,Pennsylvania
2026-09-19,Phnom Penh Cambodia Temple,38,3,country,Cambodia
2026-09-19,Pocatello Idaho Temple,311,3,state,Idaho
2026-09-19,Port-au-Prince Haiti Temple,22,1,country,Haiti
2026-09-19,Portland Oregon Temple,336,6,state,Oregon
2026-09-19,Porto Alegre Brazil Temple,235,6,country,Brazil
2026-09-19,Praia Cape Verde Temple,0,0,country,Cape Verde
2026-09-19,Preston England Temple,349,5,country,United Kingdom
2026-09-19,Provo City Center Temple,1383,14,state,Utah
2026-09-19,Puebla Mexico Temple,381,8,country,Mexico
2026-09-19,Quetzaltenango Guatemala Temple,86,3,country,Guatemala
2026-09-19,Quito Ecuador Temple,176,12,country,Ecuador
2026-09-19,Raleigh North Carolina Temple,187,4,state,North Carolina
2026-09-19,Recife Brazil Temple,359,23,country,Brazil
2026-09-19,Redlands California Temple,288,4,state,California
2026-09-19,Regina Saskatchewan Temple,12,0,country,Canada
2026-09-19,Reno Nevada Temple,90,1,state,Nevada
2026-09-19,Rexburg Idaho Temple,1134,8,state,Idaho
2026-09-19,Richmond Virginia Temple,183,3,state,Virginia
2026-09-19,Rio de Janeiro Brazil Temple,219,7,country,Brazil
2026-09-19,Rome Italy Temple,137,1,country,Italy
2026-09-19,Sacramento California Temple,257,1,state,California
2026-09-19,Salvador Brazil Temple,237,6,country,Brazil
2026-09-19,San Antonio Texas Temple,289,0,state,Texas
2026-09-19,San Diego California Temple,380,4,state,California
2026-09-19,San José Costa Rica Temple,124,4,country,Costa Rica
2026-09-19,San Juan Puerto Rico Temple,86,1,country,Puerto Rico
2026-09-19,San Pedro Sula Honduras Temple,136,6,country,Honduras
2026-09-19,San Salvador El Salvador Temple,287,10,country,El Salvador
2026-09-19,Saratoga Springs Utah Temple,918,21,state,Utah
2026-09-19,Seattle Washington Temple,401,18,state,Washington
2026-09-19,Seoul Korea Temple,367,4,country,South Korea
2026-09-19,Spokane Washington Temple,225,2,state,Washington
2026-09-19,St. George Utah Temple,956,13,state,Utah
2026-09-19,Star Valley Wyoming Temple,112,2,state,Wyoming
2026-09-19,Suva Fiji Temple,105,1,country,Fiji
2026-09-19,Sydney Australia Temple,136,1,country,Australia
2026-09-19,Syracuse Utah Temple,408,7,state,Utah
2026-09-19,São Paulo Brazil Temple,628,9,country,Brazil
2026-09-19,Taipei Taiwan Temple,227,2,country,Taiwan
2026-09-19,Tallahassee Florida Temple,282,6,state,Florida
2026-09-19,Tampico Mexico Temple,97,1,country,Mexico
2026-09-19,Taylorsville Utah Temple,1151,15,state,Utah
2026-09-19,Tegucigalpa Honduras Temple,97,6,country,Honduras
2026-09-19,Tijuana Mexico Temple,105,0,country,Mexico
2026-09-19,Tokyo Japan Temple,420,4,country,Japan
2026-09-19,Toronto Ontario Temple,336,3,country,Canada
2026-09-19,Trujillo Peru Temple,218,9,country,Peru
2026-09-19,Tucson Arizona Temple,210,1,state,Arizona
2026-09-19,Urdaneta Philippines Temple,250,14,country,Philippines
2026-09-19,Villahermosa Mexico Temple,152,7,country,Mexico
2026-09-19,Washington D.C. Temple,503,11,state,Maryland
2026-09-19,Willamette Valley Oregon Temple,114,2,state,Oregon
2026-09-19,Winnipeg Manitoba Temple,41,5,country,Canada
2026-09-19,Winter Quarters Nebraska Temple,176,5,state,Nebraska
2026-09-19,Yorba Linda California Temple,190,1,state,California
2026-09-21,Mount Timpanogos Utah Temple,396,2,state,Utah
2026-09-22,Aba Nigeria Temple,36,9,country,Nigeria
2026-09-22,Abidjan Ivory Coast Temple,24,3,country,Ivory Coast
2026-09-22,Alabang Philippines Temple,28,0,country,Philippines
2026-09-22,Albuquerque New Mexico Temple,111,0,state,New Mexico
2026-09-22,Anchorage Alaska Temple,44,0,state,Alaska
2026-09-22,Apia Samoa Temple,359,5,country,Samoa
2026-09-22,Arequipa Peru Temple,71,0,country,Peru
2026-09-22,Atlanta Georgia Temple,121,0,state,Georgia
2026-09-22,Auckland New Zealand Temple,309,1,country,New Zealand
2026-09-22,Barranquilla Colombia Temple,5,0,country,Colombia
2026-09-22,Baton Rouge Louisiana Temple,17,1,state,Louisiana
2026-09-22,Belém Brazil Temple,48,5,country,Brazil
2026-09-22,Bern Switzerland Temple,109,1,country,Switzerland
2026-09-22,Billings Montana Temple,115,0,state,Montana
2026-09-22,Bogotá Colombia Temple,180,8,country,Colombia
2026-09-22,Boise Idaho Temple,491,0,state,Idaho
2026-09-22,Brigham City Utah Temple,539,1,state,Utah
2026-09-22,Brisbane Australia Temple,120,0,country,Australia
2026-09-22,Buenos Aires Argentina Temple,120,1,country,Argentina
2026-09-22,Burley Idaho Temple,355,2,state,Idaho
2026-09-22,Campinas Brazil Temple,39,0,country,Brazil
2026-09-22,Caracas Venezuela Temple,3,1,country,Venezuela
2026-09-22,Cardston Alberta Temple,425,2,country,Canada
2026-09-22,Casper Wyoming Temple,108,0,state,Wyoming
2026-09-22,Cebu City Philippines Temple,67,4,country,Philippines
2026-09-22,Cedar City Utah Temple,325,0,state,Utah
2026-09-22,Cleveland Ohio Temple,56,0,state,Ohio
2026-09-22,Cochabamba Bolivia Temple,79,1,country,Bolivia
2026-09-22,Colonia Juárez Chihuahua Mexico Temple,26,0,country,Mexico
2026-09-22,Columbia River Washington Temple,279,2,state,Washington
2026-09-22,Concepción Chile Temple,23,0,country,Chile
2026-09-22,Copenhagen Denmark Temple,33,0,country,Denmark
2026-09-22,Curitiba Brazil Temple,80,4,country,Brazil
2026-09-22,Córdoba Argentina Temple,20,2,country,Argentina
2026-09-22,Dallas Texas Temple,385,2,state,Texas
2026-09-22,Davao Philippines Temple,90,5,country,Philippines
2026-09-22,Deseret Peak Utah Temple,290,0,state,Utah
2026-09-22,Detroit Michigan Temple,17,0,state,Michigan
2026-09-22,Durban South Africa Temple,62,14,country,South Africa
2026-09-22,Edmonton Alberta Temple,165,3,country,Canada
2026-09-22,Feather River California Temple,58,0,state,California
2026-09-22,Fort Collins Colorado Temple,189,0,state,Colorado
2026-09-22,Fort Lauderdale Florida Temple,29,0,state,Florida
2026-09-22,Fortaleza Brazil Temple,128,0,country,Brazil
2026-09-22,Freiberg Germany Temple,43,0,country,Germany
2026-09-22,Fresno California Temple,126,0,state,California
2026-09-22,Gilbert Arizona Temple,611,3,state,Arizona
2026-09-22,Grand Junction Colorado Temple,48,0,state,Colorado
2026-09-22,Guadalajara Mexico Temple,4,0,country,Mexico
2026-09-22,Guatemala City Guatemala Temple,138,3,country,Guatemala
2026-09-22,Hamilton New Zealand Temple,107,0,country,New Zealand
2026-09-22,Helena Montana Temple,87,0,state,Montana
2026-09-22,Hermosillo Sonora Mexico Temple,27,0,country,Mexico
2026-09-22,Hong Kong China Temple,163,5,country,Hong Kong
2026-09-22,Houston Texas Temple,346,1,state,Texas
2026-09-22,Idaho Falls Idaho Temple,849,4,state,Idaho
2026-09-22,Indianapolis Indiana Temple,72,3,state,Indiana
2026-09-22,Johannesburg South Africa Temple,59,5,country,South Africa
2026-09-22,Jordan River Utah Temple,2449,6,state,Utah
2026-09-22,Kansas City Missouri Temple,280,2,state,Missouri
2026-09-22,Laie Hawaii Temple,331,5,state,Hawaii
2026-09-22,Las Vegas Nevada Temple,310,1,state,Nevada
2026-09-22,Layton Utah Temple,1245,4,state,Utah
2026-09-22,Lima Peru Los Olivos Temple,129,5,country,Peru
2026-09-22,Lima Peru Temple,113,2,country,Peru
2026-09-22,Lindon Utah Temple,920,5,state,Utah
2026-09-22,Logan Utah Temple,1099,6,state,Utah
2026-09-22,Manila Philippines Temple,78,3,country,Philippines
2026-09-22,Manti Utah Temple,332,1,state,Utah
2026-09-22,Medford Oregon Temple,57,0,state,Oregon
2026-09-22,Melbourne Australia Temple,76,0,country,Australia
2026-09-22,Meridian Idaho Temple,394,0,state,Idaho
2026-09-22,Mesa Arizona Temple,637,3,state,Arizona
2026-09-22,Mexico City Mexico Temple,183,4,country,Mexico
2026-09-22,Monterrey Mexico Temple,36,1,country,Mexico
2026-09-22,Monticello Utah Temple,71,0,state,Utah
2026-09-22,Moses Lake Washington Temple,70,0,state,Washington
2026-09-22,Mount Timpanogos Utah Temple,1523,3,state,Utah
2026-09-22,Nairobi Kenya Temple,62,23,country,Kenya
2026-09-22,Nashville Tennessee Temple,52,0,state,Tennessee
2026-09-22,Nauvoo Illinois Temple,208,2,state,Illinois
2026-09-22,Newport Beach California Temple,224,1,state,California
2026-09-22,Nuku'alofa Tonga Temple,100,4,country,Tonga
2026-09-22,Oklahoma City Oklahoma Temple,133,2,state,Oklahoma
2026-09-22,Orem Utah Temple,957,7,state,Utah
2026-09-22,Papeete Tahiti Temple,239,2,country,French Polynesia
2026-09-22,Paris France Temple,137,0,country,France
2026-09-22,Phnom Penh Cambodia Temple,10,1,country,Cambodia
2026-09-22,Pocatello Idaho Temple,569,3,state,Idaho
2026-09-22,Port-au-Prince Haiti Temple,6,0,country,Haiti
2026-09-22,Portland Oregon Temple,257,3,state,Oregon
2026-09-22,Porto Alegre Brazil Temple,64,3,country,Brazil
2026-09-22,Provo City Center Temple,1305,6,state,Utah
2026-09-22,Puebla Mexico Temple,91,0,country,Mexico
2026-09-22,Quetzaltenango Guatemala Temple,0,0,country,Guatemala
2026-09-22,Quito Ecuador Temple,37,1,country,Ecuador
2026-09-22,Raleigh North Carolina Temple,171,0,state,North Carolina
2026-09-22,Redlands California Temple,234,1,state,California
2026-09-22,Reno Nevada Temple,88,1,state,Nevada
2026-09-22,Rexburg Idaho Temple,986,2,state,Idaho
2026-09-22,Richmond Virginia Temple,78,1,state,Virginia
2026-09-22,Rio de Janeiro Brazil Temple,57,0,country,Brazil
2026-09-22,Sacramento California Temple,256,1,state,California
2026-09-22,Salvador Brazil Temple,48,0,country,Brazil
2026-09-22,San Antonio Texas Temple,207,0,state,Texas
2026-09-22,San Diego California Temple,300,0,state,California
2026-09-22,San Pedro Sula Honduras Temple,14,0,country,Honduras
2026-09-22,San Salvador El Salvador Temple,30,1,country,El Salvador
2026-09-22,Santiago Chile Temple,149,0,country,Chile
2026-09-22,Saratoga Springs Utah Temple,683,2,state,Utah
2026-09-22,Seattle Washington Temple,128,1,state,Washington
2026-09-22,Seoul Korea Temple,74,0,country,South Korea
2026-09-22,Spokane Washington Temple,270,1,state,Washington
2026-09-22,St. George Utah Temple,1152,3,state,Utah
2026-09-22,Star Valley Wyoming Temple,204,0,state,Wyoming
2026-09-22,Suva Fiji Temple,51,0,country,Fiji
2026-09-22,Sydney Australia Temple,74,0,country,Australia
2026-09-22,Syracuse Utah Temple,687,5,state,Utah
2026-09-22,São Paulo Brazil Temple,212,1,country,Brazil
2026-09-22,Taipei Taiwan Temple,63,0,country,Taiwan
2026-09-22,Tallahassee Florida Temple,144,2,state,Florida
2026-09-22,Tampico Mexico Temple,14,0,country,Mexico
2026-09-22,Taylorsville Utah Temple,1154,4,state,Utah
2026-09-22,Tegucigalpa Honduras Temple,29,0,country,Honduras
2026-09-22,Tijuana Mexico Temple,60,3,country,Mexico
2026-09-22,Tokyo Japan Temple,92,2,country,Japan
2026-09-22,Tucson Arizona Temple,108,0,state,Arizona
2026-09-22,Urdaneta Philippines Temple,231,7,country,Philippines
2026-09-22,Washington D.C. Temple,77,1,state,Maryland
2026-09-22,Winter Quarters Nebraska Temple,65,1,state,Nebraska
2026-09-22,Yorba Linda California Temple,154,1,state,California
2026-09-23,Aba Nigeria Temple,29,9,country,Nigeria
2026-09-23,Abidjan Ivory Coast Temple,71,0,country,Ivory Coast
2026-09-23,Adelaide Australia Temple,54,0,country,Australia
2026-09-23,Alabang Philippines Temple,14,2,country,Philippines
2026-09-23,Albuquerque New Mexico Temple,90,1,state,New Mexico
2026-09-23,Anchorage Alaska Temple,77,1,state,Alaska
2026-09-23,Antofagasta Chile Temple,24,0,country,Chile
2026-09-23,Apia Samoa Temple,281,2,country,Samoa
2026-09-23,Arequipa Peru Temple,26,0,country,Peru
2026-09-23,Asunción Paraguay Temple,10,2,country,Paraguay
2026-09-23,Atlanta Georgia Temple,173,2,state,Georgia
2026-09-23,Auckland New Zealand Temple,246,0,country,New Zealand
2026-09-23,Baton Rouge Louisiana Temple,47,0,state,Louisiana
2026-09-23,Belo Horizonte Brazil Temple,69,0,country,Brazil
2026-09-23,Belém Brazil Temple,43,1,country,Brazil
2026-09-23,Bern Switzerland Temple,91,1,country,Switzerland
2026-09-23,Billings Montana Temple,69,0,state,Montana
2026-09-23,Bogotá Colombia Temple,223,4,country,Colombia
2026-09-23,Boise Idaho Temple,336,0,state,Idaho
2026-09-23,Brasília Brazil Temple,6,1,country,Brazil
2026-09-23,Brigham City Utah Temple,540,1,state,Utah
2026-09-23,Brisbane Australia Temple,280,3,country,Australia
2026-09-23,Buenos Aires Argentina Temple,132,3,country,Argentina
2026-09-23,Burley Idaho Temple,337,0,state,Idaho
2026-09-23,Campinas Brazil Temple,23,1,country,Brazil
2026-09-23,Caracas Venezuela Temple,8,1,country,Venezuela
2026-09-23,Cardston Alberta Temple,351,2,country,Canada
2026-09-23,Cebu City Philippines Temple,72,0,country,Philippines
2026-09-23,Cedar City Utah Temple,372,2,state,Utah
2026-09-23,Chicago Illinois Temple,119,1,state,Illinois
2026-09-23,Ciudad Juárez Mexico Temple,33,2,country,Mexico
2026-09-23,Cleveland Ohio Temple,65,1,state,Ohio
2026-09-23,Cobán Guatemala Temple,22,1,country,Guatemala
2026-09-23,Cochabamba Bolivia Temple,29,4,country,Bolivia
2026-09-23,Colonia Juárez Chihuahua Mexico Temple,18,0,country,Mexico
2026-09-23,Columbia River Washington Temple,208,0,state,Washington
2026-09-23,Concepción Chile Temple,75,0,country,Chile
2026-09-23,Copenhagen Denmark Temple,55,0,country,Denmark
2026-09-23,Curitiba Brazil Temple,108,0,country,Brazil
2026-09-23,Córdoba Argentina Temple,7,0,country,Argentina
2026-09-23,Dallas Texas Temple,356,2,state,Texas
2026-09-23,Davao Philippines Temple,90,9,country,Philippines
2026-09-23,Deseret Peak Utah Temple,225,0,state,Utah
2026-09-23,Detroit Michigan Temple,40,1,state,Michigan
2026-09-23,Durban South Africa Temple,30,1,country,South Africa
2026-09-23,Edmonton Alberta Temple,79,0,country,Canada
2026-09-23,Elko Nevada Temple,24,0,state,Nevada
2026-09-23,Feather River California Temple,41,1,state,California
2026-09-23,Fort Collins Colorado Temple,112,1,state,Colorado
2026-09-23,Fort Lauderdale Florida Temple,25,0,state,Florida
2026-09-23,Fortaleza Brazil Temple,65,2,country,Brazil
2026-09-23,Freiberg Germany Temple,22,0,country,Germany
2026-09-23,Fresno California Temple,95,0,state,California
2026-09-23,Gilbert Arizona Temple,476,1,state,Arizona
2026-09-23,Grand Junction Colorado Temple,140,0,state,Colorado
2026-09-23,Guadalajara Mexico Temple,0,0,country,Mexico
2026-09-23,Guatemala City Guatemala Temple,144,2,country,Guatemala
2026-09-23,Hamilton New Zealand Temple,103,0,country,New Zealand
2026-09-23,Hartford Connecticut Temple,36,1,state,Connecticut
2026-09-23,Helena Montana Temple,56,0,state,Montana
2026-09-23,Hong Kong China Temple,79,0,country,Hong Kong
2026-09-23,Houston Texas Temple,277,1,state,Texas
2026-09-23,Idaho Falls Idaho Temple,740,3,state,Idaho
2026-09-23,Indianapolis Indiana Temple,108,0,state,Indiana
2026-09-23,Johannesburg South Africa Temple,34,1,country,South Africa
2026-09-23,Jordan River Utah Temple,2118,5,state,Utah
2026-09-23,Kansas City Missouri Temple,232,0,state,Missouri
2026-09-23,Kyiv Ukraine Temple,0,0,country,Ukraine
2026-09-23,Laie Hawaii Temple,253,3,state,Hawaii
2026-09-23,Las Vegas Nevada Temple,269,0,state,Nevada
2026-09-23,Layton Utah Temple,975,3,state,Utah
2026-09-23,Lima Peru Los Olivos Temple,105,5,country,Peru
2026-09-23,Lima Peru Temple,146,1,country,Peru
2026-09-23,Lindon Utah Temple,857,1,state,Utah
2026-09-23,Lisbon Portugal Temple,72,0,country,Portugal
2026-09-23,Logan Utah Temple,991,5,state,Utah
2026-09-23,Los Angeles California Temple,53,2,state,California
2026-09-23,Manila Philippines Temple,102,8,country,Philippines
2026-09-23,Manti Utah Temple,360,2,state,Utah
2026-09-23,Medford Oregon Temple,66,0,state,Oregon
2026-09-23,Melbourne Australia Temple,136,0,country,Australia
2026-09-23,Meridian Idaho Temple,385,0,state,Idaho
2026-09-23,Mesa Arizona Temple,413,1,state,Arizona
2026-09-23,Mexico City Mexico Temple,97,0,country,Mexico
2026-09-23,Monterrey Mexico Temple,61,0,country,Mexico
2026-09-23,Montevideo Uruguay Temple,140,5,country,Uruguay
2026-09-23,Monticello Utah Temple,79,0,state,Utah
2026-09-23,Moses Lake Washington Temple,108,1,state,Washington
2026-09-23,Mount Timpanogos Utah Temple,1250,6,state,Utah
2026-09-23,Mérida Mexico Temple,20,1,country,Mexico
2026-09-23,Nairobi Kenya Temple,49,4,country,Kenya
2026-09-23,Nashville Tennessee Temple,167,1,state,Tennessee
2026-09-23,Nauvoo Illinois Temple,143,0,state,Illinois
2026-09-23,Newport Beach California Temple,162,0,state,California
2026-09-23,Nuku'alofa Tonga Temple,79,1,country,Tonga
2026-09-23,Oaxaca Mexico Temple,6,2,country,Mexico
2026-09-23,Oklahoma City Oklahoma Temple,128,0,state,Oklahoma
2026-09-23,Orem Utah Temple,930,6,state,Utah
2026-09-23,Panama City Panama Temple,13,1,country,Panama
2026-09-23,Papeete Tahiti Temple,215,1,country,French Polynesia
2026-09-23,Paris France Temple,133,0,country,France
2026-09-23,Perth Australia Temple,65,0,country,Australia
2026-09-23,Phnom Penh Cambodia Temple,19,3,country,Cambodia
2026-09-23,Pocatello Idaho Temple,408,3,state,Idaho
2026-09-23,Portland Oregon Temple,175,0,state,Oregon
2026-09-23,Porto Alegre Brazil Temple,34,0,country,Brazil
2026-09-23,Praia Cape Verde Temple,0,0,country,Cape Verde
2026-09-23,Preston England Temple,247,1,country,United Kingdom
2026-09-23,Provo City Center Temple,1246,3,state,Utah
2026-09-23,Puebla Mexico Temple,108,2,country,Mexico
2026-09-23,Quetzaltenango Guatemala Temple,67,1,country,Guatemala
2026-09-23,Quito Ecuador Temple,62,0,country,Ecuador
2026-09-23,Raleigh North Carolina Temple,157,0,state,North Carolina
2026-09-23,Redlands California Temple,178,0,state,California
2026-09-23,Reno Nevada Temple,88,1,state,Nevada
2026-09-23,Rexburg Idaho Temple,946,1,state,Idaho
2026-09-23,Richmond Virginia Temple,229,0,state,Virginia
2026-09-23,Rio de Janeiro Brazil Temple,40,3,country,Brazil
2026-09-23,Sacramento California Temple,153,0,state,California
2026-09-23,Salvador Brazil Temple,47,0,country,Brazil
2026-09-23,San Antonio Texas Temple,193,0,state,Texas
2026-09-23,San Diego California Temple,388,6,state,California
2026-09-23,San Juan Puerto Rico Temple,23,0,country,Puerto Rico
2026-09-23,San Pedro Sula Honduras Temple,22,0,country,Honduras
2026-09-23,San Salvador El Salvador Temple,44,0,country,El Salvador
2026-09-23,Santiago Chile Temple,201,0,country,Chile
2026-09-23,Saratoga Springs Utah Temple,602,2,state,Utah
2026-09-23,Seattle Washington Temple,91,0,state,Washington
2026-09-23,Seoul Korea Temple,76,0,country,South Korea
2026-09-23,Spokane Washington Temple,249,0,state,Washington
2026-09-23,St. George Utah Temple,1131,3,state,Utah
2026-09-23,Star Valley Wyoming Temple,158,0,state,Wyoming
2026-09-23,Suva Fiji Temple,101,17,country,Fiji
2026-09-23,Sydney Australia Temple,76,3,country,Australia
2026-09-23,Syracuse Utah Temple,615,2,state,Utah
2026-09-23,São Paulo Brazil Temple,136,0,country,Brazil
2026-09-23,Taipei Taiwan Temple,60,0,country,Taiwan
2026-09-23,Tallahassee Florida Temple,40,0,state,Florida
2026-09-23,Tampico Mexico Temple,25,0,country,Mexico
2026-09-23,Taylorsville Utah Temple,1085,5,state,Utah
2026-09-23,Tegucigalpa Honduras Temple,16,0,country,Honduras
2026-09-23,Tijuana Mexico Temple,12,1,country,Mexico
2026-09-23,Tokyo Japan Temple,57,0,country,Japan
2026-09-23,Toronto Ontario Temple,110,1,country,Canada
2026-09-23,Tucson Arizona Temple,114,0,state,Arizona
2026-09-23,Urdaneta Philippines Temple,220,2,country,Philippines
2026-09-23,Veracruz Mexico Temple,30,1,country,Mexico
2026-09-23,Villahermosa Mexico Temple,41,1,country,Mexico
2026-09-23,Washington D.C. Temple,67,3,state,Maryland
2026-09-23,Willamette Valley Oregon Temple,148,0,state,Oregon
2026-09-23,Winter Quarters Nebraska Temple,106,2,state,Nebraska
2026-09-23,Yorba Linda California Temple,154,1,state,California
2026-09-24,Aba Nigeria Temple,29,7,country,Nigeria
2026-09-24,Abidjan Ivory Coast Temple,22,3,country,Ivory Coast
2026-09-24,Adelaide Australia Temple,47,0,country,Australia
2026-09-24,Alabang Philippines Temple,156,3,country,Philippines
2026-09-24,Albuquerque New Mexico Temple,137,0,state,New Mexico
2026-09-24,Anchorage Alaska Temple,79,0,state,Alaska
2026-09-24,Antofagasta Chile Temple,61,0,country,Chile
2026-09-24,Apia Samoa Temple,372,11,country,Samoa
2026-09-24,Arequipa Peru Temple,11,1,country,Peru
2026-09-24,Asunción Paraguay Temple,30,0,country,Paraguay
2026-09-24,Atlanta Georgia Temple,174,0,state,Georgia
2026-09-24,Auckland New Zealand Temple,245,0,country,New Zealand
2026-09-24,Bahía Blanca Argentina Temple,57,0,country,Argentina
2026-09-24,Barranquilla Colombia Temple,15,0,country,Colombia
2026-09-24,Baton Rouge Louisiana Temple,12,0,state,Louisiana
2026-09-24,Belo Horizonte Brazil Temple,80,2,country,Brazil
2026-09-24,Belém Brazil Temple,19,0,country,Brazil
2026-09-24,Bern Switzerland Temple,108,0,country,Switzerland
2026-09-24,Billings Montana Temple,83,0,state,Montana
2026-09-24,Bogotá Colombia Temple,136,5,country,Colombia
2026-09-24,Boise Idaho Temple,408,0,state,Idaho
2026-09-24,Brasília Brazil Temple,60,1,country,Brazil
2026-09-24,Brigham City Utah Temple,481,2,state,Utah
2026-09-24,Brisbane Australia Temple,280,0,country,Australia
2026-09-24,Buenos Aires Argentina Temple,66,4,country,Argentina
2026-09-24,Campinas Brazil Temple,34,0,country,Brazil
2026-09-24,Caracas Venezuela Temple,32,1,country,Venezuela
2026-09-24,Cardston Alberta Temple,395,3,country,Canada
2026-09-24,Casper Wyoming Temple,132,2,state,Wyoming
2026-09-24,Cebu City Philippines Temple,69,3,country,Philippines
2026-09-24,Cedar City Utah Temple,377,2,state,Utah
2026-09-24,Chicago Illinois Temple,96,0,state,Illinois
2026-09-24,Ciudad Juárez Mexico Temple,24,0,country,Mexico
2026-09-24,Cleveland Ohio Temple,65,0,state,Ohio
2026-09-24,Cochabamba Bolivia Temple,173,6,country,Bolivia
2026-09-24,Columbia River Washington Temple,216,0,state,Washington
2026-09-24,Concepción Chile Temple,54,0,country,Chile
2026-09-24,Copenhagen Denmark Temple,56,0,country,Denmark
2026-09-24,Curitiba Brazil Temple,151,2,country,Brazil
2026-09-24,Córdoba Argentina Temple,6,0,country,Argentina
2026-09-24,Dallas Texas Temple,315,0,state,Texas
2026-09-24,Davao Philippines Temple,90,3,country,Philippines
2026-09-24,Deseret Peak Utah Temple,270,0,state,Utah
2026-09-24,Detroit Michigan Temple,129,0,state,Michigan
2026-09-24,Durban South Africa Temple,21,2,country,South Africa
2026-09-24,Edmonton Alberta Temple,133,1,country,Canada
2026-09-24,Elko Nevada Temple,76,0,state,Nevada
2026-09-24,Feather River California Temple,46,0,state,California
2026-09-24,Fort Collins Colorado Temple,161,1,state,Colorado
2026-09-24,Fort Lauderdale Florida Temple,46,0,state,Florida
2026-09-24,Fortaleza Brazil Temple,95,2,country,Brazil
2026-09-24,Freiberg Germany Temple,38,0,country,Germany
2026-09-24,Fresno California Temple,92,0,state,California
2026-09-24,Fukuoka Japan Temple,38,0,country,Japan
2026-09-24,Gilbert Arizona Temple,679,3,state,Arizona
2026-09-24,Grand Junction Colorado Temple,111,0,state,Colorado
2026-09-24,Guadalajara Mexico Temple,0,0,country,Mexico
2026-09-24,Guatemala City Guatemala Temple,109,3,country,Guatemala
2026-09-24,Halifax Nova Scotia Temple,24,0,country,Canada
2026-09-24,Hamilton New Zealand Temple,133,0,country,New Zealand
2026-09-24,Helena Montana Temple,56,0,state,Montana
2026-09-24,Hermosillo Sonora Mexico Temple,3,0,country,Mexico
2026-09-24,Hong Kong China Temple,98,0,country,Hong Kong
2026-09-24,Houston Texas Temple,208,0,state,Texas
2026-09-24,Idaho Falls Idaho Temple,664,3,state,Idaho
2026-09-24,Indianapolis Indiana Temple,32,1,state,Indiana
2026-09-24,Johannesburg South Africa Temple,66,4,country,South Africa
2026-09-24,Jordan River Utah Temple,2291,2,state,Utah
2026-09-24,Kansas City Missouri Temple,233,1,state,Missouri
2026-09-24,Laie Hawaii Temple,123,1,state,Hawaii
2026-09-24,Las Vegas Nevada Temple,281,1,state,Nevada
2026-09-24,Layton Utah Temple,1114,5,state,Utah
2026-09-24,Lima Peru Los Olivos Temple,105,4,country,Peru
2026-09-24,Lima Peru Temple,81,3,country,Peru
2026-09-24,Lindon Utah Temple,840,4,state,Utah
2026-09-24,Lisbon Portugal Temple,74,1,country,Portugal
2026-09-24,Logan Utah Temple,942,2,state,Utah
2026-09-24,Los Angeles California Temple,194,1,state,California
2026-09-24,Manila Philippines Temple,221,5,country,Philippines
2026-09-24,Manti Utah Temple,400,2,state,Utah
2026-09-24,Medford Oregon Temple,108,0,state,Oregon
2026-09-24,Melbourne Australia Temple,132,1,country,Australia
2026-09-24,Memphis Tennessee Temple,111,0,state,Tennessee
2026-09-24,Meridian Idaho Temple,437,1,state,Idaho
2026-09-24,Mesa Arizona Temple,611,3,state,Arizona
2026-09-24,Mexico City Mexico Temple,201,1,country,Mexico
2026-09-24,Monterrey Mexico Temple,70,0,country,Mexico
2026-09-24,Montevideo Uruguay Temple,159,0,country,Uruguay
2026-09-24,Monticello Utah Temple,80,0,state,Utah
2026-09-24,Moses Lake Washington Temple,72,0,state,Washington
2026-09-24,Mount Timpanogos Utah Temple,1464,3,state,Utah
2026-09-24,Mérida Mexico Temple,9,0,country,Mexico
2026-09-24,Nairobi Kenya Temple,70,2,country,Kenya
2026-09-24,Nashville Tennessee Temple,34,0,state,Tennessee
2026-09-24,Nauvoo Illinois Temple,173,1,state,Illinois
2026-09-24,Newport Beach California Temple,158,1,state,California
2026-09-24,Nuku'alofa Tonga Temple,57,2,country,Tonga
2026-09-24,Oaxaca Mexico Temple,0,0,country,Mexico
2026-09-24,Oklahoma City Oklahoma Temple,113,0,state,Oklahoma
2026-09-24,Orem Utah Temple,945,1,state,Utah
2026-09-24,Panama City Panama Temple,13,0,country,Panama
2026-09-24,Papeete Tahiti Temple,196,0,country,French Polynesia
2026-09-24,Paris France Temple,152,1,country,France
2026-09-24,Perth Australia Temple,80,0,country,Australia
2026-09-24,Phnom Penh Cambodia Temple,42,3,country,Cambodia
2026-09-24,Pittsburgh Pennsylvania Temple,130,1,state,Pennsylvania
2026-09-24,Pocatello Idaho Temple,343,0,state,Idaho
2026-09-24,Port-au-Prince Haiti Temple,16,6,country,Haiti
2026-09-24,Portland Oregon Temple,202,3,state,Oregon
2026-09-24,Porto Alegre Brazil Temple,64,0,country,Brazil
2026-09-24,Praia Cape Verde Temple,0,0,country,Cape Verde
2026-09-24,Preston England Temple,215,0,country,United Kingdom
2026-09-24,Provo City Center Temple,1258,4,state,Utah
2026-09-24,Puebla Mexico Temple,107,1,country,Mexico
2026-09-24,Quetzaltenango Guatemala Temple,25,0,country,Guatemala
2026-09-24,Quito Ecuador Temple,89,5,country,Ecuador
2026-09-24,Raleigh North Carolina Temple,144,1,state,North Carolina
2026-09-24,Redlands California Temple,147,1,state,California
2026-09-24,Reno Nevada Temple,121,0,state,Nevada
2026-09-24,Rexburg Idaho Temple,933,1,state,Idaho
2026-09-24,Richmond Virginia Temple,137,1,state,Virginia
2026-09-24,Rio de Janeiro Brazil Temple,30,0,country,Brazil
2026-09-24,Sacramento California Temple,168,0,state,California
2026-09-24,Salvador Brazil Temple,46,0,country,Brazil
2026-09-24,San Antonio Texas Temple,226,0,state,Texas
2026-09-24,San Diego California Temple,289,0,state,California
2026-09-24,San Juan Puerto Rico Temple,18,0,country,Puerto Rico
2026-09-24,San Pedro Sula Honduras Temple,18,1,country,Honduras
2026-09-24,San Salvador El Salvador Temple,18,0,country,El Salvador
2026-09-24,Santiago Chile Temple,180,0,country,Chile
2026-09-24,Santo Domingo Dominican Republic Temple,0,0,country,Dominican Republic
2026-09-24,Saratoga Springs Utah Temple,603,2,state,Utah
2026-09-24,Seattle Washington Temple,82,0,state,Washington
2026-09-24,Spokane Washington Temple,241,0,state,Washington
2026-09-24,St. George Utah Temple,1101,2,state,Utah
2026-09-24,Star Valley Wyoming Temple,161,0,state,Wyoming
2026-09-24,Suva Fiji Temple,77,0,country,Fiji
2026-09-24,Sydney Australia Temple,80,0,country,Australia
2026-09-24,Syracuse Utah Temple,591,1,state,Utah
2026-09-24,São Paulo Brazil Temple,255,1,country,Brazil
2026-09-24,Taipei Taiwan Temple,33,0,country,Taiwan
2026-09-24,Tallahassee Florida Temple,144,1,state,Florida
2026-09-24,Tampico Mexico Temple,28,0,country,Mexico
2026-09-24,Taylorsville Utah Temple,1157,2,state,Utah
2026-09-24,Tegucigalpa Honduras Temple,53,1,country,Honduras
2026-09-24,The Hague Netherlands Temple,24,0,country,Netherlands
2026-09-24,Tijuana Mexico Temple,27,0,country,Mexico
2026-09-24,Tokyo Japan Temple,175,0,country,Japan
2026-09-24,Toronto Ontario Temple,122,2,country,Canada
2026-09-24,Tucson Arizona Temple,162,2,state,Arizona
2026-09-24,Urdaneta Philippines Temple,186,1,country,Philippines
2026-09-24,Veracruz Mexico Temple,20,0,country,Mexico
2026-09-24,Villahermosa Mexico Temple,0,0,country,Mexico
2026-09-24,Washington D.C. Temple,275,1,state,Maryland
2026-09-24,Willamette Valley Oregon Temple,131,0,state,Oregon
2026-09-24,Winnipeg Manitoba Temple,37,0,country,Canada
2026-09-24,Winter Quarters Nebraska Temple,43,2,state,Nebraska
2026-09-24,Yorba Linda California Temple,140,0,state,California
2026-09-25,Aba Nigeria Temple,6,2,country,Nigeria
2026-09-25,Abidjan Ivory Coast Temple,35,1,country,Ivory Coast
2026-09-25,Adelaide Australia Temple,25,0,country,Australia
2026-09-25,Alabang Philippines Temple,149,15,country,Philippines
2026-09-25,Albuquerque New Mexico Temple,176,1,state,New Mexico
2026-09-25,Anchorage Alaska Temple,100,0,state,Alaska
2026-09-25,Antofagasta Chile Temple,40,1,country,Chile
2026-09-25,Apia Samoa Temple,336,5,country,Samoa
2026-09-25,Arequipa Peru Temple,95,3,country,Peru
2026-09-25,Asunción Paraguay Temple,74,1,country,Paraguay
2026-09-25,Atlanta Georgia Temple,144,1,state,Georgia
2026-09-25,Auckland New Zealand Temple,397,5,country,New Zealand
2026-09-25,Bahía Blanca Argentina Temple,104,1,country,Argentina
2026-09-25,Barranquilla Colombia Temple,6,0,country,Colombia
2026-09-25,Baton Rouge Louisiana Temple,64,2,state,Louisiana
2026-09-25,Belo Horizonte Brazil Temple,160,0,country,Brazil
2026-09-25,Belém Brazil Temple,20,0,country,Brazil
2026-09-25,Bern Switzerland Temple,196,0,country,Switzerland
2026-09-25,Billings Montana Temple,107,2,state,Montana
2026-09-25,Bogotá Colombia Temple,171,3,country,Colombia
2026-09-25,Boise Idaho Temple,390,1,state,Idaho
2026-09-25,Brasília Brazil Temple,57,0,country,Brazil
2026-09-25,Brigham City Utah Temple,504,0,state,Utah
2026-09-25,Brisbane Australia Temple,280,2,country,Australia
2026-09-25,Buenos Aires Argentina Temple,136,1,country,Argentina
2026-09-25,Burley Idaho Temple,368,2,state,Idaho
2026-09-25,Campinas Brazil Temple,160,7,country,Brazil
2026-09-25,Caracas Venezuela Temple,79,30,country,Venezuela
2026-09-25,Cardston Alberta Temple,287,0,country,Canada
2026-09-25,Casper Wyoming Temple,54,0,state,Wyoming
2026-09-25,Cebu City Philippines Temple,85,5,country,Philippines
2026-09-25,Cedar City Utah Temple,353,4,state,Utah
2026-09-25,Chicago Illinois Temple,85,0,state,Illinois
2026-09-25,Ciudad Juárez Mexico Temple,97,2,country,Mexico
2026-09-25,Cleveland Ohio Temple,128,1,state,Ohio
2026-09-25,Cobán Guatemala Temple,62,1,country,Guatemala
2026-09-25,Cochabamba Bolivia Temple,228,11,country,Bolivia
2026-09-25,Colonia Juárez Chihuahua Mexico Temple,10,0,country,Mexico
2026-09-25,Columbia River Washington Temple,291,2,state,Washington
2026-09-25,Concepción Chile Temple,108,3,country,Chile
2026-09-25,Copenhagen Denmark Temple,15,0,country,Denmark
2026-09-25,Curitiba Brazil Temple,135,6,country,Brazil
2026-09-25,Córdoba Argentina Temple,46,1,country,Argentina
2026-09-25,Dallas Texas Temple,532,5,state,Texas
2026-09-25,Davao Philippines Temple,150,14,country,Philippines
2026-09-25,Deseret Peak Utah Temple,275,0,state,Utah
2026-09-25,Detroit Michigan Temple,143,2,state,Michigan
2026-09-25,Durban South Africa Temple,50,4,country,South Africa
2026-09-25,Edmonton Alberta Temple,198,0,country,Canada
2026-09-25,Elko Nevada Temple,71,0,state,Nevada
2026-09-25,Feather River California Temple,63,0,state,California
2026-09-25,Fort Collins Colorado Temple,229,4,state,Colorado
2026-09-25,Fort Lauderdale Florida Temple,107,0,state,Florida
2026-09-25,Fortaleza Brazil Temple,80,0,country,Brazil
2026-09-25,Freiberg Germany Temple,30,0,country,Germany
2026-09-25,Fresno California Temple,175,0,state,California
2026-09-25,Fukuoka Japan Temple,67,1,country,Japan
2026-09-25,Gilbert Arizona Temple,610,3,state,Arizona
2026-09-25,Grand Junction Colorado Temple,48,0,state,Colorado
2026-09-25,Guadalajara Mexico Temple,71,3,country,Mexico
2026-09-25,Guatemala City Guatemala Temple,71,0,country,Guatemala
2026-09-25,Halifax Nova Scotia Temple,16,0,country,Canada
2026-09-25,Hamilton New Zealand Temple,109,0,country,New Zealand
2026-09-25,Hartford Connecticut Temple,154,0,state,Connecticut
2026-09-25,Helena Montana Temple,90,1,state,Montana
2026-09-25,Hermosillo Sonora Mexico Temple,17,0,country,Mexico
2026-09-25,Hong Kong China Temple,64,0,country,Hong Kong
2026-09-25,Houston Texas Temple,420,4,state,Texas
2026-09-25,Idaho Falls Idaho Temple,617,6,state,Idaho
2026-09-25,Indianapolis Indiana Temple,193,2,state,Indiana
2026-09-25,Johannesburg South Africa Temple,146,6,country,South Africa
2026-09-25,Jordan River Utah Temple,2433,8,state,Utah
2026-09-25,Kansas City Missouri Temple,321,1,state,Missouri
2026-09-25,Kyiv Ukraine Temple,0,0,country,Ukraine
2026-09-25,Laie Hawaii Temple,316,5,state,Hawaii
2026-09-25,Las Vegas Nevada Temple,351,2,state,Nevada
2026-09-25,Layton Utah Temple,1237,4,state,Utah
2026-09-25,Lima Peru Los Olivos Temple,84,7,country,Peru
2026-09-25,Lima Peru Temple,133,4,country,Peru
2026-09-25,Lindon Utah Temple,923,3,state,Utah
2026-09-25,Lisbon Portugal Temple,35,0,country,Portugal
2026-09-25,Logan Utah Temple,846,3,state,Utah
2026-09-25,Los Angeles California Temple,211,3,state,California
2026-09-25,Manila Philippines Temple,145,3,country,Philippines
2026-09-25,Manti Utah Temple,410,2,state,Utah
2026-09-25,Medford Oregon Temple,98,0,state,Oregon
2026-09-25,Melbourne Australia Temple,169,1,country,Australia
2026-09-25,Memphis Tennessee Temple,44,1,state,Tennessee
2026-09-25,Meridian Idaho Temple,418,4,state,Idaho
2026-09-25,Mesa Arizona Temple,764,5,state,Arizona
2026-09-25,Mexico City Mexico Temple,654,15,country,Mexico
2026-09-25,Monterrey Mexico Temple,155,1,country,Mexico
2026-09-25,Montevideo Uruguay Temple,162,2,country,Uruguay
2026-09-25,Monticello Utah Temple,61,0,state,Utah
2026-09-25,Moses Lake Washington Temple,89,0,state,Washington
2026-09-25,Mount Timpanogos Utah Temple,1730,10,state,Utah
2026-09-25,Mérida Mexico Temple,44,2,country,Mexico
2026-09-25,Nairobi Kenya Temple,8,0,country,Kenya
2026-09-25,Nashville Tennessee Temple,179,1,state,Tennessee
2026-09-25,Nauvoo Illinois Temple,186,1,state,Illinois
2026-09-25,Newport Beach California Temple,246,3,state,California
2026-09-25,Nuku'alofa Tonga Temple,45,0,country,Tonga
2026-09-25,Oaxaca Mexico Temple,14,1,country,Mexico
2026-09-25,Oklahoma City Oklahoma Temple,106,0,state,Oklahoma
2026-09-25,Orem Utah Temple,979,8,state,Utah
2026-09-25,Panama City Panama Temple,11,1,country,Panama
2026-09-25,Papeete Tahiti Temple,267,0,country,French Polynesia
2026-09-25,Paris France Temple,122,0,country,France
2026-09-25,Perth Australia Temple,83,1,country,Australia
2026-09-25,Phnom Penh Cambodia Temple,43,2,country,Cambodia
2026-09-25,Pittsburgh Pennsylvania Temple,110,0,state,Pennsylvania
2026-09-25,Pocatello Idaho Temple,390,4,state,Idaho
2026-09-25,Port-au-Prince Haiti Temple,5,0,country,Haiti
2026-09-25,Portland Oregon Temple,252,2,state,Oregon
2026-09-25,Porto Alegre Brazil Temple,64,1,country,Brazil
2026-09-25,Praia Cape Verde Temple,0,0,country,Cape Verde
2026-09-25,Preston England Temple,208,7,country,United Kingdom
2026-09-25,Provo City Center Temple,1381,7,state,Utah
2026-09-25,Puebla Mexico Temple,179,6,country,Mexico
2026-09-25,Quetzaltenango Guatemala Temple,85,5,country,Guatemala
2026-09-25,Quito Ecuador Temple,155,2,country,Ecuador
2026-09-25,Raleigh North Carolina Temple,180,0,state,North Carolina
2026-09-25,Redlands California Temple,231,2,state,California
2026-09-25,Regina Saskatchewan Temple,11,0,country,Canada
2026-09-25,Reno Nevada Temple,124,0,state,Nevada
2026-09-25,Rexburg Idaho Temple,1001,3,state,Idaho
2026-09-25,Richmond Virginia Temple,230,2,state,Virginia
2026-09-25,Rio de Janeiro Brazil Temple,39,1,country,Brazil
2026-09-25,Sacramento California Temple,254,0,state,California
2026-09-25,Salvador Brazil Temple,142,5,country,Brazil
2026-09-25,San Antonio Texas Temple,243,2,state,Texas
2026-09-25,San Diego California Temple,509,1,state,California
2026-09-25,San Juan Puerto Rico Temple,55,2,country,Puerto Rico
2026-09-25,San Pedro Sula Honduras Temple,6,0,country,Honduras
2026-09-25,San Salvador El Salvador Temple,100,2,country,El Salvador
2026-09-25,Santiago Chile Temple,274,6,country,Chile
2026-09-25,Saratoga Springs Utah Temple,731,7,state,Utah
2026-09-25,Seattle Washington Temple,156,0,state,Washington
2026-09-25,Spokane Washington Temple,286,0,state,Washington
2026-09-25,St. George Utah Temple,1079,4,state,Utah
2026-09-25,Star Valley Wyoming Temple,173,1,state,Wyoming
2026-09-25,Suva Fiji Temple,116,2,country,Fiji
2026-09-25,Sydney Australia Temple,111,2,country,Australia
2026-09-25,Syracuse Utah Temple,617,2,state,Utah
2026-09-25,São Paulo Brazil Temple,352,3,country,Brazil
2026-09-25,Tallahassee Florida Temple,169,2,state,Florida
2026-09-25,Tampico Mexico Temple,10,0,country,Mexico
2026-09-25,Taylorsville Utah Temple,1151,7,state,Utah
2026-09-25,Tegucigalpa Honduras Temple,39,0,country,Honduras
2026-09-25,The Hague Netherlands Temple,75,0,country,Netherlands
2026-09-25,Tijuana Mexico Temple,53,2,country,Mexico
2026-09-25,Tokyo Japan Temple,198,1,country,Japan
2026-09-25,Toronto Ontario Temple,142,1,country,Canada
2026-09-25,Tucson Arizona Temple,194,0,state,Arizona
2026-09-25,Urdaneta Philippines Temple,300,13,country,Philippines
2026-09-25,Veracruz Mexico Temple,35,0,country,Mexico
2026-09-25,Villahermosa Mexico Temple,20,0,country,Mexico
2026-09-25,Washington D.C. Temple,331,2,state,Maryland
2026-09-25,Willamette Valley Oregon Temple,146,2,state,Oregon
2026-09-25,Winnipeg Manitoba Temple,19,0,country,Canada
2026-09-25,Winter Quarters Nebraska Temple,138,3,state,Nebraska
2026-09-25,Yorba Linda California Temple,158,2,state,California
2026-09-26,Aba Nigeria Temple,18,3,country,Nigeria
2026-09-26,Abidjan Ivory Coast Temple,114,6,country,Ivory Coast
2026-09-26,Adelaide Australia Temple,16,0,country,Australia
2026-09-26,Alabang Philippines Temple,179,9,country,Philippines
2026-09-26,Albuquerque New Mexico Temple,233,5,state,New Mexico
2026-09-26,Anchorage Alaska Temple,103,3,state,Alaska
2026-09-26,Antofagasta Chile Temple,82,1,country,Chile
2026-09-26,Apia Samoa Temple,188,5,country,Samoa
2026-09-26,Arequipa Peru Temple,275,10,country,Peru
2026-09-26,Asunción Paraguay Temple,126,4,country,Paraguay
2026-09-26,Atlanta Georgia Temple,200,3,state,Georgia
2026-09-26,Auckland New Zealand Temple,461,1,country,New Zealand
2026-09-26,Bahía Blanca Argentina Temple,95,2,country,Argentina
2026-09-26,Barranquilla Colombia Temple,171,0,country,Colombia
2026-09-26,Baton Rouge Louisiana Temple,160,5,state,Louisiana
2026-09-26,Belo Horizonte Brazil Temple,239,2,country,Brazil
2026-09-26,Belém Brazil Temple,53,1,country,Brazil
2026-09-26,Bern Switzerland Temple,87,1,country,Switzerland
2026-09-26,Billings Montana Temple,103,2,state,Montana
2026-09-26,Bogotá Colombia Temple,248,3,country,Colombia
2026-09-26,Boise Idaho Temple,391,7,state,Idaho
2026-09-26,Brasília Brazil Temple,130,0,country,Brazil
2026-09-26,Brigham City Utah Temple,453,3,state,Utah
2026-09-26,Brisbane Australia Temple,302,3,country,Australia
2026-09-26,Buenos Aires Argentina Temple,339,15,country,Argentina
2026-09-26,Burley Idaho Temple,287,5,state,Idaho
2026-09-26,Campinas Brazil Temple,437,10,country,Brazil
2026-09-26,Caracas Venezuela Temple,196,17,country,Venezuela
2026-09-26,Cardston Alberta Temple,375,8,country,Canada
2026-09-26,Casper Wyoming Temple,87,1,state,Wyoming
2026-09-26,Cebu City Philippines Temple,135,8,country,Philippines
2026-09-26,Cedar City Utah Temple,270,6,state,Utah
2026-09-26,Chicago Illinois Temple,246,6,state,Illinois
2026-09-26,Ciudad Juárez Mexico Temple,240,3,country,Mexico
2026-09-26,Cleveland Ohio Temple,120,1,state,Ohio
2026-09-26,Cobán Guatemala Temple,92,1,country,Guatemala
2026-09-26,Cochabamba Bolivia Temple,232,6,country,Bolivia
2026-09-26,Colonia Juárez Chihuahua Mexico Temple,61,3,country,Mexico
2026-09-26,Columbia River Washington Temple,283,9,state,Washington
2026-09-26,Concepción Chile Temple,246,6,country,Chile
2026-09-26,Copenhagen Denmark Temple,76,0,country,Denmark
2026-09-26,Córdoba Argentina Temple,69,3,country,Argentina
2026-09-26,Dallas Texas Temple,818,15,state,Texas
2026-09-26,Davao Philippines Temple,150,17,country,Philippines
2026-09-26,Deseret Peak Utah Temple,277,4,state,Utah
2026-09-26,Detroit Michigan Temple,142,3,state,Michigan
2026-09-26,Durban South Africa Temple,42,5,country,South Africa
2026-09-26,Edmonton Alberta Temple,159,2,country,Canada
2026-09-26,Elko Nevada Temple,117,1,state,Nevada
2026-09-26,Feather River California Temple,89,1,state,California
2026-09-26,Fort Collins Colorado Temple,228,5,state,Colorado
2026-09-26,Fort Lauderdale Florida Temple,278,15,state,Florida
2026-09-26,Fortaleza Brazil Temple,260,5,country,Brazil
2026-09-26,Freiberg Germany Temple,45,3,country,Germany
2026-09-26,Fresno California Temple,133,6,state,California
2026-09-26,Fukuoka Japan Temple,114,0,country,Japan
2026-09-26,Gilbert Arizona Temple,850,16,state,Arizona
2026-09-26,Grand Junction Colorado Temple,107,4,state,Colorado
2026-09-26,Guatemala City Guatemala Temple,329,16,country,Guatemala
2026-09-26,Halifax Nova Scotia Temple,49,0,country,Canada
2026-09-26,Hamilton New Zealand Temple,182,0,country,New Zealand
2026-09-26,Hartford Connecticut Temple,126,0,state,Connecticut
2026-09-26,Helena Montana Temple,109,3,state,Montana
2026-09-26,Hermosillo Sonora Mexico Temple,110,2,country,Mexico
2026-09-26,Houston Texas Temple,572,14,state,Texas
2026-09-26,Idaho Falls Idaho Temple,766,12,state,Idaho
2026-09-26,Indianapolis Indiana Temple,158,6,state,Indiana
2026-09-26,Johannesburg South Africa Temple,132,5,country,South Africa
2026-09-26,Jordan River Utah Temple,2349,25,state,Utah
2026-09-26,Kansas City Missouri Temple,249,1,state,Missouri
2026-09-26,Kyiv Ukraine Temple,0,0,country,Ukraine
2026-09-26,Laie Hawaii Temple,254,3,state,Hawaii
2026-09-26,Las Vegas Nevada Temple,540,12,state,Nevada
2026-09-26,Layton Utah Temple,998,13,state,Utah
2026-09-26,Lima Peru Los Olivos Temple,353,21,country,Peru
2026-09-26,Lima Peru Temple,382,15,country,Peru
2026-09-26,Lindon Utah Temple,994,10,state,Utah
2026-09-26,Lisbon Portugal Temple,171,4,country,Portugal
2026-09-26,Logan Utah Temple,1097,14,state,Utah
2026-09-26,Los Angeles California Temple,529,16,state,California
2026-09-26,Manila Philippines Temple,163,8,country,Philippines
2026-09-26,Manti Utah Temple,431,8,state,Utah
2026-09-26,Medford Oregon Temple,108,2,state,Oregon
2026-09-26,Melbourne Australia Temple,164,0,country,Australia
2026-09-26,Memphis Tennessee Temple,134,2,state,Tennessee
2026-09-26,Meridian Idaho Temple,445,12,state,Idaho
2026-09-26,Mesa Arizona Temple,849,17,state,Arizona
2026-09-26,Mexico City Mexico Temple,1036,29,country,Mexico
2026-09-26,Monterrey Mexico Temple,351,8,country,Mexico
2026-09-26,Montevideo Uruguay Temple,229,2,country,Uruguay
2026-09-26,Monticello Utah Temple,53,2,state,Utah
2026-09-26,Moses Lake Washington Temple,272,2,state,Washington
2026-09-26,Mount Timpanogos Utah Temple,1950,19,state,Utah
2026-09-26,Nairobi Kenya Temple,51,4,country,Kenya
2026-09-26,Nashville Tennessee Temple,139,3,state,Tennessee
2026-09-26,Nauvoo Illinois Temple,364,4,state,Illinois
2026-09-26,Newport Beach California Temple,204,1,state,California
2026-09-26,Oaxaca Mexico Temple,78,2,country,Mexico
2026-09-26,Oklahoma City Oklahoma Temple,155,8,state,Oklahoma
2026-09-26,Orem Utah Temple,997,13,state,Utah
2026-09-26,Panama City Panama Temple,69,18,country,Panama
2026-09-26,Papeete Tahiti Temple,293,2,country,French Polynesia
2026-09-26,Paris France Temple,156,1,country,France
2026-09-26,Perth Australia Temple,46,2,country,Australia
2026-09-26,Phnom Penh Cambodia Temple,98,6,country,Cambodia
2026-09-26,Pittsburgh Pennsylvania Temple,88,2,state,Pennsylvania
2026-09-26,Pocatello Idaho Temple,367,9,state,Idaho
2026-09-26,Port-au-Prince Haiti Temple,37,4,country,Haiti
2026-09-26,Portland Oregon Temple,392,4,state,Oregon
2026-09-26,Porto Alegre Brazil Temple,220,7,country,Brazil
2026-09-26,Praia Cape Verde Temple,11,2,country,Cape Verde
2026-09-26,Preston England Temple,376,4,country,United Kingdom
2026-09-26,Provo City Center Temple,1347,15,state,Utah
2026-09-26,Puebla Mexico Temple,402,12,country,Mexico
2026-09-26,Quetzaltenango Guatemala Temple,269,7,country,Guatemala
2026-09-26,Quito Ecuador Temple,180,5,country,Ecuador
2026-09-26,Raleigh North Carolina Temple,209,4,state,North Carolina
2026-09-26,Redlands California Temple,370,6,state,California
2026-09-26,Regina Saskatchewan Temple,30,0,country,Canada
2026-09-26,Reno Nevada Temple,144,4,state,Nevada
2026-09-26,Rexburg Idaho Temple,1133,7,state,Idaho
2026-09-26,Richmond Virginia Temple,255,6,state,Virginia
2026-09-26,Rio de Janeiro Brazil Temple,256,15,country,Brazil
2026-09-26,Sacramento California Temple,265,4,state,California
2026-09-26,Salvador Brazil Temple,271,3,country,Brazil
2026-09-26,San Antonio Texas Temple,317,6,state,Texas
2026-09-26,San Diego California Temple,381,1,state,California
2026-09-26,San Juan Puerto Rico Temple,86,4,country,Puerto Rico
2026-09-26,San Pedro Sula Honduras Temple,97,12,country,Honduras
2026-09-26,San Salvador El Salvador Temple,334,5,country,El Salvador
2026-09-26,Santiago Chile Temple,349,4,country,Chile
2026-09-26,Saratoga Springs Utah Temple,911,15,state,Utah
2026-09-26,Seattle Washington Temple,301,12,state,Washington
2026-09-26,Seoul Korea Temple,124,0,country,South Korea
2026-09-26,Spokane Washington Temple,276,6,state,Washington
2026-09-26,St. George Utah Temple,998,16,state,Utah
2026-09-26,Star Valley Wyoming Temple,123,2,state,Wyoming
2026-09-26,Suva Fiji Temple,120,7,country,Fiji
2026-09-26,Sydney Australia Temple,161,9,country,Australia
2026-09-26,Syracuse Utah Temple,548,7,state,Utah
2026-09-26,São Paulo Brazil Temple,594,13,country,Brazil
2026-09-26,Taipei Taiwan Temple,217,3,country,Taiwan
2026-09-26,Tallahassee Florida Temple,280,5,state,Florida
2026-09-26,Tampico Mexico Temple,143,3,country,Mexico
2026-09-26,Taylorsville Utah Temple,1154,13,state,Utah
2026-09-26,Tegucigalpa Honduras Temple,201,7,country,Honduras
2026-09-26,The Hague Netherlands Temple,99,2,country,Netherlands
2026-09-26,Tijuana Mexico Temple,155,4,country,Mexico
2026-09-26,Tokyo Japan Temple,459,1,country,Japan
2026-09-26,Toronto Ontario Temple,197,2,country,Canada
2026-09-26,Tucson Arizona Temple,251,2,state,Arizona
2026-09-26,Urdaneta Philippines Temple,250,15,country,Philippines
2026-09-26,Veracruz Mexico Temple,190,1,country,Mexico
2026-09-26,Villahermosa Mexico Temple,168,16,country,Mexico
2026-09-26,Washington D.C. Temple,519,10,state,Maryland
2026-09-26,Willamette Valley Oregon Temple,85,2,state,Oregon
2026-09-26,Winnipeg Manitoba Temple,65,0,country,Canada
2026-09-26,Winter Quarters Nebraska Temple,165,3,state,Nebraska
2026-09-26,Yorba Linda California Temple,277,6,state,California
2026-09-28,Mount Timpanogos Utah Temple,396,0,state,Utah
2026-09-29,Aba Nigeria Temple,60,18,country,Nigeria
2026-09-29,Abidjan Ivory Coast Temple,9,0,country,Ivory Coast
2026-09-29,Alabang Philippines Temple,36,0,country,Philippines
2026-09-29,Albuquerque New Mexico Temple,152,0,state,New Mexico
2026-09-29,Anchorage Alaska Temple,75,0,state,Alaska
2026-09-29,Apia Samoa Temple,383,11,country,Samoa
2026-09-29,Atlanta Georgia Temple,162,1,state,Georgia
2026-09-29,Auckland New Zealand Temple,285,0,country,New Zealand
2026-09-29,Bacolod Philippines Temple,80,13,country,Philippines
2026-09-29,Barranquilla Colombia Temple,13,1,country,Colombia
2026-09-29,Baton Rouge Louisiana Temple,11,0,state,Louisiana
2026-09-29,Belém Brazil Temple,10,4,country,Brazil
2026-09-29,Bentonville Arkansas Temple,154,0,state,Arkansas
2026-09-29,Bern Switzerland Temple,123,2,country,Switzerland
2026-09-29,Billings Montana Temple,103,0,state,Montana
2026-09-29,Birmingham Alabama Temple,55,0,state,Alabama
2026-09-29,Bogotá Colombia Temple,36,0,country,Colombia
2026-09-29,Boise Idaho Temple,500,1,state,Idaho
2026-09-29,Boston Massachusetts Temple,165,2,state,Massachusetts
2026-09-29,Bountiful Utah Temple,1083,4,state,Utah
2026-09-29,Brigham City Utah Temple,515,1,state,Utah
2026-09-29,Brisbane Australia Temple,120,0,country,Australia
2026-09-29,Buenos Aires Argentina Temple,71,2,country,Argentina
2026-09-29,Burley Idaho Temple,359,3,state,Idaho
2026-09-29,Calgary Alberta Temple,269,3,country,Canada
2026-09-29,Campinas Brazil Temple,58,0,country,Brazil
2026-09-29,Caracas Venezuela Temple,0,0,country,Venezuela
2026-09-29,Cardston Alberta Temple,369,0,country,Canada
2026-09-29,Casper Wyoming Temple,99,0,state,Wyoming
2026-09-29,Cebu City Philippines Temple,79,1,country,Philippines
2026-09-29,Cedar City Utah Temple,408,0,state,Utah
2026-09-29,Cleveland Ohio Temple,51,0,state,Ohio
2026-09-29,Cochabamba Bolivia Temple,75,7,country,Bolivia
2026-09-29,Colonia Juárez Chihuahua Mexico Temple,29,0,country,Mexico
2026-09-29,Columbia River Washington Temple,253,0,state,Washington
2026-09-29,Columbia South Carolina Temple,112,1,state,South Carolina
2026-09-29,Concepción Chile Temple,20,0,country,Chile
2026-09-29,Copenhagen Denmark Temple,21,0,country,Denmark
2026-09-29,Curitiba Brazil Temple,80,1,country,Brazil
2026-09-29,Córdoba Argentina Temple,68,5,country,Argentina
2026-09-29,Dallas Texas Temple,364,3,state,Texas
2026-09-29,Davao Philippines Temple,90,8,country,Philippines
2026-09-29,Denver Colorado Temple,469,4,state,Colorado
2026-09-29,Deseret Peak Utah Temple,321,2,state,Utah
2026-09-29,Detroit Michigan Temple,31,0,state,Michigan
2026-09-29,Durban South Africa Temple,67,3,country,South Africa
2026-09-29,Edmonton Alberta Temple,142,1,country,Canada
2026-09-29,Feather River California Temple,91,1,state,California
2026-09-29,Fort Collins Colorado Temple,195,3,state,Colorado
2026-09-29,Fort Lauderdale Florida Temple,27,0,state,Florida
2026-09-29,Fortaleza Brazil Temple,136,0,country,Brazil
2026-09-29,Freiberg Germany Temple,72,1,country,Germany
2026-09-29,Fresno California Temple,165,0,state,California
2026-09-29,Gilbert Arizona Temple,640,6,state,Arizona
2026-09-29,Grand Junction Colorado Temple,73,1,state,Colorado
2026-09-29,Guadalajara Mexico Temple,4,0,country,Mexico
2026-09-29,Guatemala City Guatemala Temple,58,4,country,Guatemala
2026-09-29,Hamilton New Zealand Temple,262,0,country,New Zealand
2026-09-29,Harare Zimbabwe Temple,63,11,country,Zimbabwe
2026-09-29,Helena Montana Temple,74,0,state,Montana
2026-09-29,Hermosillo Sonora Mexico Temple,39,0,country,Mexico
2026-09-29,Hong Kong China Temple,118,0,country,Hong Kong
2026-09-29,Houston Texas Temple,314,2,state,Texas
2026-09-29,Idaho Falls Idaho Temple,778,2,state,Idaho
2026-09-29,Indianapolis Indiana Temple,77,1,state,Indiana
2026-09-29,Johannesburg South Africa Temple,110,6,country,South Africa
2026-09-29,Jordan River Utah Temple,2505,6,state,Utah
2026-09-29,Kansas City Missouri Temple,262,2,state,Missouri
2026-09-29,Laie Hawaii Temple,287,1,state,Hawaii
2026-09-29,Las Vegas Nevada Temple,294,4,state,Nevada
2026-09-29,Layton Utah Temple,1080,3,state,Utah
2026-09-29,Lima Peru Los Olivos Temple,153,5,country,Peru
2026-09-29,Lima Peru Temple,166,1,country,Peru
2026-09-29,Lindon Utah Temple,887,2,state,Utah
2026-09-29,Logan Utah Temple,1221,4,state,Utah
2026-09-29,London England Temple,142,6,country,United Kingdom
2026-09-29,Madrid Spain Temple,76,0,country,Spain
2026-09-29,Manila Philippines Temple,140,4,country,Philippines
2026-09-29,Manti Utah Temple,340,2,state,Utah
2026-09-29,Medford Oregon Temple,80,1,state,Oregon
2026-09-29,Meridian Idaho Temple,454,1,state,Idaho
2026-09-29,Mesa Arizona Temple,634,5,state,Arizona
2026-09-29,Mexico City Mexico Temple,87,2,country,Mexico
2026-09-29,Monterrey Mexico Temple,72,1,country,Mexico
2026-09-29,Monticello Utah Temple,69,0,state,Utah
2026-09-29,Moses Lake Washington Temple,116,2,state,Washington
2026-09-29,Mount Timpanogos Utah Temple,1528,9,state,Utah
2026-09-29,Nairobi Kenya Temple,11,3,country,Kenya
2026-09-29,Nashville Tennessee Temple,34,0,state,Tennessee
2026-09-29,Nauvoo Illinois Temple,174,0,state,Illinois
2026-09-29,Newport Beach California Temple,206,1,state,California
2026-09-29,Nuku'alofa Tonga Temple,81,3,country,Tonga
2026-09-29,Oakland California Temple,86,0,state,California
2026-09-29,Oklahoma City Oklahoma Temple,85,0,state,Oklahoma
2026-09-29,Orem Utah Temple,992,3,state,Utah
2026-09-29,Palmyra New York Temple,171,1,state,New York
2026-09-29,Papeete Tahiti Temple,215,0,country,French Polynesia
2026-09-29,Paris France Temple,91,0,country,France
2026-09-29,Payson Utah Temple,1487,8,state,Utah
2026-09-29,Phnom Penh Cambodia Temple,31,3,country,Cambodia
2026-09-29,Pocatello Idaho Temple,532,2,state,Idaho
2026-09-29,Portland Oregon Temple,248,1,state,Oregon
2026-09-29,Porto Alegre Brazil Temple,66,1,country,Brazil
2026-09-29,Provo City Center Temple,1242,2,state,Utah
2026-09-29,Puebla Mexico Temple,107,1,country,Mexico
2026-09-29,Quetzaltenango Guatemala Temple,14,0,country,Guatemala
2026-09-29,Quito Ecuador Temple,60,2,country,Ecuador
2026-09-29,Raleigh North Carolina Temple,182,1,state,North Carolina
2026-09-29,Red Cliffs Utah Temple,895,2,state,Utah
2026-09-29,Redlands California Temple,210,0,state,California
2026-09-29,Reno Nevada Temple,102,0,state,Nevada
2026-09-29,Rexburg Idaho Temple,1050,2,state,Idaho
2026-09-29,Richmond Virginia Temple,51,1,state,Virginia
2026-09-29,Rio de Janeiro Brazil Temple,42,1,country,Brazil
2026-09-29,Sacramento California Temple,229,1,state,California
2026-09-29,San Antonio Texas Temple,238,2,state,Texas
2026-09-29,San Diego California Temple,321,3,state,California
2026-09-29,San Pedro Sula Honduras Temple,0,0,country,Honduras
2026-09-29,San Salvador El Salvador Temple,6,0,country,El Salvador
2026-09-29,Santiago Chile Temple,193,1,country,Chile
2026-09-29,Saratoga Springs Utah Temple,712,3,state,Utah
2026-09-29,Seattle Washington Temple,156,0,state,Washington
2026-09-29,Seoul Korea Temple,95,1,country,South Korea
2026-09-29,Spokane Washington Temple,291,2,state,Washington
2026-09-29,St. George Utah Temple,740,3,state,Utah
2026-09-29,Sydney Australia Temple,62,0,country,Australia
2026-09-29,Syracuse Utah Temple,626,3,state,Utah
2026-09-29,São Paulo Brazil Temple,197,1,country,Brazil
2026-09-29,Taipei Taiwan Temple,44,0,country,Taiwan
2026-09-29,Tallahassee Florida Temple,87,0,state,Florida
2026-09-29,Tampico Mexico Temple,12,0,country,Mexico
2026-09-29,Taylorsville Utah Temple,1174,5,state,Utah
2026-09-29,Tegucigalpa Honduras Temple,14,5,country,Honduras
2026-09-29,The Gila Valley Arizona Temple,145,0,state,Arizona
2026-09-29,Tijuana Mexico Temple,60,1,country,Mexico
2026-09-29,Tokyo Japan Temple,46,0,country,Japan
2026-09-29,Tucson Arizona Temple,118,0,state,Arizona
2026-09-29,Urdaneta Philippines Temple,187,7,country,Philippines
2026-09-29,Vancouver British Columbia Temple,161,0,country,Canada
2026-09-29,Vernal Utah Temple,469,1,state,Utah
2026-09-29,Washington D.C. Temple,66,1,state,Maryland
2026-09-29,Winter Quarters Nebraska Temple,46,0,state,Nebraska
2026-09-29,Yorba Linda California Temple,130,0,state,California
2026-09-30,Aba Nigeria Temple,50,15,country,Nigeria
2026-09-30,Abidjan Ivory Coast Temple,85,1,country,Ivory Coast
2026-09-30,Adelaide Australia Temple,18,0,country,Australia
2026-09-30,Alabang Philippines Temple,60,2,country,Philippines
2026-09-30,Albuquerque New Mexico Temple,126,0,state,New Mexico
2026-09-30,Anchorage Alaska Temple,74,0,state,Alaska
2026-09-30,Antofagasta Chile Temple,48,0,country,Chile
2026-09-30,Apia Samoa Temple,375,12,country,Samoa
2026-09-30,Asunción Paraguay Temple,3,0,country,Paraguay
2026-09-30,Atlanta Georgia Temple,119,1,state,Georgia
2026-09-30,Auckland New Zealand Temple,233,1,country,New Zealand
2026-09-30,Bacolod Philippines Temple,70,5,country,Philippines
2026-09-30,Baton Rouge Louisiana Temple,74,0,state,Louisiana
2026-09-30,Belo Horizonte Brazil Temple,80,0,country,Brazil
2026-09-30,Belém Brazil Temple,9,2,country,Brazil
2026-09-30,Bentonville Arkansas Temple,246,2,state,Arkansas
2026-09-30,Bern Switzerland Temple,84,0,country,Switzerland
2026-09-30,Billings Montana Temple,64,0,state,Montana
2026-09-30,Birmingham Alabama Temple,107,0,state,Alabama
2026-09-30,Bogotá Colombia Temple,90,3,country,Colombia
2026-09-30,Boise Idaho Temple,348,0,state,Idaho
2026-09-30,Boston Massachusetts Temple,189,1,state,Massachusetts
2026-09-30,Bountiful Utah Temple,726,5,state,Utah
2026-09-30,Brasília Brazil Temple,18,0,country,Brazil
2026-09-30,Brigham City Utah Temple,530,0,state,Utah
2026-09-30,Brisbane Australia Temple,224,0,country,Australia
2026-09-30,Buenos Aires Argentina Temple,95,0,country,Argentina
2026-09-30,Burley Idaho Temple,347,0,state,Idaho
2026-09-30,Calgary Alberta Temple,270,2,country,Canada
2026-09-30,Campinas Brazil Temple,20,1,country,Brazil
2026-09-30,Caracas Venezuela Temple,5,1,country,Venezuela
2026-09-30,Cardston Alberta Temple,441,3,country,Canada
2026-09-30,Cebu City Philippines Temple,93,2,country,Philippines
2026-09-30,Cedar City Utah Temple,457,1,state,Utah
2026-09-30,Chicago Illinois Temple,106,1,state,Illinois
2026-09-30,Ciudad Juárez Mexico Temple,33,0,country,Mexico
2026-09-30,Cleveland Ohio Temple,42,0,state,Ohio
2026-09-30,Cobán Guatemala Temple,32,3,country,Guatemala
2026-09-30,Cochabamba Bolivia Temple,38,2,country,Bolivia
2026-09-30,Colonia Juárez Chihuahua Mexico Temple,13,0,country,Mexico
2026-09-30,Columbia River Washington Temple,217,0,state,Washington
2026-09-30,Columbia South Carolina Temple,212,2,state,South Carolina
2026-09-30,Concepción Chile Temple,38,0,country,Chile
2026-09-30,Copenhagen Denmark Temple,81,1,country,Denmark
2026-09-30,Curitiba Brazil Temple,101,0,country,Brazil
2026-09-30,Córdoba Argentina Temple,66,1,country,Argentina
2026-09-30,Dallas Texas Temple,305,0,state,Texas
2026-09-30,Davao Philippines Temple,90,5,country,Philippines
2026-09-30,Denver Colorado Temple,417,0,state,Colorado
2026-09-30,Deseret Peak Utah Temple,229,2,state,Utah
2026-09-30,Detroit Michigan Temple,11,0,state,Michigan
2026-09-30,Durban South Africa Temple,37,0,country,South Africa
2026-09-30,Edmonton Alberta Temple,136,1,country,Canada
2026-09-30,Elko Nevada Temple,40,0,state,Nevada
2026-09-30,Feather River California Temple,45,0,state,California
2026-09-30,Fort Collins Colorado Temple,105,1,state,Colorado
2026-09-30,Fort Lauderdale Florida Temple,13,0,state,Florida
2026-09-30,Fortaleza Brazil Temple,127,7,country,Brazil
2026-09-30,Freiberg Germany Temple,30,0,country,Germany
2026-09-30,Fresno California Temple,129,0,state,California
2026-09-30,Gilbert Arizona Temple,538,3,state,Arizona
2026-09-30,Grand Junction Colorado Temple,106,2,state,Colorado
2026-09-30,Guadalajara Mexico Temple,0,0,country,Mexico
2026-09-30,Guatemala City Guatemala Temple,72,0,country,Guatemala
2026-09-30,Hamilton New Zealand Temple,224,4,country,New Zealand
2026-09-30,Harare Zimbabwe Temple,50,14,country,Zimbabwe
2026-09-30,Hartford Connecticut Temple,42,3,state,Connecticut
2026-09-30,Helena Montana Temple,62,1,state,Montana
2026-09-30,Hong Kong China Temple,44,0,country,Hong Kong
2026-09-30,Houston Texas Temple,294,1,state,Texas
2026-09-30,Idaho Falls Idaho Temple,703,2,state,Idaho
2026-09-30,Indianapolis Indiana Temple,125,2,state,Indiana
2026-09-30,Johannesburg South Africa Temple,91,4,country,South Africa
2026-09-30,Jordan River Utah Temple,2224,5,state,Utah
2026-09-30,Kansas City Missouri Temple,226,1,state,Missouri
2026-09-30,Kyiv Ukraine Temple,0,0,country,Ukraine
2026-09-30,Laie Hawaii Temple,285,2,state,Hawaii
2026-09-30,Las Vegas Nevada Temple,238,1,state,Nevada
2026-09-30,Layton Utah Temple,891,3,state,Utah
2026-09-30,Lima Peru Los Olivos Temple,62,2,country,Peru
2026-09-30,Lima Peru Temple,77,1,country,Peru
2026-09-30,Lindon Utah Temple,836,2,state,Utah
2026-09-30,Logan Utah Temple,1209,6,state,Utah
2026-09-30,London England Temple,148,3,country,United Kingdom
2026-09-30,Los Angeles California Temple,42,0,state,California
2026-09-30,Madrid Spain Temple,41,0,country,Spain
2026-09-30,Manila Philippines Temple,136,6,country,Philippines
2026-09-30,Manti Utah Temple,232,0,state,Utah
2026-09-30,Medford Oregon Temple,78,2,state,Oregon
2026-09-30,Mendoza Argentina Temple,49,2,country,Argentina
2026-09-30,Meridian Idaho Temple,411,1,state,Idaho
2026-09-30,Mesa Arizona Temple,435,3,state,Arizona
2026-09-30,Mexico City Mexico Temple,109,4,country,Mexico
2026-09-30,Monterrey Mexico Temple,29,0,country,Mexico
2026-09-30,Montevideo Uruguay Temple,51,1,country,Uruguay
2026-09-30,Monticello Utah Temple,83,0,state,Utah
2026-09-30,Montreal Quebec Temple,38,2,country,Canada
2026-09-30,Moses Lake Washington Temple,93,1,state,Washington
2026-09-30,Mount Timpanogos Utah Temple,1303,2,state,Utah
2026-09-30,Mérida Mexico Temple,44,2,country,Mexico
2026-09-30,Nairobi Kenya Temple,8,1,country,Kenya
2026-09-30,Nashville Tennessee Temple,144,2,state,Tennessee
2026-09-30,Nauvoo Illinois Temple,202,1,state,Illinois
2026-09-30,Newport Beach California Temple,154,1,state,California
2026-09-30,Nuku'alofa Tonga Temple,110,6,country,Tonga
2026-09-30,Oakland California Temple,174,0,state,California
2026-09-30,Oaxaca Mexico Temple,6,2,country,Mexico
2026-09-30,Oklahoma City Oklahoma Temple,118,0,state,Oklahoma
2026-09-30,Orem Utah Temple,847,2,state,Utah
2026-09-30,Palmyra New York Temple,37,1,state,New York
2026-09-30,Panama City Panama Temple,34,2,country,Panama
2026-09-30,Papeete Tahiti Temple,180,1,country,French Polynesia
2026-09-30,Paris France Temple,81,0,country,France
2026-09-30,Payson Utah Temple,1351,7,state,Utah
2026-09-30,Perth Australia Temple,128,1,country,Australia
2026-09-30,Phnom Penh Cambodia Temple,19,2,country,Cambodia
2026-09-30,Pocatello Idaho Temple,375,0,state,Idaho
2026-09-30,Portland Oregon Temple,221,0,state,Oregon
2026-09-30,Porto Alegre Brazil Temple,88,3,country,Brazil
2026-09-30,Praia Cape Verde Temple,4,1,country,Cape Verde
2026-09-30,Preston England Temple,250,2,country,United Kingdom
2026-09-30,Provo City Center Temple,1128,3,state,Utah
2026-09-30,Puebla Mexico Temple,111,4,country,Mexico
2026-09-30,Quetzaltenango Guatemala Temple,10,0,country,Guatemala
2026-09-30,Quito Ecuador Temple,45,1,country,Ecuador
2026-09-30,Raleigh North Carolina Temple,142,0,state,North Carolina
2026-09-30,Red Cliffs Utah Temple,700,3,state,Utah
2026-09-30,Redlands California Temple,180,0,state,California
2026-09-30,Reno Nevada Temple,83,1,state,Nevada
2026-09-30,Rexburg Idaho Temple,882,4,state,Idaho
2026-09-30,Richmond Virginia Temple,207,1,state,Virginia
2026-09-30,Rio de Janeiro Brazil Temple,41,0,country,Brazil
2026-09-30,Sacramento California Temple,139,1,state,California
2026-09-30,Salta Argentina Temple,4,0,country,Argentina
2026-09-30,San Antonio Texas Temple,189,1,state,Texas
2026-09-30,San Diego California Temple,369,2,state,California
2026-09-30,San Juan Puerto Rico Temple,35,0,country,Puerto Rico
2026-09-30,San Pedro Sula Honduras Temple,3,1,country,Honduras
2026-09-30,San Salvador El Salvador Temple,30,0,country,El Salvador
2026-09-30,Santiago Chile Temple,230,0,country,Chile
2026-09-30,Sapporo Japan Temple,33,0,country,Japan
2026-09-30,Saratoga Springs Utah Temple,697,9,state,Utah
2026-09-30,Seattle Washington Temple,117,1,state,Washington
2026-09-30,Seoul Korea Temple,96,1,country,South Korea
2026-09-30,Spokane Washington Temple,265,0,state,Washington
2026-09-30,St. George Utah Temple,736,2,state,Utah
2026-09-30,Sydney Australia Temple,119,3,country,Australia
2026-09-30,Syracuse Utah Temple,524,1,state,Utah
2026-09-30,São Paulo Brazil Temple,186,5,country,Brazil
2026-09-30,Taipei Taiwan Temple,47,1,country,Taiwan
2026-09-30,Tallahassee Florida Temple,35,1,state,Florida
2026-09-30,Tampico Mexico Temple,19,1,country,Mexico
2026-09-30,Taylorsville Utah Temple,1149,4,state,Utah
2026-09-30,Tegucigalpa Honduras Temple,17,0,country,Honduras
2026-09-30,The Gila Valley Arizona Temple,194,1,state,Arizona
2026-09-30,The Hague Netherlands Temple,7,0,country,Netherlands
2026-09-30,Tijuana Mexico Temple,19,0,country,Mexico
2026-09-30,Tokyo Japan Temple,49,0,country,Japan
2026-09-30,Toronto Ontario Temple,81,1,country,Canada
2026-09-30,Tucson Arizona Temple,129,0,state,Arizona
2026-09-30,Tuxtla Gutiérrez Mexico Temple,3,1,country,Mexico
2026-09-30,Urdaneta Philippines Temple,181,7,country,Philippines
2026-09-30,Vancouver British Columbia Temple,171,2,country,Canada
2026-09-30,Veracruz Mexico Temple,19,1,country,Mexico
2026-09-30,Vernal Utah Temple,333,0,state,Utah
2026-09-30,Villahermosa Mexico Temple,49,3,country,Mexico
2026-09-30,Washington D.C. Temple,62,0,state,Maryland
2026-09-30,Willamette Valley Oregon Temple,168,1,state,Oregon
2026-09-30,Winter Quarters Nebraska Temple,98,0,state,Nebraska
2026-09-30,Yorba Linda California Temple,232,1,state,California
2026-10-01,Abidjan Ivory Coast Temple,20,2,country,Ivory Coast
2026-10-01,Adelaide Australia Temple,27,0,country,Australia
2026-10-01,Alabang Philippines Temple,109,2,country,Philippines
2026-10-01,Albuquerque New Mexico Temple,228,2,state,New Mexico
2026-10-01,Anchorage Alaska Temple,64,0,state,Alaska
2026-10-01,Antofagasta Chile Temple,92,0,country,Chile
2026-10-01,Apia Samoa Temple,384,12,country,Samoa
2026-10-01,Asunción Paraguay Temple,54,0,country,Paraguay
2026-10-01,Atlanta Georgia Temple,207,3,state,Georgia
2026-10-01,Auckland New Zealand Temple,289,1,country,New Zealand
2026-10-01,Bacolod Philippines Temple,150,1,country,Philippines
2026-10-01,Bahía Blanca Argentina Temple,34,0,country,Argentina
2026-10-01,Barranquilla Colombia Temple,13,0,country,Colombia
2026-10-01,Baton Rouge Louisiana Temple,24,1,state,Louisiana
2026-10-01,Belo Horizonte Brazil Temple,80,0,country,Brazil
2026-10-01,Belém Brazil Temple,37,0,country,Brazil
2026-10-01,Bentonville Arkansas Temple,280,2,state,Arkansas
2026-10-01,Bern Switzerland Temple,64,0,country,Switzerland
2026-10-01,Billings Montana Temple,69,0,state,Montana
2026-10-01,Birmingham Alabama Temple,25,0,state,Alabama
2026-10-01,Bogotá Colombia Temple,60,1,country,Colombia
2026-10-01,Boise Idaho Temple,431,3,state,Idaho
2026-10-01,Bountiful Utah Temple,735,1,state,Utah
2026-10-01,Brasília Brazil Temple,45,0,country,Brazil
2026-10-01,Brigham City Utah Temple,459,2,state,Utah
2026-10-01,Brisbane Australia Temple,250,0,country,Australia
2026-10-01,Buenos Aires Argentina Temple,76,2,country,Argentina
2026-10-01,Calgary Alberta Temple,226,0,country,Canada
2026-10-01,Campinas Brazil Temple,36,0,country,Brazil
2026-10-01,Caracas Venezuela Temple,19,0,country,Venezuela
2026-10-01,Cardston Alberta Temple,304,1,country,Canada
2026-10-01,Casper Wyoming Temple,121,0,state,Wyoming
2026-10-01,Cebu City Philippines Temple,31,0,country,Philippines
2026-10-01,Cedar City Utah Temple,346,0,state,Utah
2026-10-01,Chicago Illinois Temple,62,0,state,Illinois
2026-10-01,Ciudad Juárez Mexico Temple,8,0,country,Mexico
2026-10-01,Cleveland Ohio Temple,62,0,state,Ohio
2026-10-01,Cochabamba Bolivia Temple,38,2,country,Bolivia
2026-10-01,Columbia River Washington Temple,197,1,state,Washington
2026-10-01,Columbia South Carolina Temple,202,3,state,South Carolina
2026-10-01,Concepción Chile Temple,43,0,country,Chile
2026-10-01,Copenhagen Denmark Temple,55,0,country,Denmark
2026-10-01,Curitiba Brazil Temple,146,2,country,Brazil
2026-10-01,Córdoba Argentina Temple,26,0,country,Argentina
2026-10-01,Dallas Texas Temple,274,1,state,Texas
2026-10-01,Davao Philippines Temple,90,5,country,Philippines
2026-10-01,Denver Colorado Temple,487,0,state,Colorado
2026-10-01,Deseret Peak Utah Temple,250,0,state,Utah
2026-10-01,Detroit Michigan Temple,103,0,state,Michigan
2026-10-01,Durban South Africa Temple,13,0,country,South Africa
2026-10-01,Edmonton Alberta Temple,128,0,country,Canada
2026-10-01,Elko Nevada Temple,81,0,state,Nevada
2026-10-01,Feather River California Temple,85,0,state,California
2026-10-01,Fort Collins Colorado Temple,116,1,state,Colorado
2026-10-01,Fort Lauderdale Florida Temple,11,0,state,Florida
2026-10-01,Fortaleza Brazil Temple,113,0,country,Brazil
2026-10-01,Freiberg Germany Temple,62,0,country,Germany
2026-10-01,Fresno California Temple,109,1,state,California
2026-10-01,Gilbert Arizona Temple,646,3,state,Arizona
2026-10-01,Grand Junction Colorado Temple,155,2,state,Colorado
2026-10-01,Guadalajara Mexico Temple,0,0,country,Mexico
2026-10-01,Guatemala City Guatemala Temple,26,4,country,Guatemala
2026-10-01,Halifax Nova Scotia Temple,28,0,country,Canada
2026-10-01,Hamilton New Zealand Temple,190,2,country,New Zealand
2026-10-01,Harare Zimbabwe Temple,17,4,country,Zimbabwe
2026-10-01,Helena Montana Temple,61,0,state,Montana
2026-10-01,Hermosillo Sonora Mexico Temple,2,0,country,Mexico
2026-10-01,Houston Texas Temple,248,1,state,Texas
2026-10-01,Idaho Falls Idaho Temple,822,2,state,Idaho
2026-10-01,Indianapolis Indiana Temple,38,0,state,Indiana
2026-10-01,Johannesburg South Africa Temple,70,1,country,South Africa
2026-10-01,Jordan River Utah Temple,2279,11,state,Utah
2026-10-01,Kansas City Missouri Temple,228,1,state,Missouri
2026-10-01,Laie Hawaii Temple,158,1,state,Hawaii
2026-10-01,Las Vegas Nevada Temple,234,1,state,Nevada
2026-10-01,Layton Utah Temple,915,4,state,Utah
2026-10-01,Lima Peru Los Olivos Temple,57,5,country,Peru
2026-10-01,Lima Peru Temple,82,2,country,Peru
2026-10-01,Lindon Utah Temple,867,3,state,Utah
2026-10-01,Logan Utah Temple,1119,1,state,Utah
2026-10-01,London England Temple,115,0,country,United Kingdom
2026-10-01,Los Angeles California Temple,155,1,state,California
2026-10-01,Madrid Spain Temple,35,0,country,Spain
2026-10-01,Manila Philippines Temple,59,3,country,Philippines
2026-10-01,Manti Utah Temple,319,4,state,Utah
2026-10-01,Medford Oregon Temple,112,0,state,Oregon
2026-10-01,Memphis Tennessee Temple,123,0,state,Tennessee
2026-10-01,Mendoza Argentina Temple,31,1,country,Argentina
2026-10-01,Meridian Idaho Temple,375,1,state,Idaho
2026-10-01,Mesa Arizona Temple,555,4,state,Arizona
2026-10-01,Mexico City Mexico Temple,117,3,country,Mexico
2026-10-01,Monterrey Mexico Temple,14,0,country,Mexico
2026-10-01,Montevideo Uruguay Temple,36,0,country,Uruguay
2026-10-01,Monticello Utah Temple,62,0,state,Utah
2026-10-01,Montreal Quebec Temple,108,0,country,Canada
2026-10-01,Moses Lake Washington Temple,93,0,state,Washington
2026-10-01,Mount Timpanogos Utah Temple,1395,4,state,Utah
2026-10-01,Mérida Mexico Temple,3,0,country,Mexico
2026-10-01,Nairobi Kenya Temple,34,0,country,Kenya
2026-10-01,Nashville Tennessee Temple,62,0,state,Tennessee
2026-10-01,Nauvoo Illinois Temple,179,0,state,Illinois
2026-10-01,Newport Beach California Temple,209,1,state,California
2026-10-01,Nuku'alofa Tonga Temple,44,2,country,Tonga
2026-10-01,Oakland California Temple,279,0,state,California
2026-10-01,Oaxaca Mexico Temple,2,0,country,Mexico
2026-10-01,Oklahoma City Oklahoma Temple,124,2,state,Oklahoma
2026-10-01,Orem Utah Temple,884,3,state,Utah
2026-10-01,Palmyra New York Temple,115,0,state,New York
2026-10-01,Panama City Panama Temple,1,0,country,Panama
2026-10-01,Papeete Tahiti Temple,209,2,country,French Polynesia
2026-10-01,Paris France Temple,96,0,country,France
2026-10-01,Payson Utah Temple,1108,1,state,Utah
2026-10-01,Perth Australia Temple,66,0,country,Australia
2026-10-01,Phnom Penh Cambodia Temple,16,1,country,Cambodia
2026-10-01,Pittsburgh Pennsylvania Temple,106,1,state,Pennsylvania
2026-10-01,Pocatello Idaho Temple,369,0,state,Idaho
2026-10-01,Portland Oregon Temple,190,1,state,Oregon
2026-10-01,Porto Alegre Brazil Temple,56,1,country,Brazil
2026-10-01,Praia Cape Verde Temple,0,0,country,Cape Verde
2026-10-01,Preston England Temple,226,1,country,United Kingdom
2026-10-01,Provo City Center Temple,1202,8,state,Utah
2026-10-01,Puebla Mexico Temple,106,1,country,Mexico
2026-10-01,Quetzaltenango Guatemala Temple,13,2,country,Guatemala
2026-10-01,Quito Ecuador Temple,75,2,country,Ecuador
2026-10-01,Raleigh North Carolina Temple,97,0,state,North Carolina
2026-10-01,Red Cliffs Utah Temple,700,5,state,Utah
2026-10-01,Redlands California Temple,183,0,state,California
2026-10-01,Reno Nevada Temple,95,0,state,Nevada
2026-10-01,Rexburg Idaho Temple,967,1,state,Idaho
2026-10-01,Richmond Virginia Temple,103,0,state,Virginia
2026-10-01,Rio de Janeiro Brazil Temple,84,2,country,Brazil
2026-10-01,Sacramento California Temple,155,0,state,California
2026-10-01,Salta Argentina Temple,9,0,country,Argentina
2026-10-01,San Antonio Texas Temple,188,0,state,Texas
2026-10-01,San Diego California Temple,296,1,state,California
2026-10-01,San Juan Puerto Rico Temple,26,0,country,Puerto Rico
2026-10-01,San Pedro Sula Honduras Temple,30,2,country,Honduras
2026-10-01,San Salvador El Salvador Temple,12,0,country,El Salvador
2026-10-01,Santiago Chile Temple,216,2,country,Chile
2026-10-01,Sapporo Japan Temple,140,0,country,Japan
2026-10-01,Saratoga Springs Utah Temple,615,3,state,Utah
2026-10-01,Seattle Washington Temple,92,1,state,Washington
2026-10-01,Seoul Korea Temple,89,0,country,South Korea
2026-10-01,Spokane Washington Temple,337,1,state,Washington
2026-10-01,St. George Utah Temple,736,0,state,Utah
2026-10-01,Sydney Australia Temple,75,0,country,Australia
2026-10-01,Syracuse Utah Temple,539,2,state,Utah
2026-10-01,São Paulo Brazil Temple,252,2,country,Brazil
2026-10-01,Taipei Taiwan Temple,39,1,country,Taiwan
2026-10-01,Tallahassee Florida Temple,147,0,state,Florida
2026-10-01,Tampico Mexico Temple,2,0,country,Mexico
2026-10-01,Taylorsville Utah Temple,1131,1,state,Utah
2026-10-01,Tegucigalpa Honduras Temple,29,2,country,Honduras
2026-10-01,The Gila Valley Arizona Temple,155,1,state,Arizona
2026-10-01,The Hague Netherlands Temple,1,0,country,Netherlands
2026-10-01,Tijuana Mexico Temple,18,0,country,Mexico
2026-10-01,Tokyo Japan Temple,137,0,country,Japan
2026-10-01,Toronto Ontario Temple,115,2,country,Canada
2026-10-01,Tucson Arizona Temple,137,0,state,Arizona
2026-10-01,Tuxtla Gutiérrez Mexico Temple,0,0,country,Mexico
2026-10-01,Urdaneta Philippines Temple,146,0,country,Philippines
2026-10-01,Vancouver British Columbia Temple,27,0,country,Canada
2026-10-01,Veracruz Mexico Temple,24,1,country,Mexico
2026-10-01,Vernal Utah Temple,322,3,state,Utah
2026-10-01,Villahermosa Mexico Temple,2,0,country,Mexico
2026-10-01,Washington D.C. Temple,358,0,state,Maryland
2026-10-01,Willamette Valley Oregon Temple,105,0,state,Oregon
2026-10-01,Winnipeg Manitoba Temple,37,0,country,Canada
2026-10-01,Winter Quarters Nebraska Temple,29,0,state,Nebraska
2026-10-01,Yorba Linda California Temple,149,1,state,California
2026-10-02,Aba Nigeria Temple,57,11,country,Nigeria
2026-10-02,Abidjan Ivory Coast Temple,90,0,country,Ivory Coast
2026-10-02,Adelaide Australia Temple,39,0,country,Australia
2026-10-02,Alabang Philippines Temple,121,6,country,Philippines
2026-10-02,Albuquerque New Mexico Temple,273,1,state,New Mexico
2026-10-02,Anchorage Alaska Temple,112,2,state,Alaska
2026-10-02,Antofagasta Chile Temple,47,0,country,Chile
2026-10-02,Apia Samoa Temple,382,9,country,Samoa
2026-10-02,Asunción Paraguay Temple,35,2,country,Paraguay
2026-10-02,Atlanta Georgia Temple,181,1,state,Georgia
2026-10-02,Auckland New Zealand Temple,382,6,country,New Zealand
2026-10-02,Bacolod Philippines Temple,146,1,country,Philippines
2026-10-02,Bahía Blanca Argentina Temple,74,0,country,Argentina
2026-10-02,Barranquilla Colombia Temple,38,1,country,Colombia
2026-10-02,Baton Rouge Louisiana Temple,52,0,state,Louisiana
2026-10-02,Belo Horizonte Brazil Temple,160,0,country,Brazil
2026-10-02,Belém Brazil Temple,32,0,country,Brazil
2026-10-02,Bentonville Arkansas Temple,294,0,state,Arkansas
2026-10-02,Bern Switzerland Temple,136,1,country,Switzerland
2026-10-02,Billings Montana Temple,93,0,state,Montana
2026-10-02,Birmingham Alabama Temple,63,0,state,Alabama
2026-10-02,Bogotá Colombia Temple,94,0,country,Colombia
2026-10-02,Boise Idaho Temple,452,0,state,Idaho
2026-10-02,Boston Massachusetts Temple,154,5,state,Massachusetts
2026-10-02,Bountiful Utah Temple,994,7,state,Utah
2026-10-02,Brasília Brazil Temple,76,1,country,Brazil
2026-10-02,Brigham City Utah Temple,512,6,state,Utah
2026-10-02,Brisbane Australia Temple,252,2,country,Australia
2026-10-02,Buenos Aires Argentina Temple,87,4,country,Argentina
2026-10-02,Burley Idaho Temple,442,6,state,Idaho
2026-10-02,Calgary Alberta Temple,221,2,country,Canada
2026-10-02,Campinas Brazil Temple,79,5,country,Brazil
2026-10-02,Caracas Venezuela Temple,15,3,country,Venezuela
2026-10-02,Cardston Alberta Temple,286,2,country,Canada
2026-10-02,Casper Wyoming Temple,66,1,state,Wyoming
2026-10-02,Cebu City Philippines Temple,44,0,country,Philippines
2026-10-02,Cedar City Utah Temple,485,7,state,Utah
2026-10-02,Chicago Illinois Temple,110,0,state,Illinois
2026-10-02,Ciudad Juárez Mexico Temple,103,1,country,Mexico
2026-10-02,Cleveland Ohio Temple,124,0,state,Ohio
2026-10-02,Cobán Guatemala Temple,11,1,country,Guatemala
2026-10-02,Cochabamba Bolivia Temple,85,3,country,Bolivia
2026-10-02,Colonia Juárez Chihuahua Mexico Temple,35,2,country,Mexico
2026-10-02,Columbia River Washington Temple,256,1,state,Washington
2026-10-02,Columbia South Carolina Temple,117,0,state,South Carolina
2026-10-02,Concepción Chile Temple,88,3,country,Chile
2026-10-02,Copenhagen Denmark Temple,64,1,country,Denmark
2026-10-02,Curitiba Brazil Temple,144,7,country,Brazil
2026-10-02,Córdoba Argentina Temple,17,0,country,Argentina
2026-10-02,Dallas Texas Temple,461,4,state,Texas
2026-10-02,Davao Philippines Temple,150,8,country,Philippines
2026-10-02,Denver Colorado Temple,461,4,state,Colorado
2026-10-02,Deseret Peak Utah Temple,359,4,state,Utah
2026-10-02,Detroit Michigan Temple,181,1,state,Michigan
2026-10-02,Durban South Africa Temple,16,0,country,South Africa
2026-10-02,Edmonton Alberta Temple,166,2,country,Canada
2026-10-02,Elko Nevada Temple,72,1,state,Nevada
2026-10-02,Feather River California Temple,60,1,state,California
2026-10-02,Fort Collins Colorado Temple,187,2,state,Colorado
2026-10-02,Fort Lauderdale Florida Temple,92,0,state,Florida
2026-10-02,Fortaleza Brazil Temple,150,4,country,Brazil
2026-10-02,Freiberg Germany Temple,96,2,country,Germany
2026-10-02,Fresno California Temple,193,1,state,California
2026-10-02,Gilbert Arizona Temple,847,11,state,Arizona
2026-10-02,Grand Junction Colorado Temple,102,1,state,Colorado
2026-10-02,Guadalajara Mexico Temple,0,0,country,Mexico
2026-10-02,Guatemala City Guatemala Temple,66,5,country,Guatemala
2026-10-02,Halifax Nova Scotia Temple,8,0,country,Canada
2026-10-02,Hamilton New Zealand Temple,210,0,country,New Zealand
2026-10-02,Harare Zimbabwe Temple,10,1,country,Zimbabwe
2026-10-02,Hartford Connecticut Temple,148,2,state,Connecticut
2026-10-02,Helena Montana Temple,99,1,state,Montana
2026-10-02,Hermosillo Sonora Mexico Temple,38,1,country,Mexico
2026-10-02,Hong Kong China Temple,95,0,country,Hong Kong
2026-10-02,Houston Texas Temple,330,3,state,Texas
2026-10-02,Idaho Falls Idaho Temple,867,9,state,Idaho
2026-10-02,Indianapolis Indiana Temple,157,3,state,Indiana
2026-10-02,Johannesburg South Africa Temple,100,0,country,South Africa
2026-10-02,Jordan River Utah Temple,3157,13,state,Utah
2026-10-02,Kansas City Missouri Temple,343,2,state,Missouri
2026-10-02,Kyiv Ukraine Temple,0,0,country,Ukraine
2026-10-02,Laie Hawaii Temple,301,2,state,Hawaii
2026-10-02,Las Vegas Nevada Temple,407,4,state,Nevada
2026-10-02,Layton Utah Temple,1120,8,state,Utah
2026-10-02,Lima Peru Los Olivos Temple,143,6,country,Peru
2026-10-02,Lima Peru Temple,155,11,country,Peru
2026-10-02,Lindon Utah Temple,951,3,state,Utah
2026-10-02,Logan Utah Temple,1341,15,state,Utah
2026-10-02,London England Temple,130,1,country,United Kingdom
2026-10-02,Los Angeles California Temple,212,3,state,California
2026-10-02,Madrid Spain Temple,88,2,country,Spain
2026-10-02,Manila Philippines Temple,64,4,country,Philippines
2026-10-02,Manti Utah Temple,435,8,state,Utah
2026-10-02,Medford Oregon Temple,82,0,state,Oregon
2026-10-02,Memphis Tennessee Temple,56,4,state,Tennessee
2026-10-02,Mendoza Argentina Temple,75,1,country,Argentina
2026-10-02,Meridian Idaho Temple,508,5,state,Idaho
2026-10-02,Mesa Arizona Temple,544,8,state,Arizona
2026-10-02,Mexico City Mexico Temple,237,3,country,Mexico
2026-10-02,Monterrey Mexico Temple,65,2,country,Mexico
2026-10-02,Montevideo Uruguay Temple,43,0,country,Uruguay
2026-10-02,Monticello Utah Temple,69,1,state,Utah
2026-10-02,Montreal Quebec Temple,114,1,country,Canada
2026-10-02,Moses Lake Washington Temple,114,0,state,Washington
2026-10-02,Mount Timpanogos Utah Temple,1686,14,state,Utah
2026-10-02,Mérida Mexico Temple,29,2,country,Mexico
2026-10-02,Nairobi Kenya Temple,25,0,country,Kenya
2026-10-02,Nashville Tennessee Temple,176,3,state,Tennessee
2026-10-02,Nauvoo Illinois Temple,208,0,state,Illinois
2026-10-02,Newport Beach California Temple,218,2,state,California
2026-10-02,Nuku'alofa Tonga Temple,21,0,country,Tonga
2026-10-02,Oakland California Temple,175,1,state,California
2026-10-02,Oaxaca Mexico Temple,17,2,country,Mexico
2026-10-02,Oklahoma City Oklahoma Temple,111,2,state,Oklahoma
2026-10-02,Orem Utah Temple,971,5,state,Utah
2026-10-02,Palmyra New York Temple,82,1,state,New York
2026-10-02,Panama City Panama Temple,2,0,country,Panama
2026-10-02,Papeete Tahiti Temple,244,4,country,French Polynesia
2026-10-02,Paris France Temple,139,3,country,France
2026-10-02,Payson Utah Temple,1382,9,state,Utah
2026-10-02,Perth Australia Temple,56,0,country,Australia
2026-10-02,Phnom Penh Cambodia Temple,19,2,country,Cambodia
2026-10-02,Pittsburgh Pennsylvania Temple,69,3,state,Pennsylvania
2026-10-02,Pocatello Idaho Temple,486,4,state,Idaho
2026-10-02,Portland Oregon Temple,265,2,state,Oregon
2026-10-02,Porto Alegre Brazil Temple,125,6,country,Brazil
2026-10-02,Praia Cape Verde Temple,1,0,country,Cape Verde
2026-10-02,Preston England Temple,213,1,country,United Kingdom
2026-10-02,Provo City Center Temple,1350,5,state,Utah
2026-10-02,Puebla Mexico Temple,126,0,country,Mexico
2026-10-02,Quetzaltenango Guatemala Temple,7,1,country,Guatemala
2026-10-02,Quito Ecuador Temple,119,5,country,Ecuador
2026-10-02,Raleigh North Carolina Temple,209,3,state,North Carolina
2026-10-02,Red Cliffs Utah Temple,809,6,state,Utah
2026-10-02,Redlands California Temple,262,4,state,California
2026-10-02,Regina Saskatchewan Temple,33,0,country,Canada
2026-10-02,Reno Nevada Temple,151,1,state,Nevada
2026-10-02,Rexburg Idaho Temple,1109,2,state,Idaho
2026-10-02,Richmond Virginia Temple,188,2,state,Virginia
2026-10-02,Rio de Janeiro Brazil Temple,50,0,country,Brazil
2026-10-02,Sacramento California Temple,191,1,state,California
2026-10-02,Salta Argentina Temple,5,0,country,Argentina
2026-10-02,San Antonio Texas Temple,273,5,state,Texas
2026-10-02,San Diego California Temple,504,5,state,California
2026-10-02,San Juan Puerto Rico Temple,82,0,country,Puerto Rico
2026-10-02,San Pedro Sula Honduras Temple,31,2,country,Honduras
2026-10-02,San Salvador El Salvador Temple,51,1,country,El Salvador
2026-10-02,Santiago Chile Temple,283,8,country,Chile
2026-10-02,Sapporo Japan Temple,114,0,country,Japan
2026-10-02,Saratoga Springs Utah Temple,808,8,state,Utah
2026-10-02,Seattle Washington Temple,163,3,state,Washington
2026-10-02,Seoul Korea Temple,89,0,country,South Korea
2026-10-02,Spokane Washington Temple,362,3,state,Washington
2026-10-02,St. George Utah Temple,888,9,state,Utah
2026-10-02,Sydney Australia Temple,116,0,country,Australia
2026-10-02,Syracuse Utah Temple,653,2,state,Utah
2026-10-02,São Paulo Brazil Temple,319,4,country,Brazil
2026-10-02,Taipei Taiwan Temple,90,2,country,Taiwan
2026-10-02,Tallahassee Florida Temple,170,6,state,Florida
2026-10-02,Tampico Mexico Temple,23,0,country,Mexico
2026-10-02,Taylorsville Utah Temple,1174,8,state,Utah
2026-10-02,Tegucigalpa Honduras Temple,74,2,country,Honduras
2026-10-02,The Gila Valley Arizona Temple,226,5,state,Arizona
2026-10-02,The Hague Netherlands Temple,51,0,country,Netherlands
2026-10-02,Tijuana Mexico Temple,31,0,country,Mexico
2026-10-02,Tokyo Japan Temple,208,0,country,Japan
2026-10-02,Toronto Ontario Temple,128,1,country,Canada
2026-10-02,Tucson Arizona Temple,245,4,state,Arizona
2026-10-02,Tuxtla Gutiérrez Mexico Temple,8,1,country,Mexico
2026-10-02,Urdaneta Philippines Temple,236,14,country,Philippines
2026-10-02,Vancouver British Columbia Temple,77,0,country,Canada
2026-10-02,Veracruz Mexico Temple,17,1,country,Mexico
2026-10-02,Vernal Utah Temple,366,2,state,Utah
2026-10-02,Villahermosa Mexico Temple,28,0,country,Mexico
2026-10-02,Washington D.C. Temple,375,3,state,Maryland
2026-10-02,Willamette Valley Oregon Temple,112,1,state,Oregon
2026-10-02,Winnipeg Manitoba Temple,15,0,country,Canada
2026-10-02,Winter Quarters Nebraska Temple,101,0,state,Nebraska
2026-10-02,Yorba Linda California Temple,160,1,state,California
2026-10-03,Aba Nigeria Temple,39,12,country,Nigeria
2026-10-03,Abidjan Ivory Coast Temple,33,2,country,Ivory Coast
2026-10-03,Adelaide Australia Temple,11,0,country,Australia
2026-10-03,Alabang Philippines Temple,99,4,country,Philippines
2026-10-03,Apia Samoa Temple,144,7,country,Samoa
2026-10-03,Auckland New Zealand Temple,409,7,country,New Zealand
2026-10-03,Bacolod Philippines Temple,137,0,country,Philippines
2026-10-03,Belém Brazil Temple,0,0,country,Brazil
2026-10-03,Bern Switzerland Temple,161,3,country,Switzerland
2026-10-03,Brisbane Australia Temple,320,3,country,Australia
2026-10-03,Cebu City Philippines Temple,70,0,country,Philippines
2026-10-03,Ciudad Juárez Mexico Temple,6,0,country,Mexico
2026-10-03,Copenhagen Denmark Temple,74,0,country,Denmark
2026-10-03,Davao Philippines Temple,150,5,country,Philippines
2026-10-03,Durban South Africa Temple,20,2,country,South Africa
2026-10-03,Freiberg Germany Temple,43,0,country,Germany
2026-10-03,Hamilton New Zealand Temple,137,2,country,New Zealand
2026-10-03,Harare Zimbabwe Temple,31,6,country,Zimbabwe
2026-10-03,Hong Kong China Temple,107,0,country,Hong Kong
2026-10-03,Johannesburg South Africa Temple,102,3,country,South Africa
2026-10-03,Kyiv Ukraine Temple,0,0,country,Ukraine
2026-10-03,London England Temple,140,3,country,United Kingdom
2026-10-03,Madrid Spain Temple,146,3,country,Spain
2026-10-03,Manila Philippines Temple,165,10,country,Philippines
2026-10-03,Nairobi Kenya Temple,15,0,country,Kenya
2026-10-03,Paris France Temple,86,1,country,France
2026-10-03,Perth Australia Temple,52,1,country,Australia
2026-10-03,Phnom Penh Cambodia Temple,56,5,country,Cambodia
2026-10-03,Preston England Temple,214,1,country,United Kingdom
2026-10-03,Sapporo Japan Temple,114,0,country,Japan
2026-10-03,Seoul Korea Temple,327,0,country,South Korea
2026-10-03,Sydney Australia Temple,139,2,country,Australia
2026-10-03,Taipei Taiwan Temple,280,8,country,Taiwan
2026-10-03,The Hague Netherlands Temple,91,0,country,Netherlands
2026-10-03,Tokyo Japan Temple,309,3,country,Japan
2026-10-03,Urdaneta Philippines Temple,250,4,country,Philippines
2026-10-05,Mount Timpanogos Utah Temple,396,3,state,Utah
2026-10-06,Abidjan Ivory Coast Temple,27,3,country,Ivory Coast
2026-10-06,Apia Samoa Temple,334,7,country,Samoa
2026-10-06,Auckland New Zealand Temple,304,4,country,New Zealand
2026-10-06,Bacolod Philippines Temple,64,1,country,Philippines
2026-10-06,Bangkok Thailand Temple,50,8,country,Thailand
2026-10-06,Bern Switzerland Temple,85,0,country,Switzerland
2026-10-06,Billings Montana Temple,14,0,state,Montana
2026-10-06,Bountiful Utah Temple,47,0,state,Utah
2026-10-06,Brigham City Utah Temple,59,0,state,Utah
2026-10-06,Buenos Aires Argentina Temple,56,0,country,Argentina
2026-10-06,Campinas Brazil Temple,21,0,country,Brazil
2026-10-06,Cebu City Philippines Temple,64,2,country,Philippines
2026-10-06,Columbia River Washington Temple,11,0,state,Washington
2026-10-06,Concepción Chile Temple,10,0,country,Chile
2026-10-06,Córdoba Argentina Temple,2,0,country,Argentina
2026-10-06,Dallas Texas Temple,16,0,state,Texas
2026-10-06,Deseret Peak Utah Temple,15,0,state,Utah
2026-10-06,Draper Utah Temple,60,0,state,Utah
2026-10-06,Durban South Africa Temple,49,18,country,South Africa
2026-10-06,Freiberg Germany Temple,54,0,country,Germany
2026-10-06,Hamilton New Zealand Temple,180,0,country,New Zealand
2026-10-06,Harare Zimbabwe Temple,26,5,country,Zimbabwe
2026-10-06,Hong Kong China Temple,152,0,country,Hong Kong
2026-10-06,Houston Texas Temple,10,0,state,Texas
2026-10-06,Idaho Falls Idaho Temple,92,0,state,Idaho
2026-10-06,Johannesburg South Africa Temple,49,8,country,South Africa
2026-10-06,Kinshasa Democratic Republic of the Congo Temple,140,44,country,Democratic Republic of the Congo
2026-10-06,Lima Peru Temple,11,0,country,Peru
2026-10-06,Lindon Utah Temple,72,0,state,Utah
2026-10-06,London England Temple,155,0,country,United Kingdom
2026-10-06,Madrid Spain Temple,43,1,country,Spain
2026-10-06,Meridian Idaho Temple,81,0,state,Idaho
2026-10-06,Mount Timpanogos Utah Temple,100,0,state,Utah
2026-10-06,Nairobi Kenya Temple,35,17,country,Kenya
2026-10-06,Nauvoo Illinois Temple,41,0,state,Illinois
2026-10-06,Oakland California Temple,28,0,state,California
2026-10-06,Ogden Utah Temple,51,0,state,Utah
2026-10-06,Oquirrh Mountain Utah Temple,50,0,state,Utah
2026-10-06,Orem Utah Temple,52,0,state,Utah
2026-10-06,Paris France Temple,128,0,country,France
2026-10-06,Phnom Penh Cambodia Temple,31,4,country,Cambodia
2026-10-06,Pocatello Idaho Temple,44,0,state,Idaho
2026-10-06,Provo City Center Temple,167,0,state,Utah
2026-10-06,Raleigh North Carolina Temple,37,0,state,North Carolina
2026-10-06,Recife Brazil Temple,9,0,country,Brazil
2026-10-06,Red Cliffs Utah Temple,38,0,state,Utah
2026-10-06,Rexburg Idaho Temple,123,0,state,Idaho
2026-10-06,Rome Italy Temple,125,1,country,Italy
2026-10-06,Santiago Chile Temple,54,2,country,Chile
2026-10-06,Santo Domingo Dominican Republic Temple,2,0,country,Dominican Republic
2026-10-06,Saratoga Springs Utah Temple,43,0,state,Utah
2026-10-06,Seattle Washington Temple,9,0,state,Washington
2026-10-06,Seoul Korea Temple,105,1,country,South Korea
2026-10-06,St. George Utah Temple,35,0,state,Utah
2026-10-06,Sydney Australia Temple,62,0,country,Australia
2026-10-06,Syracuse Utah Temple,52,0,state,Utah
2026-10-06,São Paulo Brazil Temple,95,0,country,Brazil
2026-10-06,Taipei Taiwan Temple,67,0,country,Taiwan
2026-10-06,Taylorsville Utah Temple,100,0,state,Utah
2026-10-06,Tokyo Japan Temple,46,0,country,Japan
2026-10-06,Trujillo Peru Temple,7,0,country,Peru
2026-10-06,Twin Falls Idaho Temple,35,0,state,Idaho
2026-10-06,Vancouver British Columbia Temple,10,0,country,Canada
2026-10-06,Vernal Utah Temple,23,0,state,Utah
